id;n1;n17;n18;n20;n21;n29;n35;n46;n47;n48;n51;n53;n55;n56;n57;n58;n59;n74;n76;n81;n110;id_etablissement;id_filiere
1;2025;43.527, 5.45958;29;197;662;71;178;98;28;6;11;28;1;26;26;0;0;39;100;4;32432;329;11245
2;2025;48.8384, 2.30218;9;15;26;10;22;20;10;7;5;10;1;7;1;2;4;50;100;14;25044;2909;5768
3;2025;48.4042, 2.79735;12;28;24;8;9;9;6;6;6;6;2;6;0;0;6;100;100;33;48388;3030;3041
4;2025;45.7796, 4.92266;50;135;363;172;132;133;38;14;37;37;2;35;20;15;0;97;97;6;39287;2586;7395
5;2025;48.8799, 2.36576;45;135;202;23;136;156;24;12;13;16;2;20;12;5;3;54;67;10;23905;2864;9863
6;2025;45.8918, 6.11922;15;171;218;45;197;67;15;12;3;13;4;15;15;0;0;20;87;27;35926;2763;8535
7;2025;45.7514, 4.82694;40;285;333;46;300;193;42;38;19;42;1;37;36;1;0;45;100;3;25441;2535;8408
8;2025;45.7514, 4.82694;20;154;208;49;192;113;18;17;7;18;2;15;13;2;0;39;100;13;35842;2535;1454
9;2025;45.7514, 4.82694;25;213;290;45;261;108;28;20;8;28;1;23;23;0;0;29;100;4;25443;2535;316
10;2025;45.7514, 4.82694;22;209;216;60;195;104;21;18;7;19;1;18;17;0;1;33;90;6;25442;2535;2478
11;2025;45.7514, 4.82694;15;145;165;29;149;76;18;15;4;18;2;17;16;1;0;22;100;12;28436;2535;9796
12;2025;45.7514, 4.82694;90;61;69;14;59;70;12;8;10;12;0;10;10;0;0;83;100;0;41084;2535;4381
13;2025;45.7514, 4.82694;40;96;86;29;75;86;23;20;15;21;1;10;10;0;0;65;91;10;41085;2535;5534
14;2025;45.7514, 4.82694;180;352;361;67;323;338;70;63;42;66;5;57;52;4;1;60;94;9;41086;2535;12216
15;2025;45.7514, 4.82694;90;68;72;27;60;68;14;11;13;13;1;8;7;0;1;93;93;12;41087;2535;11361
16;2025;45.7514, 4.82694;60;20;25;10;23;24;2;0;2;2;0;1;1;0;0;100;100;0;41215;2535;6886
17;2025;45.7514, 4.82694;20;41;23;8;21;26;2;2;2;2;0;0;0;0;0;100;100;0;41219;2535;4754
18;2025;45.7514, 4.82694;60;135;121;26;104;114;23;19;14;19;2;19;15;4;0;61;83;11;41217;2535;12370
19;2025;45.7514, 4.82694;60;36;28;7;27;31;2;2;2;2;0;1;1;0;0;100;100;0;41216;2535;496
20;2025;47.7461, -3.39083;36;69;130;39;130;148;18;8;6;16;1;7;5;2;0;33;89;14;36352;1865;6404
21;2025;46.7771, 4.85594;15;9;30;18;7;8;3;0;3;3;0;3;1;2;0;100;100;0;48487;2671;7399
22;2025;47.4629, -0.54627;90;149;193;62;180;210;43;28;28;31;3;29;21;3;5;65;72;10;5873;1651;11727
23;2025;47.4629, -0.54627;10;8;19;7;13;17;2;0;2;2;0;0;0;0;0;100;100;0;5874;1651;1901
24;2025;43.605, 1.43509;60;142;277;37;120;120;65;32;42;64;10;62;53;9;0;65;98;16;17002;920;8577
25;2025;50.6337, 3.0451;48;56;32;12;25;39;12;9;6;9;0;7;3;4;0;50;75;0;32446;2012;12014
26;2025;47.4804, -0.60013;50;253;209;67;100;148;34;21;11;25;2;19;14;5;0;32;74;11;30991;1618;12479
27;2025;50.6337, 3.04508;48;30;42;13;29;36;11;8;8;10;1;6;4;2;0;73;91;17;32444;2012;7896
28;2025;48.8481, 2.32917;25;271;64;25;25;102;28;19;2;15;1;21;21;0;0;7;54;5;44670;2876;3819
29;2025;48.8481, 2.32917;25;77;41;9;27;76;12;9;1;8;1;11;11;0;0;8;67;9;29104;2876;11490
30;2025;48.8481, 2.32917;25;81;54;16;39;86;19;8;3;16;0;17;16;0;1;16;84;0;29105;2876;8995
31;2025;48.8481, 2.32917;25;132;197;33;150;128;28;19;14;21;1;26;26;0;0;50;75;4;36214;2876;105
32;2025;42.6643, 2.90932;22;135;182;88;91;87;25;22;8;24;3;20;3;16;1;32;96;15;29809;2391;1289
33;2025;49.4495, 1.09588;25;92;156;80;131;98;25;13;3;23;0;5;1;2;2;12;92;0;29752;3023;6833
34;2025;43.5784, 1.40266;35;443;369;113;196;134;33;23;7;30;6;28;27;1;0;21;91;21;30884;919;4789
35;2025;47.48038, -0.60004;30;124;164;61;85;86;24;14;7;18;2;15;12;2;1;29;75;13;30992;1618;12580
36;2025;48.9139, 2.41892;50;975;460;126;110;106;49;29;19;44;10;44;43;1;0;39;90;23;13959;3660;11952
37;2025;48.83754, 2.33072;90;450;706;161;375;194;92;57;33;90;1;73;70;2;1;36;98;1;28704;2874;7928
38;2025;47.9027, 1.91046;15;196;255;85;50;35;16;14;4;16;0;12;10;0;2;25;100;0;48333;1532;4035
39;2025;47.25, 6.03333;5;13;47;17;1;1;0;0;0;0;0;0;0;0;0;0;0;0;41359;694;9592
40;2025;47.25, 6.03333;5;14;43;16;1;1;0;0;0;0;0;0;0;0;0;0;0;0;41358;694;8014
41;2025;47.25, 6.03333;5;12;59;20;1;1;0;0;0;0;0;0;0;0;0;0;0;0;41357;694;1028
42;2025;44.33333, 2.56667;1;5;13;6;0;0;0;0;0;0;0;0;0;0;0;0;0;0;37641;270;5954
43;2025;44.33333, 2.56667;1;9;29;10;0;4;1;1;0;0;0;1;0;1;0;0;0;0;37642;270;8306
44;2025;44.33333, 2.56667;2;9;25;10;0;1;0;0;0;0;0;0;0;0;0;0;0;0;37653;270;4537
45;2025;45.7069, 4.93958;10;30;133;41;12;12;6;0;6;6;0;3;0;2;1;100;100;0;37574;2625;1784
46;2025;49.7631, 0.37093;4;2;14;14;14;13;4;1;1;4;0;0;0;0;0;25;100;0;39848;3006;319
47;2025;48.6556, -1.96925;7;2;14;14;13;10;7;0;4;7;0;0;0;0;0;57;100;0;39849;1185;484
48;2025;43.0986, 5.82081;12;37;261;35;111;36;13;2;5;13;2;13;3;4;6;38;100;15;36496;3295;5425
49;2025;46.1548, -1.1806;4;7;20;20;20;8;4;2;2;4;0;0;0;0;0;50;100;0;39845;501;10083
50;2025;47.797, -4.27069;4;7;20;20;20;8;4;0;1;4;0;0;0;0;0;25;100;0;39844;815;7378
51;2025;43.4192, 3.67295;4;7;20;20;20;8;4;2;2;4;0;0;0;0;0;50;100;0;39846;1117;6127
52;2025;50.7198, 1.5864;0;6;19;19;19;14;0;0;0;0;0;0;0;0;0;0;0;0;39843;2249;7671
53;2025;42.6929, 9.45279;4;7;19;19;19;12;4;2;0;4;0;0;0;0;0;0;100;0;39842;3847;1124
54;2025;48.134, -1.68403;10;21;168;40;125;54;13;3;0;11;1;9;0;4;5;0;85;11;17433;1146;12150
55;2025;48.2016, 3.30365;4;3;39;8;31;15;3;0;1;3;1;3;1;1;1;33;100;33;39951;3473;785
56;2025;47.6326, 6.16347;8;10;76;6;67;11;8;1;5;8;1;7;4;1;2;62;100;14;29806;2639;7925
57;2025;43.126, 5.97776;3;11;78;8;16;10;3;0;0;2;0;3;0;2;1;0;67;0;22027;3306;1979
58;2025;48.2016, 3.30365;4;9;40;12;31;17;2;0;1;2;1;2;0;1;1;50;100;50;39952;3473;2
59;2025;47.6326, 6.16347;7;12;96;19;79;16;7;1;4;7;1;7;5;2;0;57;100;14;29685;2639;778
60;2025;48.4075, -4.48218;4;10;72;5;12;13;4;0;2;4;0;3;0;2;1;50;100;0;19590;776;7758
61;2025;43.126, 5.97776;3;9;81;12;27;10;3;0;0;3;0;3;1;0;2;0;100;0;22028;3306;5037
62;2025;48.7998, 2.06806;80;81;845;139;255;175;72;3;27;71;11;71;32;29;10;38;99;15;19449;3103;4345
63;2025;48.4075, -4.48218;12;22;212;29;36;23;12;0;5;12;1;12;7;0;5;42;100;8;24737;776;9793
64;2025;;3;48;261;49;0;0;0;0;0;0;0;0;0;0;0;0;0;0;22934;2525;5306
65;2025;43.126, 5.97776;3;29;165;27;60;14;2;0;1;1;1;2;0;1;1;50;50;50;22030;3306;10218
66;2025;48.4075, -4.48218;12;18;113;13;19;25;9;1;4;8;0;9;4;2;3;44;89;0;19593;776;1514
67;2025;43.126, 5.97776;6;17;154;12;69;17;6;1;1;6;1;5;0;1;4;17;100;20;22029;3306;665
68;2025;45.7527, 4.79112;4;4;79;8;79;22;4;0;0;2;2;4;1;0;3;0;50;50;20950;2525;7574
69;2025;48.4075, -4.48218;4;8;97;9;15;8;4;2;0;4;0;3;0;2;1;0;100;0;19591;776;11674
70;2025;47.749, -3.39277;3;2;35;2;4;4;1;0;1;1;0;1;0;1;0;100;100;0;29774;1847;6902
71;2025;47.749, -3.39277;3;0;30;1;6;5;1;0;1;1;0;1;0;0;1;100;100;0;29776;1847;5167
72;2025;43.1146, 5.8559;4;5;68;9;20;14;4;0;2;4;0;4;2;1;1;50;100;0;10375;3284;1279
73;2025;49.6296, -1.60654;30;34;220;29;59;56;30;5;16;29;3;28;10;9;9;53;97;11;39922;1657;6010
74;2025;43.1146, 5.8559;6;15;147;10;68;30;7;2;1;7;0;7;2;3;2;14;100;0;10374;3284;6795
75;2025;48.4075, -4.48218;4;10;99;12;12;8;4;0;1;4;0;3;3;0;0;25;100;0;19592;776;11181
76;2025;44.8017, -0.59283;18;87;258;46;104;65;13;3;3;9;3;11;2;6;3;23;69;27;4314;989;9333
77;2025;48.5841, -3.83541;26;167;209;47;78;57;24;18;8;24;0;20;14;6;0;33;100;0;14016;831;1441
78;2025;45.64246, 5.87112;14;92;239;46;79;36;12;8;8;11;1;10;7;3;0;67;92;10;8843;2724;12640
79;2025;45.7487, 4.83676;31;1444;2041;560;514;77;34;32;12;34;4;25;16;9;0;35;100;16;36123;2606;8901
80;2025;50.7371, 2.2599;28;279;395;80;291;148;21;19;7;21;5;16;8;8;0;33;100;31;39673;2258;8495
81;2025;48.8624, 2.4638;14;193;353;117;16;16;9;6;7;9;0;3;2;1;0;78;100;0;35790;3690;11666
82;2025;48.5302, 7.73701;9;51;224;48;39;26;11;6;3;11;1;11;9;2;0;27;100;9;7968;2421;5294
83;2025;49.6338, -1.64833;24;28;173;26;51;42;24;4;17;23;0;22;17;5;0;71;96;0;48517;1682;11463
84;2025;45.9208, 6.154;14;10;178;24;49;25;15;1;5;14;1;14;12;2;0;33;93;7;8908;2748;12730
85;2025;47.7302, 7.29974;10;26;171;35;49;29;12;1;5;11;0;10;8;2;0;42;92;0;8136;2478;10663
86;2025;48.8164, 7.78656;14;16;116;28;24;16;8;2;4;8;0;8;7;1;0;50;100;0;18385;2444;10514
87;2025;48.3989, -4.50379;8;20;137;22;27;22;4;0;1;4;0;3;3;0;0;25;100;0;48966;807;2409
88;2025;48.5302, 7.73701;4;43;76;20;9;5;2;2;1;2;0;1;1;0;0;50;100;0;44668;2421;894
89;2025;48.9494, 2.23342;15;43;154;38;55;23;18;3;12;17;5;17;0;0;17;67;94;29;21819;3819;8802
90;2025;45.64246, 5.87112;20;97;256;51;227;110;24;11;6;22;1;21;16;5;0;25;92;5;8839;2724;12130
91;2025;45.64246, 5.87112;20;23;179;29;168;106;22;1;10;22;3;21;15;6;0;45;100;14;8842;2724;6850
92;2025;48.5302, 7.73701;4;86;169;29;16;10;2;1;0;2;0;2;2;0;0;0;100;0;44669;2421;3584
93;2025;48.9752, 2.37659;14;223;402;110;53;45;15;7;8;15;5;15;0;0;15;53;100;33;25199;3824;6232
94;2025;48.0774, 7.3712;31;194;369;65;73;63;32;22;18;30;1;26;24;2;0;56;94;4;8119;2470;12838
95;2025;45.76668, 4.88686;56;579;1551;325;998;228;57;23;23;52;9;43;19;24;0;40;91;21;8494;2574;12729
96;2025;49.0315, 2.07513;20;36;108;18;46;54;13;1;3;12;0;11;10;1;0;23;92;0;47483;3812;7463
97;2025;51.03629, 2.37997;80;142;261;72;151;151;39;17;31;38;5;28;21;7;0;79;97;18;25115;2084;6884
98;2025;48.8937, 2.38106;10;246;384;102;47;26;9;7;4;9;0;8;8;0;0;44;100;0;19485;2840;12591
99;2025;48.8937, 2.38106;37;400;621;139;123;68;37;24;21;36;3;34;34;0;0;57;97;9;13695;2840;4442
100;2025;48.8375, 2.33072;25;102;191;49;116;70;28;17;4;28;0;24;24;0;0;14;100;0;29807;2874;1891
101;2025;48.0164, 0.16211;16;22;70;25;32;32;5;0;5;5;0;4;4;0;0;100;100;0;19641;2689;12175
102;2025;46.5685, 0.37941;16;252;333;119;64;26;18;15;13;17;1;18;18;0;0;72;94;6;21024;3390;4340
103;2025;47.8502, 1.93351;20;198;230;75;99;58;14;14;2;14;0;13;13;0;0;14;100;0;18250;1531;12325
104;2025;43.91194, 4.89018;20;94;103;29;28;36;6;3;4;4;1;4;4;0;0;67;67;25;48376;3328;750
105;2025;43.9123, 4.88951;25;41;59;21;24;26;4;3;4;4;0;3;3;0;0;100;100;0;14971;3328;6815
106;2025;47.48113, -0.6006;15;47;75;23;31;31;4;2;3;4;0;2;2;0;0;75;100;0;35822;1618;3258
107;2025;43.5608, 1.46936;36;429;581;210;424;233;26;21;0;16;3;14;14;0;0;0;62;21;35878;959;5361
108;2025;43.5608, 1.46936;36;106;309;110;196;169;28;6;7;27;2;17;17;0;0;25;96;12;35886;959;6845
109;2025;48.83513, 2.29284;35;617;1788;442;424;137;35;11;3;28;6;27;27;0;0;9;80;22;16832;2942;3761
110;2025;43.31626, -0.36509;20;39;72;17;27;34;11;6;5;8;1;6;6;0;0;45;73;17;35764;2358;3372
111;2025;49.01674, 2.07469;20;73;100;37;21;41;20;3;3;15;1;8;8;0;0;15;75;12;17560;3830;12169
112;2025;48.85083, 2.34123;16;68;307;126;119;53;16;6;13;16;1;13;13;0;0;81;100;8;17972;2933;2263
113;2025;46.1476, -1.15511;20;102;380;82;234;112;15;6;0;14;0;15;15;0;0;0;93;0;15535;504;7693
114;2025;47.23357, 6.02578;18;25;53;14;24;29;12;6;8;12;2;10;10;0;0;67;100;20;15172;696;10510
115;2025;43.9499, 4.81762;20;30;63;18;53;46;15;4;7;15;1;13;12;1;0;47;100;8;16373;3328;12517
116;2025;43.31626, -0.36509;10;34;58;17;34;29;8;3;2;8;3;8;7;1;0;25;100;38;49112;2358;2845
117;2025;46.5685, 0.37942;12;18;34;6;19;20;7;2;5;7;0;7;7;0;0;71;100;0;21021;3390;7099
118;2025;43.9499, 4.81762;20;23;31;7;21;23;13;8;12;13;2;11;11;0;0;92;100;18;21198;3328;4471
119;2025;47.2336, 6.02566;18;13;19;4;14;14;6;4;6;6;1;5;4;0;1;100;100;20;23358;696;2055
120;2025;48.5799, 7.76381;20;69;363;80;77;46;20;2;9;19;2;19;19;0;0;45;95;11;15964;2450;5312
121;2025;48.5799, 7.76384;20;77;341;91;77;52;20;5;5;18;4;15;15;0;0;25;90;27;15965;2450;1457
122;2025;45.6415, 5.87052;15;25;160;36;49;44;12;1;5;12;1;12;11;1;0;42;100;8;18369;2725;3050
123;2025;43.6321, 3.8653;40;90;524;147;141;112;41;8;23;41;7;38;38;0;0;56;100;18;15051;1136;1222
124;2025;43.9095, 4.88902;20;50;228;47;83;68;18;3;5;17;2;18;16;2;0;28;94;11;23359;3328;9836
125;2025;49.2436, 4.06271;17;42;137;33;35;32;11;2;6;11;1;8;8;0;0;55;100;12;19443;1707;4814
126;2025;46.1476, -1.15511;20;60;245;60;139;88;11;0;0;10;2;8;8;0;0;0;91;25;15536;504;2592
127;2025;47.8466, 1.93763;20;70;138;46;45;50;2;2;0;2;0;0;0;0;0;0;100;0;23357;1531;4530
128;2025;44.8081, -0.59556;10;36;148;31;74;53;10;3;3;9;3;10;10;0;0;30;90;30;20670;1055;6861
129;2025;44.8081, -0.59556;10;75;270;58;93;69;12;5;3;9;3;12;12;0;0;25;75;25;48585;1055;5471
130;2025;43.31389, -0.36375;10;37;122;23;44;34;3;2;1;3;0;3;3;0;0;33;100;0;29033;2359;9501
131;2025;46.1476, -1.15511;10;53;154;25;143;44;10;3;2;9;3;10;10;0;0;20;90;30;29027;504;5741
132;2025;47.6451, -2.7454;10;44;125;43;70;47;4;0;1;4;1;3;3;0;0;25;100;33;36346;1866;7954
133;2025;48.85083, 2.34123;32;210;958;259;276;113;32;14;26;30;5;27;27;0;0;81;94;19;14108;2933;4577
134;2025;48.85083, 2.34123;32;264;747;208;275;141;29;15;20;28;1;22;22;0;0;69;97;5;17344;2933;11398
135;2025;47.48022, -0.60013;20;18;35;14;22;25;8;3;6;8;0;5;5;0;0;75;100;0;15635;1618;2230
136;2025;47.3564, 0.70306;15;37;122;28;46;39;19;5;13;19;3;19;19;0;0;68;100;16;41129;1238;2731
137;2025;47.25341, 5.99635;18;31;80;21;43;37;4;2;1;4;1;4;4;0;0;25;100;25;14107;696;10620
138;2025;47.4803, -0.60038;15;33;49;15;19;21;1;0;1;1;0;1;1;0;0;100;100;0;15636;1618;3179
139;2025;46.1476, -1.15511;15;41;110;25;56;59;11;3;10;11;2;10;10;0;0;91;100;20;15553;504;1878
140;2025;43.31389, -0.36375;30;33;94;24;40;43;3;0;3;3;0;2;2;0;0;100;100;0;29034;2359;4994
141;2025;47.2365, -1.55527;12;90;273;71;188;118;9;3;2;8;1;7;7;0;0;22;89;14;29134;1506;507
142;2025;47.2362, -1.55465;12;106;366;93;247;144;8;1;0;8;0;5;5;0;0;0;100;0;29133;1506;2521
143;2025;47.23605, -1.55481;12;79;283;70;200;124;11;0;1;9;1;7;7;0;0;9;82;14;29129;1506;2878
144;2025;44.8081, -0.59556;10;59;76;23;31;41;8;1;2;5;2;7;7;0;0;25;62;29;17898;1055;5635
145;2025;45.6415, 5.87052;15;42;79;21;44;39;11;5;8;11;1;7;7;0;0;73;100;14;18371;2725;2631
146;2025;47.2449, 5.98502;18;21;51;16;24;27;8;4;8;8;0;6;6;0;0;100;100;0;14077;696;1675
147;2025;49.0168, 2.07465;20;124;86;29;54;57;7;4;2;6;0;2;2;0;0;29;86;0;19728;3830;3916
148;2025;43.31389, -0.36375;10;20;32;7;13;15;3;2;1;2;0;2;2;0;0;33;67;0;29036;2359;10837
149;2025;46.1476, -1.15511;10;37;58;17;27;21;5;2;4;5;0;5;5;0;0;80;100;0;19224;504;5335
150;2025;48.66437, 6.15913;16;524;748;264;451;108;21;15;3;12;2;12;12;0;0;14;57;17;13935;1816;4631
151;2025;49.2436, 4.06262;25;117;129;49;78;83;10;3;1;9;0;7;7;0;0;10;90;0;6124;1707;1717
152;2025;43.31389, -0.36375;10;59;66;20;20;24;9;7;7;9;0;9;9;0;0;78;100;0;29035;2359;1025
153;2025;43.23151, 5.44163;25;270;359;133;160;95;28;20;14;27;2;21;21;0;0;50;96;10;18398;306;2335
154;2025;47.48016, -0.60034;15;61;75;28;17;17;2;2;2;2;1;2;2;0;0;100;100;50;15534;1618;10142
155;2025;43.9123, 4.8893;25;98;135;31;71;68;22;10;9;20;1;13;13;0;0;41;91;8;14978;3328;11427
156;2025;47.48014, -0.60022;20;62;113;33;86;57;20;10;7;20;2;18;18;0;0;35;100;11;15634;1618;8880
157;2025;43.3051, 5.37845;15;113;104;34;66;64;13;6;9;10;2;11;11;0;0;69;77;18;32791;389;4717
158;2025;43.3055, 5.3791;30;206;189;65;60;63;15;7;10;15;3;13;13;0;0;67;100;23;18403;389;7967
159;2025;43.2301, 5.44235;15;144;472;106;472;71;14;3;1;12;3;13;12;0;1;7;86;23;16662;306;4710
160;2025;44.8081, -0.59556;20;177;570;134;98;74;19;6;8;19;1;12;12;0;0;42;100;8;17897;1055;10679
161;2025;48.579, 7.7663;15;75;349;95;144;74;15;4;9;15;1;13;13;0;0;60;100;8;30536;2450;10802
162;2025;48.5807, 7.76654;15;68;191;64;74;61;14;2;7;13;3;12;11;1;0;50;93;25;15883;2450;425
163;2025;47.24479, 5.98843;18;36;128;38;10;12;2;1;2;2;0;2;2;0;0;100;100;0;14109;696;6946
164;2025;47.6411, 6.86419;18;39;121;38;92;75;7;2;1;7;0;5;5;0;0;14;100;0;15105;3485;4018
165;2025;48.8255, 2.199;24;399;1542;429;785;192;23;5;0;13;5;13;13;0;0;0;57;38;19393;3614;9898
166;2025;44.8081, -0.59556;60;257;1064;232;275;172;60;18;28;57;2;60;60;0;0;47;95;3;4378;1055;4838
167;2025;46.1476, -1.15511;20;302;406;171;317;132;15;14;1;9;1;9;9;0;0;7;60;11;20976;504;8055
168;2025;48.8424, 2.25496;48;847;1604;275;743;434;42;23;1;30;6;39;39;0;0;2;71;15;31368;2810;8714
169;2025;48.8975, 2.31987;48;1035;2065;395;1622;924;47;22;30;39;6;43;43;0;0;64;83;14;31364;2816;11528
170;2025;48.8272, 2.36236;48;1598;3247;437;1628;630;47;24;0;46;6;44;44;0;0;0;98;14;31360;2800;11214
171;2025;48.8817, 2.31967;48;820;1925;272;1554;545;46;20;14;42;10;41;41;0;0;30;91;24;31363;2784;1203
172;2025;48.8423, 2.33954;48;630;1464;240;907;489;45;18;0;40;3;43;43;0;0;0;89;7;31361;2779;10004
173;2025;45.7651, 4.83734;24;61;116;13;70;70;24;11;24;24;14;22;0;0;22;100;100;64;36347;2502;6558
174;2025;48.8362, 2.41008;30;76;162;18;89;44;31;17;20;30;14;31;0;0;31;65;97;45;43008;2796;1961
175;2025;14.7296, -60.9656;25;17;23;2;17;19;5;3;4;5;5;5;0;0;5;80;100;100;39559;3891;6408
176;2025;43.2746, 5.42654;24;82;146;9;81;63;26;15;11;26;10;26;0;0;26;42;100;38;2611;287;8045
177;2025;46.317, -0.48669;24;31;86;6;85;58;24;6;18;23;5;20;0;0;20;75;96;25;17641;3186;4366
178;2025;48.5826, 7.77046;30;55;107;12;100;83;29;15;10;25;11;24;0;0;24;34;86;46;7953;2411;3882
179;2025;48.8362, 2.41008;10;322;528;77;259;42;12;10;2;9;5;12;0;12;0;17;75;42;48271;2796;5333
180;2025;47.334, 5.06765;48;495;900;514;383;257;28;18;8;27;1;26;26;0;0;29;96;4;3208;569;1988
181;2025;43.2746, 5.42654;35;364;654;247;331;219;29;15;20;29;5;26;26;0;0;69;100;19;2598;287;483
182;2025;47.334, 5.06765;48;1002;1471;471;857;257;48;35;4;48;9;48;48;0;0;8;100;19;3207;569;9117
183;2025;48.8817, 2.31967;30;13;135;15;90;70;26;2;7;23;3;23;0;0;23;27;88;13;43007;2784;5845
184;2025;50.3583, 3.51076;24;10;60;7;50;46;9;0;5;9;4;9;0;0;9;56;100;44;48770;1989;5666
185;2025;43.8344, 4.37175;20;8;57;4;55;59;13;2;7;10;2;13;0;0;13;54;77;15;14543;849;3174
186;2025;46.6756, 4.37252;32;17;119;8;119;103;27;2;18;27;7;24;0;0;24;67;100;29;8641;2655;11075
187;2025;45.5638, 5.93454;24;16;109;6;95;65;23;1;18;23;13;23;0;0;23;78;100;57;20377;2709;841
188;2025;48.73333, -3.46667;28;45;299;60;173;106;28;3;9;27;3;27;27;0;0;32;96;11;43557;633;6675
189;2025;48.73333, -3.46667;14;43;189;44;130;90;10;4;2;10;1;8;8;0;0;20;100;12;43558;633;4437
190;2025;49.0432, 2.08428;45;496;1035;258;507;373;42;17;11;37;2;31;31;0;0;26;88;6;48010;3829;11953
191;2025;43.92, 2.139;25;185;438;80;390;221;27;14;1;22;2;25;25;0;0;4;81;8;44311;3248;5180
192;2025;47.8367, 1.94185;11;17;55;12;36;28;10;2;2;9;2;8;1;2;5;20;90;25;22233;1529;289
193;2025;49.275, 4.02893;12;34;70;29;46;34;8;4;8;8;3;8;0;0;8;100;100;38;41221;1690;7147
194;2025;48.85083, 2.34123;6;235;269;201;89;21;6;6;1;5;1;3;2;1;0;17;83;33;39286;2933;12531
195;2025;46.9909, 3.16285;4;396;470;350;74;13;4;4;0;4;0;2;2;0;0;0;100;0;39284;2938;10637
196;2025;47.2601, 6.0213;30;83;85;21;82;85;28;21;7;27;2;19;16;3;0;25;96;11;3520;677;2048
197;2025;48.6915, 6.17955;15;263;552;162;133;64;18;12;2;16;3;15;14;1;0;11;89;20;15021;1770;11729
198;2025;48.6129, 2.45817;23;203;447;161;185;97;22;8;3;19;4;18;13;5;0;14;86;22;13957;3488;9398
199;2025;44.8682, 1.20513;18;191;395;123;250;90;18;7;0;14;1;14;12;1;1;0;78;7;3434;656;5450
200;2025;43.5928, 1.46888;35;126;136;62;91;112;30;23;20;27;4;21;7;6;8;67;90;19;4114;910;5798
201;2025;43.20541, 2.33129;45;203;257;47;245;151;49;38;4;41;11;38;27;5;6;8;84;29;49453;250;11467
202;2025;48.8602, 2.45643;16;67;45;13;27;37;13;13;5;10;1;12;10;2;0;38;77;8;36337;3666;1302
203;2025;43.2406, 5.37807;15;137;278;88;49;38;15;8;7;15;2;14;13;1;0;47;100;14;45079;279;4959
204;2025;43.2406, 5.37807;15;369;606;152;68;26;16;11;12;16;9;16;15;0;1;75;100;56;36716;279;2874
205;2025;43.3407, 5.42315;20;7;53;3;40;35;20;0;15;20;6;19;0;0;19;75;100;32;13173;345;11072
206;2025;48.91097, 2.39142;2;8;9;8;3;3;3;3;3;3;0;0;0;0;0;100;100;0;28356;3692;8919
207;2025;48.91104, 2.39186;2;4;4;3;1;1;1;1;1;1;0;0;0;0;0;100;100;0;48255;3692;4211
208;2025;48.91133, 2.39142;3;4;5;3;2;2;2;2;2;2;0;0;0;0;0;100;100;0;28363;3692;10724
209;2025;48.91104, 2.39186;2;1;1;1;0;0;0;0;0;0;0;0;0;0;0;0;0;0;35193;3692;3078
210;2025;48.91156, 2.39142;2;7;8;6;3;2;2;2;2;2;0;0;0;0;0;100;100;0;28359;3692;7293
211;2025;48.91159, 2.39138;3;17;18;17;5;3;3;3;3;3;0;0;0;0;0;100;100;0;28360;3692;6018
212;2025;48.91104, 2.39186;2;7;7;6;2;2;2;2;2;2;0;0;0;0;0;100;100;0;35194;3692;6000
213;2025;48.91139, 2.39147;3;8;9;9;2;2;2;2;2;2;0;0;0;0;0;100;100;0;28361;3692;1063
214;2025;48.91144, 2.39147;3;41;48;42;4;3;3;2;3;3;0;0;0;0;0;100;100;0;28362;3692;1873
215;2025;48.91136, 2.39147;3;12;17;15;2;2;2;2;2;2;0;0;0;0;0;100;100;0;28364;3692;8978
216;2025;43.6037, 3.89946;10;57;124;35;79;50;9;4;2;6;1;5;5;0;0;22;67;20;37972;1136;5067
217;2025;-20.9017, 55.4852;48;73;190;25;142;129;22;7;11;21;10;21;13;8;0;50;95;48;36458;3958;7738
218;2025;48.8655, 2.27947;15;491;763;295;472;221;14;7;1;13;0;13;13;0;0;7;93;0;35743;2811;9306
219;2025;48.8655, 2.27947;33;1054;1361;559;852;308;33;29;23;25;9;31;31;0;0;70;76;29;33650;2811;2246
220;2025;43.6322, 3.8635;12;74;119;43;73;61;9;3;1;8;0;5;5;0;0;11;89;0;38000;1136;1858
221;2025;47.3914, 0.68952;40;207;313;97;216;189;29;14;21;29;3;27;27;0;0;72;100;11;36462;1238;3606
222;2025;43.6321, 3.8632;12;69;115;43;77;48;12;5;4;11;0;10;10;0;0;33;92;0;38001;1136;6576
223;2025;50.3627, 3.52793;25;111;126;41;91;83;10;4;2;10;1;8;8;0;0;20;100;12;36468;2116;11903
224;2025;50.323, 3.51415;25;82;148;41;112;91;15;4;8;15;2;9;9;0;0;53;100;22;36469;2116;2903
225;2025;45.7331, 4.83401;24;499;859;198;450;156;25;17;15;23;2;23;23;0;0;60;92;9;36724;2618;6672
226;2025;45.7331, 4.83401;24;354;670;208;450;197;25;14;8;21;3;23;23;0;0;32;84;13;36722;2618;6084
227;2025;48.579, 7.7663;25;251;302;134;167;138;13;9;4;13;0;10;10;0;0;31;100;0;34332;2450;8094
228;2025;48.579, 7.7663;25;373;564;175;264;99;25;22;5;25;5;25;25;0;0;20;100;20;41268;2450;7511
229;2025;47.245, 5.98777;24;107;265;74;194;130;16;4;10;16;2;14;14;0;0;62;100;14;37994;696;6593
230;2025;48.8806, 2.37642;75;8018;9303;5376;5673;2308;67;57;40;57;11;32;18;8;6;60;85;34;36501;2940;2204
231;2025;43.6267, 3.90491;9;74;99;67;42;16;9;7;3;6;0;1;0;1;0;33;67;0;25861;1125;11167
232;2025;50.6, 3.03287;9;34;47;25;16;15;4;4;3;4;0;2;0;2;0;75;100;0;32704;2063;11807
233;2025;47.64462, -2.74638;12;44;53;32;7;7;7;6;6;7;0;2;0;0;2;86;100;0;43121;1853;1842
234;2025;43.6412, 3.85396;25;62;420;98;77;48;24;4;11;22;2;17;13;3;1;46;92;12;21500;1136;4799
235;2025;45.781, 4.86342;28;35;67;17;47;64;16;7;4;12;0;8;4;2;2;25;75;0;21548;2572;8735
236;2025;46.5625, 0.38555;24;45;113;31;113;81;24;7;7;21;0;17;10;4;3;29;88;0;22751;3390;11468
237;2025;45.7811, 4.86338;58;99;318;72;83;90;56;6;39;54;5;45;21;16;8;70;96;11;8339;2572;10022
238;2025;45.6415, 5.87052;28;120;451;79;451;61;28;7;9;28;4;23;15;3;5;32;100;17;21477;2725;9475
239;2025;46.5625, 0.3855;14;74;249;53;203;45;14;3;5;11;4;13;5;5;3;36;79;31;22752;3390;8396
240;2025;45.78103, 4.8634;28;101;363;102;45;52;28;14;16;25;1;13;9;2;2;57;89;8;8337;2572;1593
241;2025;45.78101, 4.86343;31;144;355;95;65;77;35;22;12;27;1;13;6;5;2;34;77;8;8338;2572;5390
242;2025;47.3107, 5.07592;63;151;472;100;469;296;61;27;28;51;6;48;20;20;8;46;84;12;3246;598;6897
243;2025;49.2327, 4.00789;18;14;215;51;215;54;18;2;5;18;4;13;11;1;1;28;100;31;44814;1707;5187
244;2025;49.2327, 4.00789;18;41;169;23;169;68;18;2;4;12;2;17;8;4;5;22;67;12;48195;1707;7918
245;2025;50.9527, 1.87896;20;19;51;11;44;46;16;9;9;16;0;9;8;1;0;56;100;0;28421;2210;6431
246;2025;45.7604, 3.10768;20;33;96;24;70;42;16;3;8;15;1;11;7;3;1;50;94;9;12396;2311;10479
247;2025;47.4954, 6.80407;20;72;221;53;221;107;19;4;5;17;1;11;7;1;3;26;89;9;21201;691;11854
248;2025;47.4954, 6.80407;10;28;66;12;44;41;7;3;3;7;0;6;3;3;0;43;100;0;27826;691;1897
249;2025;50.73464, 2.26068;40;44;158;25;10;10;1;1;1;1;0;0;0;0;0;100;100;0;7543;2265;2398
250;2025;50.9527, 1.87896;22;16;193;44;70;47;19;0;9;18;2;13;6;5;2;47;95;15;26925;2210;9951
251;2025;48.5783, 7.7658;45;193;193;79;153;159;34;22;7;31;4;12;4;1;7;21;91;33;8018;2450;5234
252;2025;48.8669, 2.35455;80;874;1597;1025;375;366;86;34;5;63;9;38;28;9;1;6;73;24;25372;2882;429
253;2025;43.2938, 5.40047;15;760;1169;407;139;59;15;9;0;12;1;4;1;3;0;0;80;25;24102;286;2648
254;2025;48.8308, 2.35242;12;1611;2487;782;75;23;12;7;5;12;2;9;6;3;0;42;100;22;21955;2802;9409
255;2025;50.6978, 3.16582;16;971;1449;446;220;38;16;13;7;16;2;13;0;13;0;44;100;15;24727;2058;5897
256;2025;48.8308, 2.35242;12;1040;1731;532;72;24;12;8;4;11;2;10;2;7;1;33;92;20;21783;2802;5366
257;2025;48.8459, 2.33125;16;601;983;281;177;77;16;14;3;12;2;13;8;5;0;19;75;15;21769;2888;10478
258;2025;48.8459, 2.33125;16;360;590;175;182;74;17;10;2;15;3;12;7;4;1;12;88;25;21948;2888;8336
259;2025;45.7435, 3.21024;15;808;1226;361;200;62;15;13;2;14;3;11;3;8;0;13;93;27;24454;2306;4465
260;2025;44.4503, 1.44138;18;340;521;168;272;74;17;12;0;14;2;12;4;7;1;0;82;17;21698;1554;5249
261;2025;47.2044, -1.56319;30;313;393;59;354;111;30;26;3;26;2;25;15;7;3;10;87;8;24329;1477;12523
262;2025;48.0878, -0.76112;30;109;100;15;98;122;29;20;23;28;0;25;20;3;2;79;97;0;43500;1766;6830
263;2025;43.1502, 6.04481;20;602;725;165;413;67;20;18;7;18;0;20;10;5;5;35;90;0;40081;3289;1382
264;2025;43.1502, 6.04481;20;327;380;101;208;90;19;15;0;16;0;10;7;1;2;0;84;0;40082;3289;9471
265;2025;45.7527, 6.30182;15;105;140;35;103;44;15;13;1;13;1;10;6;3;1;7;87;10;26450;2743;8596
266;2025;43.3252, 5.41444;15;392;477;126;432;43;15;14;4;14;1;12;5;7;0;27;93;8;24099;285;1356
267;2025;43.3252, 5.41444;15;426;540;144;247;69;15;12;2;12;4;10;4;5;1;13;80;40;24100;285;2512
268;2025;48.8335, 2.29483;15;1658;2098;653;192;62;15;13;1;14;3;14;8;6;0;7;93;21;21974;2771;9914
269;2025;48.8335, 2.29483;15;1342;1678;518;200;54;16;16;3;16;1;11;8;3;0;19;100;9;21975;2771;11738
270;2025;48.8468, 2.3915;15;3146;3723;1100;115;29;15;12;7;15;2;13;6;7;0;47;100;15;21775;2799;4126
271;2025;48.8335, 2.29483;15;2644;3201;951;170;44;16;13;2;16;1;14;7;7;0;12;100;7;21793;2771;9614
272;2025;49.1962, -0.36005;15;297;363;112;341;63;17;14;10;14;0;17;12;5;0;59;82;0;24295;440;3745
273;2025;49.1962, -0.36005;15;537;611;141;578;117;17;15;1;13;1;13;10;3;0;6;76;8;24296;440;170
274;2025;48.7804, 2.37331;12;271;357;116;224;48;12;10;1;11;2;7;5;1;1;8;92;29;21935;3735;10714
275;2025;49.033, 2.0208;15;409;489;132;302;59;15;13;10;13;1;15;8;5;2;67;87;7;25127;3803;1363
276;2025;43.6051, 7.07146;15;527;596;152;207;75;15;15;5;12;1;11;4;6;1;33;80;9;24349;144;9837
277;2025;45.7679, 4.82981;15;772;953;239;165;42;15;13;6;15;2;15;4;11;0;40;100;13;21585;2509;40
278;2025;48.0986, -1.68539;15;422;512;93;512;57;20;18;5;17;1;19;12;5;2;25;85;5;21583;1168;5459
279;2025;50.7498, 2.26141;18;133;133;24;109;98;16;14;2;12;0;10;4;4;2;12;75;0;25040;2220;5818
280;2025;48.7804, 2.37331;12;489;601;182;243;41;12;10;1;10;4;7;7;0;0;8;83;57;21923;3735;8058
281;2025;43.5847, 1.39421;15;1118;1372;333;250;55;15;9;2;15;3;13;8;4;1;13;100;23;21690;917;12461
282;2025;49.2419, 4.02707;15;1204;1414;327;1414;53;15;15;2;14;1;15;6;9;0;13;93;7;24447;1719;10558
283;2025;46.2399, 1.48522;15;296;350;78;300;95;18;15;8;16;1;15;10;5;0;44;89;7;21751;643;10766
284;2025;48.6902, 6.1917;15;436;557;155;557;61;16;16;11;14;2;16;12;4;0;69;88;12;24215;1773;234
285;2025;48.8503, 2.43161;23;150;200;61;136;91;21;15;4;17;1;17;13;2;2;19;81;6;21921;3729;10566
286;2025;48.8929, 2.37275;15;1189;1369;478;200;67;16;16;0;13;1;10;4;6;0;0;81;10;21747;2832;8629
287;2025;46.9831, 3.1294;15;249;313;56;250;48;16;13;3;16;0;16;9;6;1;19;100;0;21638;1946;3594
288;2025;49.02083, 2.96235;15;129;164;38;128;67;14;10;1;11;3;12;5;6;1;7;79;25;21913;3053;12525
289;2025;44.8335, -0.57096;25;191;224;61;180;110;25;21;4;15;2;21;15;3;3;16;60;10;25194;1003;3342
290;2025;44.8335, -0.57096;25;344;395;100;331;102;24;23;2;21;3;17;6;8;3;8;88;18;24292;1003;9092
291;2025;45.7435, 3.21024;15;443;538;103;224;44;15;13;4;15;1;13;6;6;1;27;100;8;24455;2306;236
292;2025;48.0737, 5.14625;15;164;194;34;148;75;15;13;0;15;1;14;2;8;4;0;100;7;24444;1741;6989
293;2025;45.4175, 4.42119;16;1533;1811;394;230;72;15;10;0;14;2;14;8;6;0;0;93;14;24156;1379;9668
294;2025;48.8651, 2.36204;12;828;979;336;267;33;12;10;3;10;2;10;8;2;0;25;83;20;21967;2791;7022
295;2025;50.6978, 3.16582;17;718;851;167;170;52;17;15;4;17;4;16;7;8;1;24;100;25;24718;2058;9369
296;2025;14.7461, -61.1692;16;127;140;17;83;42;17;14;4;15;8;16;6;7;3;24;88;50;25296;3916;9417
297;2025;48.8468, 2.3915;15;1063;1314;437;115;41;15;12;5;15;2;14;5;9;0;33;100;14;25043;2799;12528
298;2025;47.8892, 1.89799;16;439;545;131;300;88;15;12;0;13;2;13;6;7;0;0;87;15;21900;1544;6345
299;2025;43.4744, -1.51172;15;1136;1308;308;438;48;16;16;2;14;3;15;4;10;1;12;88;20;24290;2315;241
300;2025;48.8468, 2.3915;4;146;232;102;34;12;4;1;0;4;0;2;0;2;0;0;100;0;43538;2799;2857
301;2025;50.6978, 3.16582;17;249;323;89;170;62;16;13;2;14;4;16;9;5;2;12;88;25;24719;2058;8013
302;2025;50.7498, 2.26141;18;253;294;62;253;71;21;16;3;18;4;16;9;7;0;14;86;25;25039;2220;10622
303;2025;49.48438, 0.13495;18;364;416;79;132;65;18;18;2;17;2;16;9;5;2;11;94;12;24308;3027;4933
304;2025;48.5298, 7.72511;15;607;750;183;142;51;15;13;2;12;2;13;9;4;0;13;80;15;21535;2432;6411
305;2025;49.033, 2.0208;15;349;396;126;205;96;14;14;2;10;3;14;8;4;2;14;71;21;21602;3803;979
306;2025;43.5865, 3.93075;15;626;666;208;150;81;16;16;0;16;0;10;3;5;2;0;100;0;21555;1120;6687
307;2025;50.7498, 2.26141;18;139;139;30;118;96;13;11;0;11;0;9;4;4;1;0;85;0;25038;2220;4475
308;2025;48.8651, 2.36204;12;756;883;393;252;33;11;11;2;10;1;9;3;6;0;18;91;11;21721;2791;9473
309;2025;48.8468, 2.3915;6;214;253;88;36;11;6;6;2;6;0;4;1;2;1;33;100;0;43532;2799;10729
310;2025;47.2542, 6.00004;15;449;520;109;234;55;16;13;5;16;2;14;10;4;0;31;100;14;21569;688;5665
311;2025;43.6045, 1.49452;15;322;401;95;133;76;18;12;3;16;3;15;13;1;1;17;89;20;21824;940;951
312;2025;45.6304, 0.15709;15;1431;1649;352;180;82;13;12;6;13;0;9;0;9;0;46;100;0;23769;460;2807
313;2025;47.2249, -1.54537;15;652;787;140;201;38;16;16;3;16;1;15;7;8;0;19;100;7;24241;1430;2625
314;2025;48.8468, 2.3915;15;1334;1562;457;113;33;15;10;6;14;2;14;0;8;6;40;93;14;39933;2799;10486
315;2025;43.7307, 3.31448;16;369;463;128;463;87;13;11;2;11;1;11;5;4;2;15;85;9;29523;1077;242
316;2025;47.3456, 0.72164;22;546;797;234;513;89;24;21;17;24;5;21;11;10;0;71;100;24;39884;1235;3407
317;2025;47.3456, 0.72164;22;266;399;98;239;104;25;18;11;25;3;19;9;6;4;44;100;16;21902;1235;11571
318;2025;48.3932, 2.95877;10;177;245;87;109;48;8;6;0;8;2;5;0;3;2;0;100;40;24481;3039;7864
319;2025;48.3932, 2.95877;10;575;808;241;335;43;9;9;0;6;3;6;2;4;0;0;67;50;21945;3039;7466
320;2025;48.3932, 2.95877;10;121;184;59;54;37;5;4;1;5;1;3;0;3;0;20;100;33;21946;3039;6242
321;2025;-21.3421, 55.4899;16;146;207;59;95;40;16;11;3;15;6;15;7;7;1;19;94;40;23835;3947;7776
322;2025;43.1502, 6.04481;20;128;193;43;151;90;20;14;0;17;0;11;7;1;3;0;85;0;40080;3289;11561
323;2025;45.7527, 6.30182;15;89;144;35;100;57;14;10;0;12;3;10;9;0;1;0;86;30;26451;2743;3685
324;2025;43.3252, 5.41444;15;333;438;129;293;58;15;14;2;12;5;9;4;4;1;13;80;56;24097;285;2393
325;2025;43.3252, 5.41444;15;356;482;148;200;47;14;13;3;14;3;13;4;8;1;21;100;23;24098;285;8666
326;2025;44.81356, -0.55095;19;236;338;91;324;93;17;8;5;13;1;13;4;6;3;29;76;8;24294;1009;10453
327;2025;50.6178, 3.00467;18;99;114;34;80;76;19;17;6;18;0;12;4;3;5;32;95;0;25033;2076;8964
328;2025;44.8335, -0.57096;25;293;416;103;326;133;24;19;3;17;5;20;5;7;8;12;71;25;24293;1003;323
329;2025;48.8815, 2.37453;17;138;133;44;60;59;16;14;5;10;3;9;2;6;1;31;62;33;21767;2896;1376
330;2025;48.87714, 2.40556;16;396;604;190;213;46;17;13;6;15;1;15;7;4;4;35;88;7;24358;2934;7364
331;2025;45.6084, 5.15538;15;415;620;175;300;45;15;12;1;15;2;14;8;5;1;7;100;14;24362;1294;2257
332;2025;45.7679, 4.82981;15;1291;1699;527;122;43;15;6;5;14;1;15;5;9;1;33;93;7;21587;2509;4015
333;2025;48.87699, 2.40583;16;194;283;85;102;51;17;12;4;14;1;14;5;4;5;24;82;7;24360;2934;7392
334;2025;48.8255, 2.21153;15;400;504;185;180;106;16;16;3;15;1;11;4;7;0;19;94;9;21598;3568;9458
335;2025;45.1767, 5.74588;15;307;418;130;185;83;16;11;2;11;0;6;3;1;2;12;69;0;24364;1282;8665
336;2025;48.8308, 2.35242;15;1387;1924;654;80;27;15;13;9;15;1;11;3;8;0;60;100;9;21953;2802;7020
337;2025;47.9951, -4.11407;20;188;269;45;230;88;24;17;10;22;2;23;19;0;4;42;92;9;21610;806;12343
338;2025;49.1006, 6.22311;15;449;652;207;258;64;16;13;1;14;2;15;7;4;4;6;88;13;24054;1918;2639
339;2025;49.4441, 1.10826;16;432;641;182;200;55;16;14;4;16;1;15;6;9;0;25;100;7;24299;2963;8529
340;2025;49.1006, 6.22311;15;470;648;218;268;94;14;10;0;12;2;12;7;3;2;0;86;17;24055;1918;807
341;2025;48.87687, 2.40514;16;278;377;124;153;52;16;14;4;15;0;16;6;9;1;25;94;0;24359;2934;10194
342;2025;49.4441, 1.10826;16;507;682;206;200;72;16;14;0;12;3;12;1;11;0;0;75;25;24300;2963;589
343;2025;48.87566, 2.40584;20;191;319;94;166;66;20;13;7;17;5;17;11;3;3;35;85;29;37013;2934;6288
344;2025;48.8308, 2.35242;15;1813;2696;916;80;21;15;13;11;15;2;15;4;9;2;73;100;13;21781;2802;4323
345;2025;48.8308, 2.35242;15;362;519;203;85;31;15;12;7;14;1;12;2;9;1;47;93;8;21954;2802;10428
346;2025;48.8815, 2.37453;14;99;140;38;69;50;12;9;5;11;1;11;4;4;3;42;92;9;21947;2896;884
347;2025;46.9831, 3.1294;15;162;235;49;196;62;15;12;2;14;2;13;8;5;0;13;93;15;21654;1946;11574
348;2025;47.2382, 6.02006;17;328;440;136;408;76;17;15;4;13;2;16;6;10;0;24;76;12;21561;668;6035
349;2025;50.6978, 3.16582;17;398;562;156;204;69;17;14;1;17;2;15;8;7;0;6;100;13;24724;2058;7264
350;2025;47.5764, 1.30259;15;266;377;111;370;93;15;11;1;9;2;13;3;8;2;7;60;15;25409;1364;10162
351;2025;43.7643, 7.33591;17;215;289;92;153;85;9;8;1;9;3;8;5;2;1;11;100;38;24344;164;7024
352;2025;48.7853, -3.23313;15;269;363;88;235;94;16;13;3;12;1;13;10;3;0;19;75;8;21604;610;11606
353;2025;48.914, 2.24623;17;126;186;55;114;66;17;15;1;17;1;11;8;2;1;6;100;9;21630;3610;11453
354;2025;48.8678, 2.43664;16;299;463;170;148;56;16;14;4;12;1;14;7;3;4;25;75;7;21938;3685;6405
355;2025;44.9317, 2.44557;18;144;222;56;200;100;19;15;7;14;2;14;5;6;3;37;74;14;21642;453;6248
356;2025;48.914, 2.24623;17;555;816;259;353;68;16;11;0;16;0;9;1;8;0;0;100;0;21939;3610;10896
357;2025;48.8678, 2.43664;16;503;752;239;182;64;16;11;2;13;2;15;3;11;1;12;81;13;21937;3685;2881
358;2025;49.3754, 3.33563;15;64;91;22;78;57;19;10;4;18;2;16;3;3;10;21;95;12;25134;61;11859
359;2025;48.8335, 2.29483;15;1645;2277;801;145;46;16;11;4;16;1;12;6;6;0;25;100;8;21973;2771;7377
360;2025;48.0737, 5.14625;15;268;373;91;258;85;16;15;4;14;4;14;3;11;0;25;88;29;24446;1741;2228
361;2025;48.8868, 2.32809;24;1029;1480;518;156;80;24;23;6;23;1;18;5;11;2;25;96;6;21745;2818;1082
362;2025;48.8651, 2.36204;24;1921;2651;1006;175;60;24;17;4;24;2;20;11;9;0;17;100;10;21966;2791;4682
363;2025;48.8868, 2.32809;12;1226;1729;629;66;22;12;6;5;12;2;9;4;5;0;42;100;22;21949;2818;2355
364;2025;43.2864, 5.38221;16;229;333;115;324;62;16;10;4;15;2;15;6;9;0;25;94;13;24106;315;6311
365;2025;49.3754, 3.33563;15;74;77;21;55;73;15;8;4;12;3;9;5;1;3;27;80;33;25133;61;4544
366;2025;44.4503, 1.44138;18;85;117;25;100;77;11;9;0;11;3;10;6;2;2;0;100;30;21688;1554;6251
367;2025;14.7461, -61.1692;16;83;127;23;81;47;17;9;3;15;4;15;3;5;7;18;88;27;25297;3916;3885
368;2025;46.2399, 1.48522;15;217;311;72;119;79;16;11;8;16;2;13;1;12;0;50;100;15;21753;643;4620
369;2025;48.8255, 2.21153;15;343;508;191;170;62;17;14;11;15;4;16;9;7;0;65;88;25;21941;3568;10870
370;2025;48.8678, 2.43664;16;262;344;129;151;75;16;13;1;14;1;14;3;9;2;6;88;7;21915;3685;9676
371;2025;44.9316, 2.44642;18;50;41;10;37;73;17;6;7;13;1;5;2;0;3;41;76;20;47937;453;11446
372;2025;44.7254, 3.8537;16;67;96;25;80;73;9;5;0;9;0;4;1;0;3;0;100;0;21712;1584;3423
373;2025;48.0737, 5.14625;15;117;151;38;113;71;16;13;0;14;3;13;5;5;3;0;88;23;24445;1741;977
374;2025;50.6978, 3.16582;17;271;434;138;169;63;17;11;0;17;3;12;5;7;0;0;100;25;24725;2058;8750
375;2025;43.5922, 1.41776;15;400;571;164;143;41;14;11;3;14;0;10;4;5;1;21;100;0;21986;932;3228
376;2025;49.3754, 3.33563;15;27;34;16;26;36;7;7;5;7;1;6;5;0;1;71;100;17;25132;61;3771
377;2025;45.6333, 0.15292;12;824;1080;311;200;35;12;10;1;11;4;12;1;11;0;8;92;33;23773;473;10266
378;2025;45.6333, 0.15292;12;582;822;233;123;45;12;11;2;12;2;10;4;6;0;17;100;20;23774;473;9841
379;2025;48.0853, -1.69125;30;611;864;220;865;105;30;21;2;29;4;23;12;11;0;7;97;17;21618;1144;6070
380;2025;43.5922, 1.41776;15;445;614;181;180;41;15;10;2;15;3;13;0;13;0;13;100;23;21704;932;4317
381;2025;50.6178, 3.00467;18;91;116;27;69;64;15;9;4;14;3;12;4;7;1;27;93;25;25034;2076;9682
382;2025;49.8746, 2.29673;15;278;394;117;229;107;17;11;5;17;3;13;9;3;1;29;100;23;25130;3203;5981
383;2025;48.8335, 2.29483;15;673;902;360;145;44;16;11;4;15;2;10;2;8;0;25;94;20;21795;2771;1166
384;2025;50.6178, 3.00467;18;50;82;23;70;56;18;11;8;17;3;14;8;1;5;44;94;21;25035;2076;5639
385;2025;49.8746, 2.29673;15;213;291;78;231;115;19;9;18;19;4;16;5;10;1;95;100;25;25131;3203;5449
386;2025;43.1502, 6.04481;20;223;302;80;203;83;20;16;3;18;0;19;10;3;6;15;90;0;40079;3289;11351
387;2025;48.5298, 7.72511;15;425;639;210;125;39;15;12;3;15;3;9;1;7;1;20;100;33;21537;2432;12170
388;2025;43.5847, 1.39421;15;188;232;72;136;55;15;14;0;14;0;9;8;1;0;0;93;0;21694;917;3841
389;2025;48.5298, 7.72511;15;171;233;72;160;79;15;11;0;14;1;9;4;1;4;0;93;11;21539;2432;11889
390;2025;48.9046, 2.49074;15;43;31;7;28;50;9;6;0;7;1;6;3;2;1;0;78;17;26448;3650;12
391;2025;48.9046, 2.49074;15;70;39;18;35;57;15;12;2;11;2;8;6;2;0;13;73;25;32416;3650;1660
392;2025;48.0919, -1.68817;12;84;218;95;50;25;12;2;5;10;0;3;1;1;1;42;83;0;21614;1147;7782
393;2025;48.29776, 6.13307;12;53;82;44;30;14;12;8;10;12;0;3;3;0;0;83;100;0;48617;3442;12539
394;2025;48.8308, 2.35242;12;242;288;143;77;21;12;7;6;12;0;9;5;4;0;50;100;0;21951;2802;2932
395;2025;48.8308, 2.35242;12;862;1073;421;60;24;12;11;5;12;1;9;5;4;0;42;100;11;21779;2802;6954
396;2025;48.8308, 2.35242;12;342;393;172;60;22;12;12;4;12;1;10;1;9;0;33;100;10;21950;2802;7464
397;2025;48.8308, 2.35242;12;174;179;77;83;24;12;12;5;11;0;9;4;4;1;42;92;0;21952;2802;6381
398;2025;46.7342, 2.50769;15;132;148;40;71;49;15;12;6;13;1;14;5;9;0;40;87;7;49860;515;8790
399;2025;47.7305, 7.30633;20;137;89;28;45;59;7;7;2;6;0;5;2;2;1;29;86;0;32705;2468;1253
400;2025;48.83, 2.46544;8;133;173;53;100;38;8;7;0;6;1;5;4;1;0;0;75;20;30431;3718;1237
401;2025;48.8335, 2.29483;7;56;67;29;31;20;8;8;3;8;0;6;3;3;0;38;100;0;21789;2771;3536
402;2025;48.8468, 2.3915;4;78;100;49;34;7;4;3;2;4;0;3;1;2;0;50;100;0;43537;2799;4573
403;2025;43.6051, 7.07146;15;157;151;68;78;61;8;7;1;8;0;4;0;4;0;12;100;0;24350;144;7689
404;2025;48.83, 2.46544;8;263;291;85;100;30;8;8;1;8;2;6;2;4;0;12;100;33;21919;3718;829
405;2025;48.83, 2.46544;8;161;183;60;100;27;7;7;1;7;0;6;0;6;0;14;100;0;25041;3718;1618
406;2025;48.8335, 2.29483;7;167;222;111;45;13;7;5;4;7;0;6;1;4;1;57;100;0;21972;2771;7530
407;2025;48.4075, -4.48218;15;75;110;37;65;42;12;7;4;12;2;7;2;5;0;33;100;29;21606;776;5972
408;2025;48.8651, 2.36204;8;186;215;103;53;27;8;6;2;8;0;4;1;3;0;25;100;0;21739;2791;9588
409;2025;46.2399, 1.48522;15;122;141;26;132;96;16;13;8;16;1;13;3;9;1;50;100;8;21755;643;11914
410;2025;48.8468, 2.3915;3;89;111;52;33;4;3;3;2;3;0;1;0;1;0;67;100;0;43534;2799;9853
411;2025;48.7853, -3.23313;15;85;105;20;101;61;16;12;1;16;0;14;7;5;2;6;100;0;34893;610;9372
412;2025;43.4744, -1.51172;15;174;196;51;158;77;15;13;1;12;0;14;5;8;1;7;80;0;24291;2315;1816
413;2025;50.6978, 3.16582;34;233;284;85;157;108;33;30;6;33;2;27;8;19;0;18;100;7;24723;2058;8664
414;2025;48.8468, 2.3915;6;70;97;49;36;9;6;5;4;6;1;4;0;4;0;67;100;25;43533;2799;10138
415;2025;48.9233, 2.02715;12;101;126;45;113;69;9;7;0;6;0;3;0;2;1;0;67;0;32783;3136;8746
416;2025;48.9233, 2.02715;24;63;65;19;64;66;13;11;2;10;1;6;4;2;0;15;77;17;32782;3136;2442
417;2025;45.7679, 4.82981;16;359;431;142;147;48;15;14;3;15;3;11;8;3;0;20;100;27;21593;2509;2559
418;2025;48.8468, 2.3915;8;130;186;94;38;10;8;4;6;8;1;5;2;3;0;75;100;20;43531;2799;4374
419;2025;46.2399, 1.48522;17;89;95;36;75;72;14;13;11;14;2;8;3;4;1;79;100;25;28722;643;10759
420;2025;44.9316, 2.44642;18;54;51;13;49;61;13;11;4;10;4;10;5;3;2;31;77;40;21644;453;4226
421;2025;48.8651, 2.36204;12;334;382;172;123;33;12;11;2;12;2;6;2;3;1;17;100;33;21965;2791;3173
422;2025;48.8335, 2.29483;16;408;490;222;96;32;16;16;4;16;3;9;2;6;1;25;100;33;21799;2771;10124
423;2025;48.8468, 2.3915;3;84;124;65;43;10;3;3;0;3;0;2;1;1;0;0;100;0;43540;2799;8993
424;2025;48.8415, 2.34298;15;152;181;65;121;51;14;13;2;13;2;12;2;9;1;14;93;17;21765;2767;3926
425;2025;46.5682, 3.35784;15;122;146;50;120;53;15;13;3;13;1;9;3;5;1;20;87;11;21640;67;9120
426;2025;45.9298, -0.96671;15;191;211;53;114;74;15;15;3;13;2;14;1;12;1;20;87;14;24209;480;4106
427;2025;48.8255, 2.21153;8;87;95;41;69;38;8;7;0;8;1;4;1;2;1;0;100;25;21581;3568;5568
428;2025;48.8255, 2.21153;8;102;116;43;92;48;8;7;1;7;1;8;3;5;0;12;88;12;21940;3568;7711
429;2025;-21.3421, 55.4899;16;161;205;56;94;42;16;12;6;14;4;13;5;7;1;38;88;31;30912;3947;11778
430;2025;48.8651, 2.36204;24;2030;2651;977;106;32;23;13;16;23;5;20;9;9;2;70;100;25;21964;2791;6219
431;2025;50.7309, 3.16499;17;740;931;280;309;64;17;16;4;14;4;13;0;13;0;24;82;31;24729;1986;1688
432;2025;47.04777, -0.86877;15;510;646;160;646;67;14;13;0;11;3;14;0;9;5;0;79;21;24244;1600;11573
433;2025;47.04784, -0.86882;15;970;1205;333;1205;60;15;13;0;13;2;14;4;10;0;0;87;14;24245;1600;11204
434;2025;50.7309, 3.16499;17;394;482;132;202;72;17;16;2;15;3;15;4;11;0;12;88;20;24728;1986;6963
435;2025;43.5661, 7.02484;15;646;782;241;130;50;13;9;0;11;2;13;2;8;3;0;85;15;24449;114;2436
436;2025;45.1767, 5.74588;15;385;488;152;254;62;17;11;4;14;1;6;2;2;2;24;82;17;24365;1282;5703
437;2025;45.7679, 4.82981;16;793;987;325;118;47;17;15;6;15;2;17;7;9;1;35;88;12;21589;2509;7551
438;2025;48.5906, 7.7508;18;313;386;137;386;60;18;15;4;17;3;15;7;5;3;22;94;20;21982;2424;3458
439;2025;48.5906, 7.7508;18;234;272;93;272;67;18;16;2;14;1;14;7;5;2;11;78;7;21543;2424;2148
440;2025;43.3252, 5.41444;15;943;1172;383;250;55;15;11;2;15;2;9;4;5;0;13;100;22;24096;285;3879
441;2025;43.8249, 4.35335;14;577;699;189;150;46;14;10;1;14;2;10;2;8;0;7;100;20;21553;844;5211
442;2025;48.8651, 2.36204;9;907;1087;382;50;16;9;5;4;9;2;7;1;6;0;44;100;29;21735;2791;5551
443;2025;48.8651, 2.36204;7;689;868;324;50;14;6;5;3;6;2;5;2;3;0;50;100;40;35605;2791;2052
444;2025;48.8651, 2.36204;12;1652;2134;816;78;19;12;7;6;12;1;6;4;2;0;50;100;17;21963;2791;64
445;2025;48.8651, 2.36204;12;1221;1609;633;100;18;12;10;7;12;1;7;3;4;0;58;100;14;25075;2791;5681
446;2025;47.4348, 0.68479;15;846;1015;272;1015;56;17;15;5;14;1;15;2;11;2;29;82;7;24391;1226;264
447;2025;48.0878, -0.76112;30;25;30;5;29;30;0;0;0;0;0;0;0;0;0;0;0;0;43501;1766;11828
448;2025;47.2044, -1.56332;30;63;92;19;91;107;18;10;15;18;2;13;8;3;2;83;100;15;24328;1477;12148
449;2025;46.5682, 3.35784;15;87;171;49;133;56;15;7;6;14;4;11;4;6;1;40;93;36;23798;67;10201
450;2025;48.87568, 2.4058;20;80;146;33;104;72;17;12;5;16;2;16;6;8;2;29;94;12;37012;2934;3919
451;2025;47.9951, -4.11407;20;41;83;16;83;68;22;13;13;20;1;19;9;6;4;59;91;5;21612;806;11147
452;2025;49.3496, 6.17234;20;58;106;25;91;55;20;14;8;19;2;16;10;2;4;40;95;12;33310;1921;6011
453;2025;43.7643, 7.33591;17;189;296;119;134;65;11;8;4;11;1;9;3;6;0;36;100;11;24345;164;2372
454;2025;48.8308, 2.35242;9;450;749;262;80;33;9;8;1;6;1;7;1;6;0;11;67;14;22054;2802;7394
455;2025;48.8308, 2.35242;9;425;713;254;80;19;9;6;3;9;1;9;3;6;0;33;100;11;21785;2802;6351
456;2025;45.6084, 5.15538;15;124;224;78;139;54;13;4;4;12;2;11;5;3;3;31;92;18;24363;1294;9971
457;2025;48.8335, 2.29483;15;397;618;230;100;48;16;12;4;15;2;11;3;8;0;25;94;18;21797;2771;11086
458;2025;48.8332, 2.23792;16;338;570;208;164;44;16;11;5;15;3;16;5;11;0;31;94;19;21622;3548;5341
459;2025;45.7456, 4.87693;18;71;121;36;70;58;17;12;3;13;1;13;4;6;3;18;76;8;21634;2564;4309
460;2025;44.9316, 2.44642;18;83;132;37;122;68;22;14;13;17;8;19;8;5;6;59;77;42;21648;453;9076
461;2025;43.2864, 5.38221;16;97;159;52;157;83;14;9;3;12;2;10;9;1;0;21;86;20;24107;315;12462
462;2025;45.7679, 4.82981;14;452;717;262;100;55;13;10;3;11;4;7;5;2;0;23;85;57;21595;2509;6912
463;2025;43.6251, 3.83346;16;274;471;186;436;65;16;10;5;13;4;10;5;2;3;31;81;40;21551;1119;7268
464;2025;43.6251, 3.83346;15;285;437;159;429;58;15;13;2;13;4;12;4;7;1;13;87;33;21985;1119;1865
465;2025;47.2044, -1.56335;30;96;177;36;174;176;25;9;24;24;0;16;9;6;1;96;96;0;24330;1477;9750
466;2025;48.0878, -0.76112;30;40;69;13;67;70;13;5;11;11;0;8;3;4;1;85;85;0;43502;1766;3129
467;2025;43.1502, 6.04481;20;62;99;22;90;62;13;10;4;13;1;9;8;1;0;31;100;11;40083;3289;514
468;2025;43.1502, 6.04481;20;54;83;20;77;61;13;7;1;13;1;10;7;2;1;8;100;10;40084;3289;3054
469;2025;46.9382, 4.2943;15;66;82;25;78;54;12;10;4;12;1;9;1;0;8;33;100;11;21660;2646;212
470;2025;47.2517, -0.07971;12;200;241;75;85;44;11;9;4;7;0;9;5;4;0;36;64;0;24251;1643;10639
471;2025;48.75349, -0.00893;15;74;116;33;116;79;13;10;1;12;0;8;5;0;3;8;92;0;24297;2167;8466
472;2025;47.2599, 5.29075;15;98;114;38;105;66;12;11;2;12;2;8;2;2;4;17;100;25;21632;561;4915
473;2025;48.8459, 2.33125;18;84;152;40;130;61;18;12;4;16;0;12;8;4;0;22;89;0;21771;2888;11992
474;2025;45.7456, 4.87693;14;99;150;51;70;46;13;8;6;12;0;9;6;1;2;46;92;0;21979;2564;3985
475;2025;45.7456, 4.87693;14;372;437;157;150;40;15;15;6;11;2;9;1;8;0;40;73;22;21624;2564;3166
476;2025;49.02083, 2.96235;16;124;114;46;96;86;10;8;0;10;0;4;1;2;1;0;100;0;21914;3053;11386
477;2025;48.8335, 2.29483;15;558;874;331;180;43;16;10;2;16;1;14;6;8;0;12;100;7;21971;2771;7155
478;2025;44.7254, 3.8537;16;19;26;5;24;29;8;5;3;8;2;8;1;2;5;38;100;25;21714;1584;3416
479;2025;43.5847, 1.39421;15;282;408;111;221;56;14;8;2;13;3;14;6;7;1;14;93;21;21696;917;4872
480;2025;48.8468, 2.3915;15;642;1011;353;115;22;15;9;9;15;1;13;3;10;0;60;100;8;21961;2799;11484
481;2025;50.27179, 3.96332;20;18;34;8;31;30;5;2;3;5;0;3;1;1;1;60;100;0;25036;2029;11585
482;2025;45.6084, 5.15538;15;162;285;69;184;57;15;10;2;15;0;13;8;5;0;13;100;0;24361;1294;273
483;2025;48.5298, 7.72511;15;151;232;62;122;62;14;9;0;14;0;14;8;6;0;0;100;0;43160;2432;4256
484;2025;48.4075, -4.48218;15;144;230;42;141;52;14;10;3;12;1;12;4;6;2;21;86;8;21608;776;9730
485;2025;47.0817, 5.47086;15;81;117;25;96;57;11;6;1;10;0;8;5;3;0;9;91;0;21571;1321;10993
486;2025;50.6978, 3.16582;17;55;80;20;61;45;7;6;2;7;0;5;1;4;0;29;100;0;24720;2058;6006
487;2025;43.2746, 5.42654;15;129;183;55;143;68;13;11;0;11;1;5;3;2;0;0;85;20;25356;287;3140
488;2025;43.2746, 5.42654;15;113;171;57;142;67;15;10;1;13;4;7;4;2;1;7;87;57;24103;287;4708
489;2025;43.6051, 7.07146;15;242;363;86;185;73;12;10;0;11;0;8;3;5;0;0;92;0;24348;144;5971
490;2025;48.8335, 2.29483;15;352;567;208;180;60;16;7;2;14;1;13;3;10;0;12;88;8;21791;2771;10046
491;2025;48.8335, 2.29483;15;532;841;298;180;39;16;6;7;16;1;16;4;12;0;44;100;6;21970;2771;6893
492;2025;48.7914, 2.49811;17;106;155;46;113;70;17;9;1;15;4;15;7;6;2;6;88;27;21920;3723;3545
493;2025;50.6978, 3.16582;17;116;172;47;117;61;17;12;2;17;1;15;6;9;0;12;100;7;24721;2058;9141
494;2025;46.9831, 3.1294;15;105;175;25;153;70;15;11;2;14;1;14;7;5;2;13;93;7;21656;1946;8080
495;2025;48.8468, 2.3915;12;171;346;164;52;15;12;5;10;11;1;5;4;1;0;83;92;20;26836;2799;5567
496;2025;49.8638, 3.30316;15;62;126;53;126;38;15;4;7;15;1;8;2;4;2;47;100;12;25128;35;6291
497;2025;47.8382, -0.34222;15;82;158;65;128;61;15;7;1;13;0;9;4;5;0;7;87;0;24246;2682;5428
498;2025;46.2399, 1.48522;15;95;148;34;133;82;17;10;9;17;1;14;5;6;3;53;100;7;21759;643;2491
499;2025;48.8815, 2.39582;15;102;261;119;34;31;11;5;9;11;0;3;2;1;0;82;100;0;21743;2820;9999
500;2025;49.033, 2.0208;15;51;75;21;61;50;7;5;0;6;1;4;1;0;3;0;86;25;21936;3803;2682
501;2025;43.4503, 2.01191;11;59;83;33;83;42;11;8;1;10;0;3;1;2;0;9;91;0;41380;894;8050
502;2025;49.033, 2.0208;15;120;145;36;106;81;15;12;7;13;1;11;6;3;2;47;87;9;21600;3803;7436
503;2025;48.6902, 6.1917;15;70;118;35;118;57;15;7;8;15;1;10;6;4;0;53;100;10;24214;1773;2015
504;2025;48.8868, 2.32809;10;132;157;67;71;25;10;9;4;10;0;7;1;6;0;40;100;0;21741;2818;10996
505;2025;47.5764, 1.30259;15;98;145;38;140;61;16;8;1;13;2;7;2;4;1;6;81;29;21898;1364;223
506;2025;45.7679, 4.82981;16;377;553;137;220;72;16;11;2;13;2;14;5;9;0;12;81;14;21628;2509;5643
507;2025;45.4175, 4.42119;16;173;221;42;125;87;10;9;1;10;0;8;2;6;0;10;100;0;21723;1379;238
508;2025;43.7651, 1.99661;17;206;242;69;242;66;17;13;5;14;1;15;8;2;5;29;82;7;21706;3250;3716
509;2025;44.9277, 4.90127;15;405;490;140;354;40;16;11;4;13;2;11;5;6;0;25;81;18;24366;715;1843
510;2025;46.4361, 5.72109;15;89;150;57;110;64;13;5;3;12;1;10;6;0;4;23;92;10;21573;1323;3469
511;2025;48.3586, 5.69517;15;76;112;43;101;62;12;6;0;12;0;3;0;3;0;0;100;0;24213;3443;7835
512;2025;43.4503, 2.01191;12;47;45;13;45;31;11;10;4;10;3;8;0;0;8;36;91;38;21988;894;11794
513;2025;43.4503, 2.01191;12;72;164;79;164;24;12;3;6;12;0;1;1;0;0;50;100;0;21700;894;11101
514;2025;46.8611, -1.02495;15;148;241;54;241;79;15;9;0;12;1;11;8;2;1;0;80;9;24247;3358;3421
515;2025;46.5682, 3.35784;15;162;249;52;184;93;10;4;0;10;1;8;2;1;5;0;100;12;21664;67;8923
516;2025;47.0613, 6.60695;15;134;339;128;58;17;15;3;12;14;1;4;3;0;1;80;93;25;21567;687;9924
517;2025;47.0613, 6.60695;15;441;545;167;115;27;15;14;7;13;1;9;5;4;0;47;87;11;21989;687;6433
518;2025;45.6304, 0.15709;15;97;141;26;128;99;16;14;3;16;3;12;5;6;1;19;100;25;23772;460;2786
519;2025;44.827, -0.58502;15;192;283;58;153;76;14;10;3;14;0;13;3;9;1;21;100;0;36333;977;2069
520;2025;44.827, -0.58502;15;163;225;44;180;66;15;13;2;14;1;13;6;5;2;13;93;8;36334;977;5657
521;2025;49.8746, 2.29673;15;76;112;26;87;85;11;7;6;11;2;10;4;5;1;55;100;20;25129;3203;4993
522;2025;48.8468, 2.3915;5;638;742;277;35;8;5;4;2;5;1;4;1;3;0;40;100;25;43536;2799;7362
523;2025;48.8335, 2.29483;6;108;138;65;49;18;7;4;3;7;2;7;1;6;0;43;100;29;21968;2771;3906
524;2025;48.8468, 2.3915;4;177;210;92;34;8;4;3;2;3;1;4;1;3;0;50;75;25;43535;2799;2239
525;2025;48.8335, 2.29483;6;142;153;54;41;17;7;6;3;7;0;5;2;3;0;43;100;0;21787;2771;6117
526;2025;48.8335, 2.29483;6;238;254;104;35;11;7;6;4;7;1;7;0;7;0;57;100;14;21969;2771;3062
527;2025;48.8468, 2.3915;6;104;131;69;36;18;6;2;1;6;0;4;3;1;0;17;100;0;43530;2799;611
528;2025;48.8468, 2.3915;4;89;124;65;34;7;4;4;2;4;1;3;3;0;0;50;100;33;43529;2799;7074
529;2025;48.8468, 2.3915;4;137;187;91;30;7;4;4;1;4;0;2;0;1;1;25;100;0;43539;2799;2926
530;2025;43.4503, 2.01191;10;84;114;51;114;18;11;7;7;11;1;2;1;0;1;64;100;50;21702;894;4152
531;2025;48.9428, 2.16025;16;498;541;207;228;32;15;15;6;15;0;5;1;3;1;40;100;0;32672;3155;5224
532;2025;43.3132, 5.42089;8;64;105;50;105;29;7;4;1;4;0;6;2;3;1;14;57;0;24104;293;1109
533;2025;43.3132, 5.42089;8;49;107;41;107;20;7;3;3;7;1;7;6;0;1;43;100;14;24105;293;1052
534;2025;48.83, 2.46544;14;532;574;215;201;34;14;14;5;14;0;10;2;6;2;36;100;0;21918;3718;4633
535;2025;43.5661, 7.02484;15;461;498;183;130;35;14;14;5;14;1;13;2;11;0;36;100;8;24346;114;10260
536;2025;47.0946, 5.49437;18;219;233;83;79;40;18;17;5;18;3;11;3;5;3;28;100;27;21575;1336;11651
537;2025;45.7679, 4.82981;16;573;622;222;51;32;16;15;7;16;2;9;5;2;2;44;100;22;21591;2509;1034
538;2025;43.5906, 1.45568;24;529;567;207;458;54;24;23;10;24;2;22;6;9;7;42;100;9;21708;892;8334
539;2025;48.8546, 2.37492;8;105;182;85;76;23;8;5;3;7;2;6;1;5;0;38;88;33;21976;2769;11269
540;2025;48.6777, 6.18037;10;17;51;22;46;38;9;6;0;6;0;3;2;0;1;0;67;0;24211;1813;11164
541;2025;48.6777, 6.18037;10;18;70;26;60;41;10;0;0;6;0;3;3;0;0;0;60;0;24210;1813;3961
542;2025;48.6777, 6.18037;10;24;34;18;31;20;11;10;4;10;0;7;5;2;0;36;91;0;24212;1813;1255
543;2025;47.2164, -1.56839;10;59;127;49;36;26;10;4;3;9;2;9;8;1;0;30;90;22;24243;1429;1475
544;2025;47.2382, 6.02006;8;50;105;48;60;24;9;5;2;8;1;5;3;1;1;22;89;20;21990;668;12366
545;2025;47.2164, -1.56839;10;54;154;57;47;21;10;5;6;10;0;9;8;1;0;60;100;0;24242;1429;898
546;2025;47.2382, 6.02006;8;39;121;46;51;17;8;4;3;7;1;7;6;1;0;38;88;14;21563;668;10386
547;2025;48.8335, 2.29483;12;336;379;178;60;30;12;9;4;12;2;8;2;6;0;33;100;25;21803;2771;6626
548;2025;48.8546, 2.37492;8;67;178;74;128;18;8;1;4;7;2;5;4;1;0;50;88;40;21977;2769;36
549;2025;48.8546, 2.37492;14;616;679;263;90;31;14;12;7;14;3;12;3;9;0;50;100;25;21761;2769;2774
550;2025;48.8503, 2.43161;23;232;257;64;136;88;22;20;0;15;1;18;11;6;1;0;68;6;21922;3729;1081
551;2025;47.3456, 0.72164;23;258;285;57;204;90;24;23;12;24;5;20;9;7;4;50;100;25;25313;1235;8150
552;2025;50.6978, 3.16582;17;386;447;122;150;75;16;14;2;14;2;14;4;9;1;12;88;14;24716;2058;928
553;2025;45.7679, 4.82981;15;576;644;145;150;42;15;10;1;15;2;12;1;10;1;7;100;17;23752;2509;4938
554;2025;48.6267, 2.42027;15;416;502;154;303;62;14;12;1;12;2;10;5;3;2;7;86;20;21943;3517;390
555;2025;48.8519, 2.33206;12;450;532;163;132;34;12;12;2;12;1;10;0;9;1;17;100;10;21978;2768;11645
556;2025;43.2938, 5.40047;15;415;472;151;379;89;15;15;3;15;5;13;2;10;1;20;100;38;24101;286;2121
557;2025;48.8519, 2.33206;12;661;750;226;130;42;12;12;4;11;0;11;2;7;2;33;92;0;21757;2768;6126
558;2025;48.6267, 2.42027;15;285;314;87;206;99;12;12;0;8;3;6;3;2;1;0;67;50;21620;3517;11576
559;2025;47.9951, -4.11407;20;191;212;34;182;107;21;19;9;18;1;20;15;4;1;43;86;5;39619;806;1594
560;2025;48.8335, 2.29483;15;1018;1154;353;120;25;16;13;9;16;3;16;10;5;1;56;100;19;21801;2771;5012
561;2025;46.8378, -0.49022;15;233;259;51;100;64;8;8;2;8;0;7;4;3;0;25;100;0;24312;3177;643
562;2025;48.8468, 2.3915;15;1329;1483;569;115;24;15;14;9;15;2;15;5;10;0;60;100;13;21777;2799;6354
563;2025;49.48438, 0.13495;18;118;124;33;86;69;12;9;2;8;1;11;6;2;3;17;67;9;24307;3027;4974
564;2025;47.2051, -1.5624;7;64;77;19;72;29;10;10;2;8;2;9;8;0;1;20;80;22;24250;1456;1833
565;2025;48.7804, 2.37331;12;393;452;161;260;56;11;9;2;11;1;6;2;4;0;18;100;17;21934;3735;10476
566;2025;45.7801, 3.09279;30;238;267;72;164;109;25;22;4;25;3;22;12;3;7;16;100;14;24220;2293;7615
567;2025;50.6978, 3.16582;17;326;378;99;150;53;17;16;4;16;2;13;4;9;0;24;94;15;24717;2058;9375
568;2025;47.2051, -1.56238;8;199;220;37;207;43;13;11;1;12;3;11;9;1;1;8;92;27;24249;1456;9059
569;2025;43.5847, 1.39421;15;408;457;127;310;35;15;14;5;15;2;12;4;8;0;33;100;17;21692;917;9492
570;2025;47.4667, -0.54842;40;388;501;258;283;89;40;29;14;39;7;16;16;0;0;35;98;44;19253;1602;5463
571;2025;48.0063, 0.19611;25;301;405;212;218;130;25;18;0;23;0;17;15;2;0;0;92;0;19254;2683;5463
572;2025;47.3935, 0.6675;35;347;453;227;236;121;35;28;3;32;3;19;16;2;1;9;91;16;25232;1242;5463
573;2025;47.4665, -0.54854;25;208;267;107;143;63;25;21;9;24;3;10;5;4;1;36;96;30;25236;1602;4921
574;2025;48.0063, 0.19611;25;163;211;83;119;98;24;20;1;23;0;17;16;1;0;4;96;0;25237;2683;4921
575;2025;47.9957, -4.11019;42;516;668;423;435;320;42;32;15;39;3;17;10;4;3;36;93;18;26264;835;2705
576;2025;47.73553, -3.36527;36;537;701;444;447;256;36;28;13;31;3;18;16;2;0;36;86;17;26265;1873;2705
577;2025;48.1143, -1.67661;58;760;985;590;586;120;58;44;26;54;6;29;25;2;2;45;93;21;26263;1207;3755
578;2025;48.3847, -4.48912;45;582;762;467;477;309;45;29;10;39;2;25;22;1;2;22;87;8;26266;834;2489
579;2025;45.1865, 5.72662;40;138;183;108;74;70;30;23;15;30;4;9;7;2;0;50;100;44;26279;1275;7017
580;2025;44.9298, 4.92625;40;167;208;97;94;89;31;24;24;31;2;18;11;4;3;77;100;11;39565;709;2949
581;2025;48.67495, 6.17016;17;258;331;191;82;50;17;15;3;14;0;1;1;0;0;18;82;0;26191;1784;4791
582;2025;48.67495, 6.17016;17;185;228;130;59;41;17;13;4;16;0;4;4;0;0;24;94;0;44518;1784;4695
583;2025;48.67495, 6.17016;17;227;287;150;67;52;17;11;2;15;0;3;2;1;0;12;88;0;44519;1784;6686
584;2025;49.8912, 2.32019;14;188;270;143;35;16;14;12;12;14;0;1;1;0;0;86;100;0;39629;3206;5102
585;2025;49.90229, 2.29336;32;177;175;90;62;55;23;19;12;21;1;5;2;3;0;52;91;20;26168;3206;5258
586;2025;43.92245, 4.80643;15;74;83;35;83;37;18;17;7;18;0;8;8;0;0;39;100;0;39608;3327;7993
587;2025;43.92245, 4.80643;27;96;123;75;123;76;27;20;7;27;2;8;5;1;2;26;100;25;26178;3327;3459
588;2025;48.27, 4.06186;40;103;266;65;234;191;32;12;11;31;1;30;24;6;0;34;97;3;43218;230;5475
589;2025;48.7955, 2.32799;30;66;255;56;211;171;19;5;1;17;1;16;11;5;0;5;89;6;49042;3767;8829
590;2025;48.7955, 2.32799;50;70;318;57;249;208;38;5;6;35;1;32;27;5;0;16;92;3;43219;3767;6611
591;2025;47.3171, 5.06676;30;57;206;49;164;147;9;0;6;9;1;8;6;1;1;67;100;12;43220;595;6611
592;2025;47.91667, 1.9;20;49;196;49;156;110;0;0;0;0;0;0;0;0;0;0;0;0;49043;1550;6611
593;2025;48.7955, 2.32799;35;51;256;59;186;182;21;2;10;20;0;20;13;7;0;48;95;0;43217;3767;4749
594;2025;48.867, 2.35463;15;104;30;19;1;18;8;6;0;4;0;0;0;0;0;0;50;0;49493;2871;7998
595;2025;48.867, 2.35463;25;178;52;30;1;21;11;10;0;6;0;1;1;0;0;0;55;0;49494;2871;4760
596;2025;46.1407, -1.15601;20;36;43;6;33;37;16;11;13;14;0;13;6;6;1;81;88;0;43490;499;1089
597;2025;47.38333, 0.68333;20;31;33;5;25;28;9;7;7;8;0;8;6;1;1;78;89;0;43491;1259;1089
598;2025;48.867, 2.35463;15;308;124;50;23;25;15;13;0;15;1;1;1;0;0;0;100;100;35597;2871;10402
599;2025;48.26912, 4.06723;24;84;257;157;99;87;20;10;4;18;1;8;8;0;0;20;90;12;48001;227;2920
600;2025;43.573, 1.42441;14;31;92;75;30;42;11;1;4;6;3;5;0;0;5;36;55;60;42720;945;1084
601;2025;49.6554, -1.56916;14;101;177;45;57;30;15;5;8;14;0;10;9;1;0;53;93;0;6034;1677;6373
602;2025;50.63333, 3.06667;50;61;119;43;39;40;7;4;7;7;0;3;3;0;0;100;100;0;43001;2047;8147
603;2025;48.867, 2.35463;60;74;42;29;1;3;0;0;0;0;0;0;0;0;0;0;0;0;49495;2871;8672
604;2025;49.6554, -1.56916;13;134;235;66;63;17;15;9;11;15;0;10;10;0;0;73;100;0;6032;1677;3795
605;2025;49.6554, -1.56916;12;61;103;28;25;17;15;7;11;14;1;15;9;4;2;73;93;7;6033;1677;12167
606;2025;;50;9;30;25;0;0;0;0;0;0;0;0;0;0;0;0;0;0;31825;1093;12417
607;2025;43.59842, 3.87456;50;7;0;0;0;0;0;0;0;0;0;0;0;0;0;0;0;0;50405;1093;5045
608;2025;48.8561, 2.3964;32;30;37;21;20;28;6;4;3;5;0;3;3;0;0;50;83;0;49534;2875;2235
609;2025;45.4225, 4.40841;60;303;538;179;272;206;58;39;10;51;2;49;49;0;0;17;88;4;48009;1385;11613
610;2025;48.85423, 2.35736;30;5;5;0;4;5;1;1;0;0;0;1;1;0;0;0;0;0;49463;2943;8966
611;2025;42.6929, 9.45279;16;48;329;105;136;88;16;3;0;12;0;10;8;0;2;0;75;0;48604;3847;10025
612;2025;49.4886, 0.12241;42;60;441;140;186;119;42;12;10;38;3;27;19;2;6;24;90;11;33016;2972;4774
613;2025;43.66963, 7.21558;70;53;322;60;218;150;28;3;16;26;5;22;14;7;1;57;93;23;47397;163;6964
614;2025;43.60787, 3.88629;40;54;336;61;230;137;20;3;8;18;2;16;12;2;2;40;90;12;47392;1133;6964
615;2025;43.6, 1.43333;60;54;331;50;238;160;28;1;8;28;4;27;21;6;0;29;100;15;47400;947;6964
616;2025;45.74628, 4.8351;100;65;440;70;306;238;47;2;14;46;6;37;29;7;1;30;98;16;47390;2617;6964
617;2025;-20.96304, 55.64273;40;35;170;27;106;79;18;1;15;18;8;17;14;3;0;83;100;47;47401;4007;6964
618;2025;43.3127, 5.36365;60;55;309;54;195;143;31;1;13;30;2;27;17;6;4;42;97;7;47391;385;6964
619;2025;46.56667, 3.33333;20;28;159;32;118;74;17;0;8;13;2;12;8;3;1;47;76;17;47393;87;6964
620;2025;50.63333, 3.06667;80;51;371;46;271;198;53;6;18;48;8;45;36;8;1;34;91;18;47389;2105;6964
621;2025;44.8747, -0.5779;40;52;312;47;220;108;17;0;6;16;0;15;11;4;0;35;94;0;47388;1047;6964
622;2025;48.68333, 6.2;50;35;244;39;184;136;21;1;9;20;1;18;13;4;1;43;95;6;47395;1817;6964
623;2025;47.21667, -1.55;50;46;271;39;200;119;26;3;12;25;2;23;20;2;1;46;96;9;47396;1493;6964
624;2025;48.11168, -1.68187;50;42;249;36;189;113;9;1;8;9;2;9;7;1;1;89;100;22;47398;1206;6964
625;2025;48.81667, 2.36667;200;102;632;82;433;429;96;12;29;83;3;69;52;14;3;30;86;4;47387;3762;6964
626;2025;47.75, 7.33333;40;35;187;29;141;85;22;1;13;22;1;22;19;3;0;59;100;5;47394;2497;6964
627;2025;48.58333, 7.75;50;58;318;47;238;150;24;2;4;23;2;18;10;7;1;17;96;11;47399;2451;6964
628;2025;47.4629, -0.54627;40;15;21;6;21;20;1;0;1;1;0;0;0;0;0;100;100;0;49586;1651;7273
629;2025;48.6563, -1.96939;45;22;205;61;148;112;45;6;6;43;4;33;18;8;7;13;96;12;33015;1155;7347
630;2025;48.7889, 2.36884;70;52;190;46;101;109;43;10;28;38;5;29;22;6;1;65;88;17;42026;3769;1989
631;2025;43.574, 1.378;6;35;124;60;11;6;6;1;6;6;0;2;2;0;0;100;100;0;43340;930;9370
632;2025;43.574, 1.378;9;8;49;26;3;3;3;0;3;3;2;2;0;2;0;100;100;100;43339;930;3481
633;2025;49.4959, 0.12911;30;116;164;53;164;101;30;20;13;28;6;22;5;10;7;43;93;27;33521;3007;200
634;2025;43.6362, 3.85107;28;66;26;9;17;49;22;10;6;22;5;14;6;5;3;27;100;36;30667;1094;9582
635;2025;47.4629, -0.54627;30;8;29;9;29;36;3;0;2;2;0;2;1;0;1;67;67;0;36409;1651;4864
636;2025;48.83513, 2.29284;40;1515;2138;530;290;106;38;29;12;32;3;21;21;0;0;32;84;14;47504;2942;4982
637;2025;49.01683, 2.07457;15;60;26;14;18;40;5;2;1;3;2;2;2;0;0;20;60;100;23299;3830;3110
638;2025;48.119, -1.66723;8;7;9;7;2;2;1;1;1;1;0;0;0;0;0;100;100;0;44129;1211;8289
639;2025;48.8987, 2.06569;84;180;275;53;218;170;85;65;33;85;7;70;51;14;5;39;100;10;33287;3168;201
640;2025;49.444, 1.07741;40;84;86;26;68;112;36;20;13;25;2;12;5;4;3;36;69;17;23309;2991;6951
641;2025;48.8274, 2.37623;200;571;400;195;381;551;209;140;49;153;10;52;36;7;9;23;73;19;22932;2872;3656
642;2025;48.8274, 2.37623;100;206;195;112;195;284;105;68;20;68;7;19;14;1;4;19;65;37;22933;2872;2991
643;2025;48.8274, 2.37623;150;764;453;317;291;361;147;117;53;125;11;32;29;0;3;36;85;34;22931;2872;1385
644;2025;48.5771, 7.74701;12;232;226;44;30;30;11;7;2;8;0;10;10;0;0;18;73;0;45503;2450;4786
645;2025;48.8274, 2.37623;9;81;73;34;25;23;8;6;2;6;0;2;2;0;0;25;75;0;23488;2872;6732
646;2025;48.4039, 2.6947;70;374;684;206;331;167;70;43;57;66;7;57;57;0;0;81;94;12;39923;3100;4675
647;2025;44.1856, 0.62429;25;183;167;64;82;85;27;19;9;23;3;13;10;0;3;33;85;23;27815;1577;10310
648;2025;50.434, 2.82362;16;58;33;10;33;46;8;7;2;5;1;7;5;1;1;25;62;14;32169;2250;7248
649;2025;-20.9017, 55.4852;200;544;682;71;432;461;126;79;56;102;63;98;8;21;69;44;81;64;35589;3958;9107
650;2025;-21.2698, 55.507;200;502;628;65;411;436;140;89;76;127;78;115;9;18;88;54;91;68;35590;3990;6858
651;2025;46.1476, -1.15511;30;91;66;22;49;100;29;12;3;15;3;23;10;11;2;10;52;13;32420;504;11345
652;2025;47.4629, -0.54627;30;56;60;7;49;63;29;20;21;22;2;24;15;3;6;72;76;8;36027;1651;4463
653;2025;45.7514, 4.82694;22;72;34;12;32;68;25;13;3;14;2;17;10;5;2;12;56;12;35844;2535;11110
654;2025;43.3491, 3.22498;20;89;46;15;43;91;26;20;1;12;4;17;2;6;9;4;46;24;33449;1131;4077
655;2025;43.6308, 3.87033;35;133;73;23;64;99;34;28;12;32;7;22;10;5;7;35;94;32;33299;1100;3619
656;2025;42.3002, 9.15389;20;55;63;11;33;41;11;5;3;9;0;6;3;3;0;27;82;0;35544;3849;2893
657;2025;48.7018, 2.16757;25;121;81;29;22;54;24;12;8;24;5;20;5;12;3;33;100;25;30840;3539;10607
658;2025;49.1889, -0.36388;30;84;67;18;49;87;30;13;9;17;5;19;10;6;3;30;57;26;35390;420;654
659;2025;48.12188, -1.63894;26;91;62;20;28;52;24;15;8;15;3;11;5;4;2;33;62;27;32443;1211;4161
660;2025;48.12162, -1.70445;20;65;53;18;53;65;20;12;4;15;4;10;5;2;3;20;75;40;32529;1176;11492
661;2025;48.8553, 2.33163;360;803;473;115;200;439;291;184;89;142;45;198;117;50;31;31;49;23;18569;2938;6746
662;2025;48.9571, 2.33972;78;636;257;74;91;184;54;33;15;46;9;28;15;5;8;28;85;32;23722;3658;771
663;2025;;60;51;107;32;0;0;0;0;0;0;0;0;0;0;0;0;0;0;47507;3522;1171
664;2025;43.5608, 1.46936;36;215;75;24;37;91;38;18;9;21;2;14;8;4;2;24;55;14;35873;959;10115
665;2025;47.4629, -0.54627;15;13;9;6;5;5;1;1;1;1;0;0;0;0;0;100;100;0;39620;1651;299
666;2025;49.4959, 0.12911;50;89;86;14;50;88;23;14;6;20;8;14;1;5;8;26;87;57;33522;3007;6881
667;2025;48.6184, 2.30695;6;2;70;16;34;27;6;0;2;5;0;3;2;0;1;33;83;0;39203;3525;10669
668;2025;47.7282, 7.30827;7;24;70;26;24;24;6;1;2;6;0;4;1;0;3;33;100;0;18547;2479;6694
669;2025;48.9001, 2.06982;30;95;197;40;69;65;32;18;19;32;1;26;26;0;0;59;100;4;47496;3704;8021
670;2025;48.85083, 2.34123;32;893;1265;496;371;180;30;17;0;25;3;26;26;0;0;0;83;12;35151;2933;9664
671;2025;45.4295, 4.39125;6;431;605;5;300;24;6;5;1;5;4;6;6;0;0;17;83;67;35694;1412;7136
672;2025;45.4295, 4.39125;6;230;389;7;182;26;6;4;0;6;2;6;6;0;0;0;100;33;35695;1412;324
673;2025;48.68333, 6.2;20;129;221;2;38;23;20;14;17;20;1;20;20;0;0;85;100;5;32569;1811;7483
674;2025;49.5, 0.13333;11;65;102;0;18;13;11;10;6;9;0;11;11;0;0;55;82;0;32574;3021;2900
675;2025;48.84199, 2.28069;35;1116;1830;785;530;121;34;23;2;30;4;25;25;0;0;6;88;16;15914;2837;1168
676;2025;48.83681, 2.34612;60;1690;2718;684;700;245;58;42;7;46;4;42;42;0;0;12;79;10;9205;2837;8441
677;2025;48.69369, 6.17561;150;1069;1615;257;1588;671;148;98;16;137;14;133;133;0;0;11;93;11;6334;1794;10828
678;2025;44.93334, 4.90347;35;470;413;59;304;197;31;16;3;24;3;23;23;0;0;10;77;13;18560;725;8033
679;2025;48.9571, 2.33972;32;2585;643;201;266;248;34;19;3;21;5;20;19;1;0;9;62;25;28365;3658;2562
680;2025;46.6728, -1.41974;40;81;138;23;129;127;26;8;13;25;0;21;18;3;0;50;96;0;27500;3360;804
681;2025;49.0388, 2.0742;70;1571;590;123;127;171;68;42;37;62;8;56;56;0;0;54;91;14;44423;3829;7799
682;2025;47.47857, -0.55009;40;980;812;136;121;107;26;20;10;23;1;18;18;0;0;38;88;6;18495;1618;6541
683;2025;48.9035, 2.21449;105;1683;2810;709;950;454;103;60;13;92;12;79;79;0;0;13;89;15;24462;3578;4380
684;2025;48.8241, 2.30178;33;1084;1769;453;431;240;34;19;0;34;4;33;33;0;0;0;100;12;47243;2938;2757
685;2025;43.48885, -1.47195;50;298;455;73;196;150;50;38;33;43;8;46;46;0;0;66;86;17;39489;2357;8565
686;2025;48.8368, 2.34613;50;792;1173;335;582;171;49;40;10;46;7;43;43;0;0;20;94;16;9215;2837;11034
687;2025;49.1208, 6.16191;30;752;1030;176;801;219;30;18;0;26;4;26;26;0;0;0;87;15;42964;1906;12247
688;2025;48.1754, 6.4525;30;429;486;68;473;197;21;14;1;21;3;18;15;3;0;5;100;17;42967;3458;11577
689;2025;43.60723, 1.43792;60;950;1414;326;1260;190;60;47;10;59;7;57;55;2;0;17;98;12;13800;957;11915
690;2025;48.83675, 2.34613;30;486;776;252;270;86;31;21;7;31;6;30;30;0;0;23;100;20;17166;2837;6055
691;2025;48.9035, 2.21449;35;541;799;185;702;154;33;24;3;32;7;27;26;1;0;9;97;26;27436;3578;9741
692;2025;46.1476, -1.15511;24;339;524;56;501;115;23;15;3;23;5;20;20;0;0;13;100;25;44130;504;3788
693;2025;47.0492, -0.86518;40;413;388;39;322;344;37;25;30;34;1;29;29;0;0;81;92;3;17868;1633;7154
694;2025;48.83675, 2.34614;60;1173;1814;464;1433;264;61;49;8;55;7;48;47;0;1;13;90;15;17168;2837;5694
695;2025;48.83513, 2.29284;35;1201;1865;491;1865;118;34;22;3;30;5;32;31;1;0;9;88;16;35150;2942;11796
696;2025;48.9035, 2.21449;30;531;663;185;400;104;29;26;6;26;1;23;23;0;0;21;90;4;27437;3578;4607
697;2025;48.83681, 2.34612;60;1306;1601;457;330;172;59;48;16;56;3;57;57;0;0;27;95;5;9199;2837;12841
698;2025;48.83513, 2.29284;35;1161;1455;442;1409;104;35;30;4;32;2;30;30;0;0;11;91;7;35148;2942;449
699;2025;45.189, 5.77113;36;733;873;173;500;139;36;34;3;34;3;34;34;0;0;8;94;9;5027;1318;7744
700;2025;45.189, 5.77123;36;602;711;134;401;149;37;32;2;32;7;32;32;0;0;5;86;22;5028;1318;169
701;2025;46.1476, -1.15511;10;70;94;14;44;18;11;10;6;11;0;11;11;0;0;55;100;0;35555;504;962
702;2025;46.1476, -1.15511;10;90;104;17;37;23;11;11;3;11;1;10;10;0;0;27;100;10;35556;504;4361
703;2025;46.1476, -1.15511;10;139;157;16;42;23;11;9;5;11;2;10;10;0;0;45;100;20;35557;504;10264
704;2025;46.6773, -1.40623;190;796;835;113;833;916;186;160;155;165;19;138;128;9;1;83;89;14;10569;3362;9527
705;2025;46.57045, 0.37991;30;417;489;64;437;172;29;28;25;27;3;27;27;0;0;86;93;11;35428;3390;8627
706;2025;45.9188, 6.15735;8;92;115;24;70;24;8;6;1;7;2;8;8;0;0;12;88;25;35429;2761;2995
707;2025;45.9188, 6.15735;15;310;362;57;110;69;15;12;2;15;1;15;14;1;0;13;100;7;35426;2761;6992
708;2025;45.9188, 6.15735;7;138;174;43;70;25;8;7;4;8;1;8;8;0;0;50;100;12;35427;2761;1024
709;2025;47.3961, 0.68151;40;145;132;19;131;158;37;27;7;29;4;22;21;1;0;19;78;18;32016;1238;5028
710;2025;47.39616, 0.68162;170;585;647;89;645;540;168;143;34;153;25;138;124;12;2;20;91;18;32020;1238;1471
711;2025;47.39602, 0.68158;40;145;122;30;121;155;39;33;7;34;9;22;15;6;1;18;87;41;32018;1238;3714
712;2025;48.7858, 2.05107;60;484;579;92;370;232;60;52;3;56;8;53;50;2;1;5;93;15;9999;3129;7349
713;2025;45.748, 4.86064;42;672;886;235;496;158;40;34;5;40;5;34;34;0;0;12;100;15;18353;2580;8330
714;2025;48.9035, 2.21449;25;381;527;156;394;118;24;17;1;22;2;16;16;0;0;4;92;12;27434;3578;4197
715;2025;48.83673, 2.34609;60;886;1225;372;973;213;59;40;13;52;8;44;44;0;0;22;88;18;17163;2837;7339
716;2025;48.83671, 2.34608;60;5003;6655;1500;589;258;60;45;7;52;4;51;51;0;0;12;87;8;23589;2837;10541
717;2025;47.36712, 0.68444;60;1808;2452;383;1500;350;61;48;8;61;6;59;59;0;0;13;100;10;43367;1238;12084
718;2025;43.6049, 1.43513;90;947;1538;317;673;398;89;57;42;72;13;73;73;0;0;47;81;18;4137;920;2994
719;2025;48.8298, 2.38094;13;82;210;87;140;71;11;6;2;10;2;10;10;0;0;18;91;20;18844;2938;11978
720;2025;48.89894, 2.36034;30;258;768;287;300;137;28;10;2;21;4;19;19;0;0;7;75;21;17156;2837;11249
721;2025;47.8502, 1.93351;20;362;567;181;97;82;14;3;3;9;3;13;13;0;0;21;64;23;47187;1531;1107
722;2025;49.444, 1.07741;36;309;649;166;340;212;19;4;3;19;0;14;14;0;0;16;100;0;36106;2991;8871
723;2025;49.1208, 6.16204;25;256;527;104;296;166;16;5;1;15;0;13;13;0;0;6;94;0;43106;1906;639
724;2025;43.605, 1.43511;90;489;1363;357;712;460;92;36;24;78;7;76;76;0;0;26;85;9;4139;920;8546
725;2025;48.69375, 6.1751;40;266;212;52;133;136;26;16;2;23;6;17;16;1;0;8;88;35;30131;1794;4648
726;2025;48.9571, 2.33972;14;1083;142;59;54;63;11;6;0;9;0;8;8;0;0;0;82;0;18774;3658;2106
727;2025;44.93288, 4.90323;25;303;245;47;133;112;16;7;0;15;3;14;14;0;0;0;94;21;13933;725;12166
728;2025;45.1893, 5.77272;35;586;909;197;378;168;32;15;1;30;1;27;27;0;0;3;94;4;5040;1318;8883
729;2025;49.0388, 2.07414;36;514;346;71;103;99;35;23;29;34;6;31;31;0;0;83;97;19;44432;3830;4194
730;2025;48.9035, 2.21449;35;515;1256;264;616;278;33;16;0;28;2;25;25;0;0;0;85;8;24465;3578;1430
731;2025;48.9035, 2.21449;35;940;588;193;61;106;34;19;8;25;3;16;16;0;0;24;74;19;27233;3578;10733
732;2025;43.7089, 7.28822;80;1233;1444;317;773;435;77;49;2;62;7;51;48;2;1;3;81;14;15111;167;7791
733;2025;48.8452, 2.39666;30;1240;1918;610;1918;141;28;24;3;24;4;18;16;2;0;11;86;22;23961;2838;4467
734;2025;48.8452, 2.39666;36;250;329;87;294;156;36;27;1;35;3;27;26;1;0;3;97;11;47769;2838;11521
735;2025;43.6063, 1.43693;50;368;783;285;384;247;48;14;1;46;2;44;44;0;0;2;96;5;39937;957;12527
736;2025;48.82728, 2.36463;30;208;508;222;200;126;30;14;3;20;2;18;18;0;0;10;67;11;17155;2837;3640
737;2025;48.9571, 2.33972;25;504;243;91;136;130;21;14;1;16;5;15;13;2;0;5;76;33;24740;3658;8463
738;2025;48.8989, 2.36047;20;163;386;134;199;72;20;11;1;19;1;17;17;0;0;5;95;6;17158;2837;12519
739;2025;48.8423, 2.33608;20;969;253;103;81;80;19;16;2;14;1;5;5;0;0;11;74;20;12475;2933;3645
740;2025;48.85083, 2.34123;30;92;44;17;42;82;30;18;5;27;4;16;10;4;2;17;90;25;47314;2933;2050
741;2025;48.85083, 2.34123;20;453;829;347;416;100;19;15;5;16;1;12;12;0;0;26;84;8;30859;2933;9577
742;2025;46.6728, -1.41974;60;39;60;11;57;73;7;3;6;7;1;7;7;0;0;86;100;14;15653;3360;7226
743;2025;48.89894, 2.36034;30;1793;102;47;72;89;28;11;11;24;0;16;16;0;0;39;86;0;48192;2837;8726
744;2025;45.7482, 4.86043;30;170;375;110;352;123;30;16;2;27;5;26;25;0;1;7;90;19;8537;2580;12800
745;2025;48.9035, 2.21449;15;153;382;128;242;103;15;6;1;13;3;10;9;1;0;7;87;30;24457;3578;5465
746;2025;48.8999, 2.34691;100;669;625;222;462;366;100;39;7;86;11;66;65;0;1;7;86;17;9309;2933;11344
747;2025;48.7885, 2.44418;33;466;138;38;41;126;32;15;3;22;7;21;21;0;0;9;69;33;11507;3732;1588
748;2025;46.1476, -1.15511;11;81;171;32;128;63;11;4;1;10;1;9;9;0;0;9;91;11;24339;504;3510
749;2025;46.1476, -1.15511;18;97;217;35;173;97;14;6;0;14;1;12;12;0;0;0;100;8;44398;504;4699
750;2025;48.9035, 2.21449;15;302;391;121;302;101;15;13;0;13;1;10;9;0;1;0;87;10;24458;3578;11599
751;2025;48.89897, 2.36;60;1077;1467;543;581;257;60;53;8;56;5;53;53;0;0;13;93;9;9209;2837;9827
752;2025;48.89969, 2.34683;25;1039;1446;481;843;82;24;19;0;21;2;22;22;0;0;0;88;9;35152;2933;3820
753;2025;48.9458, 2.36341;35;1115;320;81;125;207;42;21;2;34;3;17;14;2;1;5;81;18;20910;3674;4357
754;2025;48.7885, 2.44418;5;70;22;7;5;18;4;3;0;1;1;1;1;0;0;0;25;100;11503;3732;9281
755;2025;48.9035, 2.21449;30;330;432;84;338;169;29;24;5;28;2;21;21;0;0;17;97;10;24463;3578;9457
756;2025;48.8997, 2.34696;20;40;54;15;41;51;6;2;0;4;1;2;2;0;0;0;67;50;9314;2933;12682
757;2025;48.8997, 2.34678;65;791;1111;333;1017;228;63;49;11;60;8;47;47;0;0;17;95;17;9302;2933;3404
758;2025;48.89969, 2.34692;40;562;309;149;100;115;39;26;10;36;7;32;31;1;0;26;92;22;12468;2933;8031
759;2025;48.8998, 2.34698;20;110;80;20;80;64;17;9;2;16;0;10;8;2;0;12;94;0;12469;2933;1690
760;2025;48.7885, 2.44418;38;916;240;63;96;188;35;19;1;23;3;23;23;0;0;3;66;13;11502;3732;1489
761;2025;48.7885, 2.44418;5;135;35;10;11;25;5;4;0;4;1;4;3;1;0;0;80;25;11504;3732;10411
762;2025;48.8289, 2.38223;10;151;233;111;42;27;10;7;2;10;2;7;7;0;0;20;100;29;47200;2938;11115
763;2025;48.89894, 2.36034;20;123;95;26;65;69;15;7;1;12;1;6;6;0;0;7;80;17;22937;2837;816
764;2025;45.558, 5.91097;12;60;65;9;59;49;9;4;1;9;0;9;9;0;0;11;100;0;43493;2718;3813
765;2025;48.8999, 2.34676;40;431;216;55;165;148;40;28;8;33;4;32;32;0;0;20;82;12;9313;2933;240
766;2025;48.8999, 2.34713;35;66;75;22;61;71;15;9;5;15;1;12;12;0;0;33;100;8;9315;2933;2895
767;2025;45.1918, 5.76752;9;104;109;22;91;41;6;5;2;6;0;4;4;0;0;33;100;0;42868;1318;5088
768;2025;48.89894, 2.36034;30;460;585;160;404;183;30;21;0;30;2;30;30;0;0;0;100;7;48393;2837;12082
769;2025;48.7885, 2.44418;33;597;107;33;62;140;31;23;2;10;2;11;11;0;0;6;32;18;11506;3732;7725
770;2025;48.7885, 2.44418;25;425;202;55;80;131;27;14;5;27;1;15;15;0;0;19;100;7;11505;3732;10728
771;2025;48.8989, 2.36004;100;3432;5684;1731;3447;418;102;72;6;84;15;89;89;0;0;6;82;17;9208;2837;12637
772;2025;48.9458, 2.36341;36;850;1497;453;475;208;35;26;10;32;3;26;26;0;0;29;91;12;14131;3674;10704
773;2025;48.7885, 2.44418;20;751;1336;379;868;151;20;10;4;17;1;18;18;0;0;20;85;6;36051;3732;9050
774;2025;47.3962, 0.68188;100;495;805;209;801;809;100;56;95;96;6;81;76;4;1;95;96;7;20560;1238;126
775;2025;47.24574, -1.55126;36;504;637;138;414;155;36;35;18;36;9;31;30;1;0;50;100;29;36018;1506;9072
776;2025;48.9035, 2.21449;30;509;669;235;247;129;30;22;5;24;5;27;26;1;0;17;80;19;24461;3578;6709
777;2025;44.7966, -0.61747;10;53;26;10;24;25;7;6;2;6;0;3;3;0;0;29;86;0;18080;1013;6246
778;2025;44.7966, -0.61747;38;971;1199;278;300;133;38;33;9;33;2;34;34;0;0;24;87;6;12447;1013;1799
779;2025;44.7966, -0.61747;30;288;302;76;200;113;29;25;5;26;4;22;22;0;0;17;90;18;18082;1013;9944
780;2025;48.8557, 2.33129;10;816;177;85;30;44;10;6;1;6;1;5;5;0;0;10;60;20;47244;2938;3309
781;2025;48.9571, 2.33972;45;631;1809;569;776;397;39;7;0;26;7;20;18;1;1;0;67;35;22026;3658;4169
782;2025;43.7171, 7.26733;35;285;926;292;427;222;33;7;0;32;2;24;24;0;0;0;97;8;18405;167;11685
783;2025;48.8294, 2.38159;57;804;3390;1179;1145;634;59;13;22;52;7;50;50;0;0;37;88;14;47242;2938;2009
784;2025;48.82947, 2.38175;16;460;824;462;258;113;15;8;2;10;3;8;8;0;0;13;67;38;23564;2938;8974
785;2025;48.88336, 2.31018;16;502;157;83;25;48;14;7;3;11;1;6;6;0;0;21;79;17;28456;2933;598
786;2025;48.85083, 2.34123;16;212;159;46;80;74;11;9;0;8;1;7;7;0;0;0;73;14;30851;2933;2485
787;2025;43.31626, -0.36509;10;15;13;2;10;14;2;2;0;2;0;2;2;0;0;0;100;0;49110;2358;8127
788;2025;43.31626, -0.36509;40;123;139;19;84;104;19;11;4;15;4;14;14;0;0;21;79;29;49109;2358;12435
789;2025;48.579, 7.7663;40;481;549;145;248;161;38;19;6;30;3;23;22;1;0;16;79;13;17600;2450;670
790;2025;45.74825, 4.86062;20;225;192;53;110;76;16;10;2;14;3;13;11;2;0;12;88;23;8515;2580;961
791;2025;45.74827, 4.86029;10;621;193;78;25;28;6;6;0;6;1;1;1;0;0;0;100;100;8517;2580;8412
792;2025;45.74819, 4.86038;10;109;143;55;60;32;9;6;1;8;2;8;7;1;0;11;89;25;8526;2580;4955
793;2025;45.74816, 4.86034;10;209;242;100;70;37;10;10;1;9;2;9;9;0;0;10;90;22;16694;2580;9776
794;2025;45.74828, 4.86042;30;732;1070;261;330;107;30;19;4;29;2;22;22;0;0;13;97;9;8518;2580;2524
795;2025;45.74821, 4.86046;20;266;303;80;117;58;19;14;3;17;4;17;17;0;0;16;89;24;8520;2580;12719
796;2025;45.74819, 4.86034;10;121;201;72;50;31;10;6;2;10;2;8;8;0;0;20;100;25;8528;2580;12672
797;2025;45.74807, 4.86042;10;88;29;11;2;3;1;1;1;1;0;0;0;0;0;100;100;0;8522;2580;221
798;2025;45.74816, 4.86034;10;253;65;27;21;19;4;4;1;4;0;3;3;0;0;25;100;0;18455;2580;4266
799;2025;45.74821, 4.86029;10;97;146;38;40;34;10;6;1;10;1;7;7;0;0;10;100;14;8524;2580;5992
800;2025;49.89616, 2.30179;40;421;503;89;300;138;41;39;8;41;12;40;40;0;0;20;100;30;33110;3205;2405
801;2025;48.8289, 2.38223;10;406;273;136;35;37;9;2;0;8;0;6;6;0;0;0;89;0;24026;2938;3832
802;2025;48.7885, 2.44418;10;169;51;18;16;40;8;5;0;1;1;3;2;1;0;0;12;33;12870;3732;2601
803;2025;48.8274, 2.37623;10;216;66;38;44;38;9;5;3;9;0;4;4;0;0;33;100;0;30370;2872;8693
804;2025;49.9044, 2.29889;20;70;69;11;40;37;3;2;3;3;2;3;3;0;0;100;100;67;42950;3205;9669
805;2025;48.9035, 2.21449;10;160;38;12;25;39;10;10;0;8;1;5;5;0;0;0;80;20;24469;3578;2091
806;2025;48.9035, 2.21449;10;121;57;15;32;46;9;6;0;3;2;5;4;1;0;0;33;40;24466;3578;456
807;2025;48.9035, 2.21449;10;575;87;19;58;55;10;6;0;8;1;7;6;1;0;0;80;14;24467;3578;11697
808;2025;48.9035, 2.21449;10;205;58;16;46;77;9;7;0;4;2;2;1;1;0;0;44;100;24468;3578;10469
809;2025;48.9035, 2.21449;10;98;49;9;38;45;10;6;1;8;3;7;7;0;0;10;80;43;24470;3578;11452
810;2025;45.1906, 5.77424;12;29;27;7;19;24;4;4;3;4;1;1;1;0;0;75;100;100;17989;1318;3786
811;2025;45.191, 5.77433;20;122;83;21;73;99;6;3;3;5;1;4;4;0;0;50;83;25;17990;1318;3826
812;2025;45.1906, 5.77415;10;69;60;16;41;47;4;3;3;4;2;4;4;0;0;75;100;50;17991;1318;10980
813;2025;47.4798, -0.60313;36;54;46;7;46;57;15;13;13;14;4;14;14;0;0;87;93;29;36009;1618;5044
814;2025;47.4771, -0.54994;18;183;197;36;197;99;18;14;3;16;1;13;12;0;1;17;89;8;36010;1618;11006
815;2025;48.8452, 2.39666;10;180;56;20;32;31;10;7;3;6;2;6;6;0;0;30;60;33;24031;2838;3853
816;2025;48.8997, 2.34655;20;131;85;27;54;67;11;7;1;4;4;9;9;0;0;9;36;44;9304;2933;2456
817;2025;48.89979, 2.34657;15;269;155;41;72;48;14;13;3;14;0;11;11;0;0;21;100;0;9303;2933;5266
818;2025;48.9001, 2.34691;15;165;30;11;15;43;11;10;3;9;1;7;5;2;0;27;82;14;12535;2933;9511
819;2025;47.3839, 0.67379;50;80;56;19;56;72;13;10;8;9;3;9;9;0;0;62;69;33;43368;1238;10198
820;2025;48.9, 2.34693;40;160;246;85;246;137;38;23;7;31;10;22;11;4;7;18;82;45;9291;2933;6086
821;2025;48.85083, 2.34123;20;29;16;6;16;35;9;5;2;4;1;4;4;0;0;22;44;25;47324;2933;12201
822;2025;47.3135, 5.06427;24;198;159;52;85;89;7;6;3;4;0;6;6;0;0;43;57;0;21512;598;6094
823;2025;45.1906, 5.77411;10;31;26;8;14;17;4;4;2;4;0;1;1;0;0;50;100;0;18373;1318;9443
824;2025;48.85083, 2.34123;40;145;57;21;39;55;10;8;4;6;1;3;3;0;0;40;60;33;47317;2933;3161
825;2025;47.3963, 0.68197;50;253;241;57;240;296;44;33;21;30;4;27;19;5;3;48;68;15;20568;1238;12505
826;2025;48.8452, 2.39666;30;509;683;150;683;173;28;20;2;25;9;25;23;0;2;7;89;36;48017;2838;1838
827;2025;48.8834, 2.31008;25;51;33;14;33;87;24;12;1;9;0;9;6;2;1;4;38;0;17209;2933;8921
828;2025;46.6728, -1.41974;40;32;40;4;33;36;5;5;4;4;0;4;4;0;0;80;80;0;27501;3360;8256
829;2025;46.6728, -1.41974;40;29;42;4;39;39;6;6;6;6;1;5;5;0;0;100;100;20;17423;3360;6990
830;2025;47.47973, -0.60272;30;369;377;57;210;222;28;23;23;27;4;24;24;0;0;82;96;17;20622;1618;5047
831;2025;45.1907, 5.77425;16;164;196;51;196;186;14;12;10;14;1;4;4;0;0;71;100;25;26589;1318;5487
832;2025;45.1907, 5.77425;30;246;266;63;266;242;20;15;14;17;3;12;12;0;0;70;85;25;26591;1318;11343
833;2025;48.88344, 2.31003;30;112;92;23;78;68;3;3;2;3;1;2;2;0;0;67;100;50;9293;2933;9960
834;2025;48.85083, 2.34123;40;848;1026;303;458;154;38;35;4;37;5;38;38;0;0;11;97;13;47315;2933;2760
835;2025;48.85083, 2.34123;50;463;150;55;87;110;15;13;2;12;2;11;11;0;0;13;80;18;47316;2933;12008
836;2025;47.743, -3.38503;20;66;69;16;58;46;4;4;3;4;1;4;4;0;0;75;100;25;26406;1865;9231
837;2025;48.8452, 2.39666;40;790;1062;320;1062;247;38;24;2;31;3;21;20;1;0;5;82;14;9250;2838;10748
838;2025;48.0161, 0.16432;40;209;444;84;238;196;24;5;5;22;2;18;18;0;0;21;92;11;17173;2689;4003
839;2025;48.583, 7.77287;40;418;1163;290;497;216;40;14;2;35;4;33;33;0;0;5;88;12;8067;2450;6331
840;2025;48.6249, 2.42598;35;505;454;117;283;222;32;9;1;28;5;25;25;0;0;3;88;20;15246;3522;5384
841;2025;47.4803, -0.60056;25;226;582;91;280;148;24;10;3;21;0;19;19;0;0;12;88;0;19679;1618;2825
842;2025;49.0388, 2.0742;25;590;834;246;305;268;19;3;6;14;1;17;17;0;0;32;74;6;39830;3829;6957
843;2025;48.8396, 2.58732;18;129;683;192;683;143;18;3;6;17;1;18;18;0;0;33;94;6;44224;3098;2319
844;2025;43.6158, 3.87189;32;267;1281;401;825;229;30;12;5;24;7;17;17;0;0;17;80;41;31726;1136;4678
845;2025;48.7885, 2.44418;24;240;1156;357;540;193;22;4;1;14;3;15;15;0;0;5;64;20;11477;3732;3303
846;2025;43.5608, 1.46936;36;317;1434;426;945;190;36;5;7;34;7;34;34;0;0;19;94;21;31831;959;2739
847;2025;43.7169, 7.26667;35;548;1638;414;1081;299;35;16;0;30;3;24;24;0;0;0;86;12;20473;167;8242
848;2025;49.0388, 2.0742;15;317;952;220;549;288;12;4;0;4;1;4;4;0;0;0;33;25;39831;3829;11015
849;2025;48.7885, 2.44418;20;509;1537;428;863;207;20;4;0;9;2;15;15;0;0;0;45;13;12860;3732;1216
850;2025;48.8396, 2.58732;13;357;1026;208;447;251;14;6;5;14;0;11;11;0;0;36;100;0;27091;3098;9180
851;2025;43.7169, 7.26667;35;517;396;142;221;169;28;17;6;22;3;11;11;0;0;21;79;27;22696;167;9399
852;2025;48.89971, 2.34681;10;32;45;16;14;14;2;2;1;2;0;1;1;0;0;50;100;0;13981;2933;5935
853;2025;43.6924, 7.23735;35;973;464;112;146;174;32;23;3;19;3;24;21;3;0;9;59;12;20975;167;7877
854;2025;46.5856, 0.34211;30;295;245;49;190;171;30;20;21;28;5;24;24;0;0;70;93;21;20615;3390;3862
855;2025;48.89894, 2.36034;25;144;327;141;230;117;25;13;1;21;1;11;11;0;0;4;84;9;19667;2837;12306
856;2025;48.899, 2.36052;20;364;675;224;435;120;19;9;0;11;1;13;13;0;0;0;58;8;19668;2837;10013
857;2025;48.89974, 2.34696;25;121;51;20;48;74;25;13;3;12;2;4;3;1;0;12;48;50;19346;2933;993
858;2025;45.1927, 5.7732;9;109;107;24;87;48;2;1;0;2;0;0;0;0;0;0;100;0;23720;1318;1157
859;2025;45.1922, 5.77368;20;170;198;47;196;180;18;11;6;10;1;8;7;1;0;33;56;12;17485;1318;7508
860;2025;43.6927, 7.23677;45;985;1187;368;641;217;44;38;3;38;3;33;33;0;0;7;86;9;18320;167;1445
861;2025;48.838, 2.33571;25;512;459;190;94;68;24;23;13;22;2;22;22;0;0;54;92;9;32685;2843;2952
862;2025;48.89894, 2.36034;30;1137;1778;738;1261;126;30;23;3;27;3;26;26;0;0;10;90;12;17154;2837;1676
863;2025;48.9001, 2.34687;30;542;781;326;743;142;30;21;2;26;2;23;23;0;0;7;87;9;9312;2933;779
864;2025;47.3839, 0.67379;15;235;425;144;309;179;12;6;3;9;0;5;5;0;0;25;75;0;43366;1238;3350
865;2025;48.8287, 2.3819;32;1233;1981;568;1391;546;30;16;9;16;2;22;22;0;0;30;53;9;18436;2938;2941
866;2025;48.85083, 2.34123;24;126;240;61;66;61;20;7;8;20;0;19;19;0;0;40;100;0;28459;2933;4906
867;2025;48.83677, 2.34613;30;1467;2752;794;400;137;30;24;3;28;2;29;29;0;0;10;93;7;23595;2837;4576
868;2025;46.6728, -1.41974;60;118;139;15;111;109;28;19;21;28;1;25;25;0;0;75;100;4;19378;3360;3758
869;2025;48.85083, 2.34123;24;598;1042;426;453;148;24;14;7;21;2;17;17;0;0;29;88;12;30860;2933;3222
870;2025;48.8552, 2.33109;6;395;287;201;96;45;6;6;1;4;0;3;3;0;0;17;67;0;47246;2938;9163
871;2025;48.8552, 2.33109;6;199;253;166;84;28;5;4;0;4;0;4;4;0;0;0;80;0;47248;2938;11365
872;2025;48.8552, 2.33109;6;461;616;319;311;72;6;5;0;3;0;3;3;0;0;0;50;0;47245;2938;917
873;2025;48.8552, 2.33109;6;1306;1492;900;252;29;6;6;1;5;1;6;6;0;0;17;83;17;47247;2938;11654
874;2025;48.8292, 2.38215;15;486;125;59;25;29;5;4;2;5;0;3;3;0;0;40;100;0;19462;2938;1806
875;2025;48.5807, 7.76654;50;217;195;75;138;147;21;7;12;21;1;12;12;0;0;57;100;8;15315;2450;9095
876;2025;43.7169, 7.26667;35;472;671;187;412;281;36;27;36;36;4;33;33;0;0;100;100;12;20458;167;4140
877;2025;43.7169, 7.26667;35;723;849;324;646;272;28;25;2;17;4;23;23;0;0;7;61;17;19167;167;7165
878;2025;48.9035, 2.21449;10;218;274;63;186;71;10;10;1;8;2;8;7;1;0;10;80;25;27451;3578;1559
879;2025;48.9035, 2.21449;10;293;91;21;78;59;10;6;3;9;0;8;6;2;0;30;90;0;27452;3578;945
880;2025;45.1916, 5.76531;32;52;134;29;50;49;20;10;13;20;0;18;18;0;0;65;100;0;19206;1318;8722
881;2025;50.6105, 3.1431;40;579;886;219;794;297;40;31;18;36;6;34;34;0;0;45;90;18;16554;2121;813
882;2025;45.1683, 5.70642;15;110;128;76;72;58;13;13;3;12;6;9;0;2;7;23;92;67;25191;1266;5763
883;2025;46.197, 5.22398;12;6;0;0;0;0;0;0;0;0;0;0;0;0;0;0;0;0;30692;4;1007
884;2025;45.821, 4.90938;12;28;32;15;2;2;0;0;0;0;0;0;0;0;0;0;0;0;46726;2581;3661
885;2025;43.2394, 0.06439;5;25;27;7;27;18;4;4;2;4;0;3;0;0;3;50;100;0;46200;2369;7708
886;2025;48.9487, 2.57963;12;75;132;43;53;42;9;5;1;8;1;4;0;0;4;11;89;25;24735;3655;12020
887;2025;46.7841, 4.8576;12;140;155;68;92;50;9;7;3;7;1;7;1;0;6;33;78;14;29246;2672;3135
888;2025;45.9065, 6.12986;12;37;44;20;28;23;8;6;4;8;1;2;0;0;2;50;100;50;25389;2737;11672
889;2025;45.9298, -0.96671;12;139;158;59;112;46;11;11;3;8;1;4;0;0;4;27;73;25;37658;480;6584
890;2025;43.9553, 1.23047;10;19;23;9;15;16;3;1;2;3;1;3;1;0;2;67;100;33;50097;3266;9532
891;2025;42.9857, 1.61749;12;17;9;7;9;9;4;3;4;4;0;0;0;0;0;100;100;0;50096;204;4765
892;2025;43.926, 2.13904;12;31;31;21;14;14;4;3;4;4;1;2;0;1;1;100;100;50;46201;3227;7214
893;2025;43.5971, 1.40494;12;72;54;31;22;34;9;7;3;4;1;3;0;3;0;33;44;33;25470;887;5684
894;2025;45.8517, 1.29235;6;43;64;23;64;12;7;4;6;7;1;2;0;0;2;86;100;50;24275;3429;1826
895;2025;43.5971, 1.40494;12;52;89;49;40;32;9;5;5;9;2;9;0;2;7;56;100;22;25471;887;11646
896;2025;48.9073, 2.42934;12;20;8;4;4;4;2;1;2;2;0;0;0;0;0;100;100;0;48497;3688;3115
897;2025;47.31175, 5.05025;15;20;29;14;27;31;8;2;5;8;0;3;1;0;2;62;100;0;25361;573;10592
898;2025;45.3947, 2.50436;12;83;146;139;18;27;6;1;4;6;0;3;0;0;3;67;100;0;32447;531;8643
899;2025;42.7028, 3.02789;12;3;15;6;8;8;3;0;3;3;1;3;0;0;3;100;100;33;47490;2397;10262
900;2025;48.9065, 2.4912;12;215;281;72;273;49;12;8;3;11;5;8;0;3;5;25;92;62;44815;3694;9167
901;2025;43.0712, 0.57394;12;8;31;28;8;8;4;1;4;4;0;0;0;0;0;100;100;0;46202;877;597
902;2025;43.2595, 5.39057;14;18;60;46;12;14;7;0;7;7;0;2;0;0;2;100;100;0;24419;294;10826
903;2025;46.7787, 4.84286;10;15;47;24;20;19;9;1;5;9;1;9;0;0;9;56;100;11;23514;2663;4642
904;2025;;10;4;39;18;0;0;0;0;0;0;0;0;0;0;0;0;0;0;36279;2368;8981
905;2025;44.1274, 0.3118;12;45;75;40;49;45;7;5;1;6;0;1;1;0;0;14;86;0;39856;1567;144
906;2025;45.7654, 4.88685;6;20;18;11;18;22;6;4;0;5;0;1;1;0;0;0;83;0;36517;2579;11991
907;2025;48.8164, 2.49799;24;223;259;163;48;83;19;6;0;14;4;17;0;5;12;0;74;24;24726;3706;8421
908;2025;48.7638, 2.42172;12;100;231;151;83;55;10;2;0;7;2;8;0;3;5;0;70;25;44623;3733;7675
909;2025;-21.3814, 55.6097;15;91;87;19;48;53;13;11;3;11;6;9;2;0;7;23;85;67;44140;3972;4224
910;2025;47.8852, -3.55448;15;3;19;14;7;7;2;0;2;2;0;1;0;0;1;100;100;0;45946;790;7526
911;2025;48.5088, 2.66308;12;19;53;31;27;29;2;1;1;2;0;1;0;0;1;50;100;0;39347;3042;9661
912;2025;43.28374, 5.37273;12;4;3;1;2;3;0;0;0;0;0;0;0;0;0;0;0;0;50266;337;9659
913;2025;46.5984, 0.32943;10;30;30;11;30;30;9;6;2;9;2;6;2;2;2;22;100;33;25362;3377;4645
914;2025;47.6545, -2.08091;12;1;20;13;11;11;3;0;3;3;1;1;0;0;1;100;100;100;37059;1169;8634
915;2025;48.8324, 2.23343;12;173;231;99;73;50;11;10;3;9;1;6;1;0;5;27;82;17;25153;3611;10917
916;2025;48.9087, 2.42821;12;56;107;35;62;32;11;5;2;11;4;11;0;0;11;18;100;36;48498;3656;8238
917;2025;48.1816, 5.89512;12;73;74;18;40;25;11;11;7;8;4;11;0;0;11;64;73;36;24122;3436;7171
918;2025;42.5462, 3.02291;15;33;58;48;13;13;2;0;2;2;1;1;0;0;1;100;100;100;45807;2399;6826
919;2025;48.8305, 2.34912;9;396;564;194;31;17;9;5;6;9;3;5;0;2;3;67;100;60;43563;2830;9673
920;2025;46.3509, 2.60638;8;1;11;5;10;10;2;1;2;2;1;2;0;0;2;100;100;50;47815;80;7257
921;2025;48.8746, 2.36381;7;93;70;26;16;16;7;7;6;7;0;3;0;0;3;86;100;0;45536;2826;4107
922;2025;48.3932, 2.95877;24;9;94;27;67;54;19;1;7;19;10;16;1;7;8;37;100;62;24712;3039;3301
923;2025;43.0712, 0.57394;12;0;0;0;0;1;0;0;0;0;0;0;0;0;0;0;0;0;50084;877;3435
924;2025;;12;3;22;12;18;18;0;0;0;0;0;0;0;0;0;0;0;0;24123;3441;7606
925;2025;44.7823, -0.49391;10;7;38;17;24;26;3;1;1;2;1;1;0;1;0;33;67;100;47505;982;1184
926;2025;43.8959, -0.46321;12;6;85;59;17;16;5;0;5;5;2;5;0;0;5;100;100;40;39808;1343;12433
927;2025;43.2595, 5.39057;14;17;145;67;46;22;14;2;9;14;0;1;0;0;1;64;100;0;44884;294;5830
928;2025;45.85895, 1.31097;12;1;13;10;3;3;1;0;1;1;1;1;0;0;1;100;100;100;48500;3411;11590
929;2025;45.6299, 0.2178;12;1;4;3;1;3;1;0;0;0;0;1;0;0;1;0;0;0;39867;469;217
930;2025;43.5856, 1.39826;12;17;14;8;5;16;5;3;2;4;0;3;1;1;1;40;80;0;35029;918;615
931;2025;48.8521, 2.39269;12;134;161;59;30;23;12;11;7;12;4;11;0;0;11;58;100;36;29504;2827;5392
932;2025;42.5464, 2.8919;12;7;31;11;11;12;5;0;5;5;2;4;0;0;4;100;100;50;45801;2386;211
933;2025;48.8384, 2.30218;9;14;19;11;13;21;7;5;3;5;0;3;1;0;2;43;71;0;49583;2909;5587
934;2025;48.8831, 2.21131;12;7;54;29;22;27;6;1;2;5;2;5;0;0;5;33;83;40;34953;3590;5728
935;2025;48.373, 2.92712;12;2;12;5;6;8;3;1;3;3;1;2;0;0;2;100;100;50;44899;3043;3411
936;2025;45.7694, 4.82224;12;111;138;64;63;40;7;5;2;6;3;6;0;1;5;29;86;50;37232;2514;1537
937;2025;;6;1;16;6;0;0;0;0;0;0;0;0;0;0;0;0;0;0;32696;3295;6106
938;2025;48.8305, 2.34912;10;79;160;63;119;27;9;6;3;8;1;2;0;0;2;33;89;50;25230;2830;3767
939;2025;48.8241, 3.09245;15;12;109;48;65;41;15;0;4;14;1;6;0;0;6;27;93;17;24738;3032;1670
940;2025;46.99, 3.15261;12;19;171;62;105;38;11;0;2;8;3;8;0;0;8;18;73;38;16205;1942;1982
941;2025;43.7534, -0.02794;12;15;189;63;129;39;12;1;4;11;1;8;0;0;8;33;92;12;25353;964;4783
942;2025;48.7003, 2.09753;12;122;68;49;21;43;10;6;2;7;3;7;1;5;1;20;70;43;25150;3518;8559
943;2025;45.2228, 6.46501;12;6;17;11;7;8;2;1;1;1;0;2;0;0;2;50;50;0;23584;2712;1844
944;2025;43.5922, 1.41776;12;41;108;60;72;37;11;3;4;9;1;3;1;0;2;36;82;33;46204;932;6577
945;2025;43.4503, 2.01191;8;6;28;23;21;15;8;1;4;7;0;1;0;0;1;50;88;0;46199;894;11447
946;2025;48.7828, 2.46266;24;39;85;56;25;30;7;1;4;7;2;3;0;2;1;57;100;67;44816;3707;4644
947;2025;50.736, 1.62276;45;44;129;14;72;73;42;12;33;42;5;39;19;10;10;79;100;13;38437;2219;7172
948;2025;48.8521, 2.39269;12;77;72;27;30;29;10;9;3;8;0;5;0;0;5;30;80;0;29503;2827;5946
949;2025;48.777, 1.98035;24;681;1334;214;190;122;20;7;2;17;1;19;7;2;10;10;85;5;48693;3104;5163
950;2025;46.2207, 1.76194;15;47;105;22;91;54;13;4;4;10;1;13;6;2;5;31;77;8;43438;644;7405
951;2025;47.8367, 1.94185;15;69;158;28;81;49;15;5;1;14;2;15;5;3;7;7;93;13;29859;1529;2061
952;2025;48.8549, 2.36608;16;79;182;34;100;51;12;4;2;10;2;12;4;1;7;17;83;17;35012;2851;2860
953;2025;50.8169, 1.70967;18;98;235;29;227;62;18;8;6;14;3;18;7;1;10;33;78;17;45702;2203;3643
954;2025;49.6147, 3.21201;15;35;91;13;91;55;14;4;5;12;2;12;1;3;8;36;86;17;37289;51;1777
955;2025;46.9382, 4.2943;10;20;28;22;14;14;1;1;0;1;1;1;0;0;1;0;100;100;30862;2646;9476
956;2025;48.7734, 2.41629;12;21;27;18;18;23;5;1;3;5;0;1;0;0;1;60;100;0;24731;3720;3204
957;2025;48.6457, 4.97396;15;4;26;12;18;18;6;0;5;6;3;4;0;0;4;83;100;75;39920;1731;9142
958;2025;48.9839, 2.24499;12;3;30;12;19;29;7;0;2;4;1;4;1;0;3;29;57;25;34966;3802;8600
959;2025;48.1816, 5.89512;12;3;16;5;13;13;7;0;7;7;2;7;0;0;7;100;100;29;39932;3436;1316
960;2025;43.28374, 5.37273;12;21;26;12;22;21;4;2;3;4;3;3;0;0;3;75;100;100;27791;337;11703
961;2025;45.768, 4.83749;11;47;32;14;16;36;3;3;1;2;0;2;1;0;1;33;67;0;30021;2560;5606
962;2025;46.2014, 5.22607;12;37;23;9;20;28;12;12;7;8;1;2;0;0;2;58;67;50;24758;10;9899
963;2025;44.538, 4.68913;12;93;94;63;42;33;5;5;3;5;1;1;0;0;1;60;100;100;26508;183;8324
964;2025;48.9043, 2.47374;24;202;232;109;136;90;17;17;4;11;4;11;0;2;9;24;65;36;24733;3643;8074
965;2025;45.3883, 4.28304;15;162;178;71;143;62;18;18;10;13;2;7;1;1;5;56;72;29;24753;1369;8292
966;2025;48.5186, -2.73787;12;13;56;18;35;29;9;0;3;9;2;8;1;2;5;33;100;25;24197;616;9131
967;2025;44.83377, -0.59265;12;29;20;9;18;29;10;10;2;7;1;7;0;1;6;20;70;14;48345;981;8796
968;2025;47.8962, 1.86204;12;8;31;20;15;19;3;1;0;3;0;1;0;1;0;0;100;0;40461;1521;4963
969;2025;44.5469, -0.25318;12;6;13;10;4;5;5;1;4;5;2;4;0;0;4;80;100;50;48329;985;636
970;2025;48.9839, 2.24499;12;16;80;25;26;28;8;0;3;7;1;7;0;0;7;38;88;14;25155;3802;9463
971;2025;42.7028, 3.02789;8;1;15;2;11;12;3;0;0;3;2;3;0;0;3;0;100;67;47491;2397;8719
972;2025;47.6636, -3.20474;10;4;41;14;26;20;8;0;4;7;2;8;0;0;8;50;88;25;25700;1833;7118
973;2025;47.6636, -3.20474;10;4;38;15;22;22;3;0;0;3;0;3;0;0;3;0;100;0;25701;1833;675
974;2025;45.7527, 4.79112;12;67;202;95;83;30;12;5;5;9;0;3;1;0;2;42;75;0;24766;2525;10880
975;2025;48.9789, 2.19993;12;16;38;17;29;32;10;6;6;9;3;6;1;0;5;60;90;50;25151;3781;9331
976;2025;45.7117, 4.81078;15;108;122;72;45;28;15;14;10;15;1;2;0;0;2;67;100;50;24767;2543;5518
977;2025;43.4797, -0.76855;12;5;67;23;67;35;11;1;3;6;2;7;3;2;2;27;55;29;39859;2325;10256
978;2025;43.6061, 1.45485;10;122;0;0;0;28;7;6;0;4;1;2;1;1;0;0;57;50;50085;892;8517
979;2025;48.8661, 2.35955;15;62;72;30;59;45;17;15;4;17;1;8;0;1;7;24;100;12;23685;2824;5380
980;2025;42.7028, 3.02789;10;22;38;8;34;28;8;5;3;8;1;5;0;0;5;38;100;20;39119;2397;10373
981;2025;;4;5;54;13;0;0;0;0;0;0;0;0;0;0;0;0;0;0;32697;3295;5608
982;2025;47.6538, -2.78005;10;1;22;4;21;23;7;0;6;6;2;6;0;0;6;86;86;33;34956;1849;8169
983;2025;43.3627, 5.32532;24;442;864;141;224;115;22;11;3;22;5;19;6;3;10;14;100;26;25048;292;9028
984;2025;45.97824, 4.71722;12;53;42;16;32;32;6;6;2;5;1;5;1;0;4;33;83;20;24762;2551;12237
985;2025;47.8127, 7.33989;15;73;67;31;51;50;11;11;5;9;3;6;0;2;4;45;82;50;35901;2477;377
986;2025;49.5165, 4.37357;18;79;75;41;44;49;13;13;2;11;3;11;0;2;9;15;85;27;25349;192;3833
987;2025;49.0741, 2.07268;20;216;138;72;66;74;15;14;2;14;3;9;0;1;8;13;93;33;48695;3818;10616
988;2025;43.28374, 5.37273;12;48;51;15;44;36;9;8;0;7;4;7;0;1;6;0;78;57;27790;337;11522
989;2025;46.2014, 5.22607;12;40;42;15;36;29;11;11;7;11;1;4;0;0;4;64;100;25;24759;10;10052
990;2025;45.7721, 4.82331;15;66;43;18;14;26;8;7;1;4;2;3;0;1;2;12;50;67;24858;2565;5655
991;2025;44.8539, -0.59709;25;23;216;27;112;86;1;0;0;1;0;1;1;0;0;0;100;0;47193;1005;9406
992;2025;48.8456, 2.32814;35;58;405;43;235;245;34;3;5;22;2;28;26;1;1;15;65;7;35156;2878;9406
993;2025;48.8456, 2.32814;25;68;186;35;99;116;16;9;2;8;5;10;7;3;0;12;50;50;42823;2878;8072
994;2025;45.74657, 4.82646;80;154;229;35;209;240;44;33;31;40;4;39;30;9;0;70;91;10;42818;2566;2781
995;2025;49.0535, 2.03948;25;71;174;32;132;137;10;6;3;8;1;7;3;4;0;30;80;14;30816;3815;10276
996;2025;48.8146, 2.37841;28;77;473;48;352;298;28;5;9;25;1;24;19;3;2;32;89;4;30818;3748;7497
997;2025;47.464, -0.49729;30;34;245;26;218;195;10;1;8;9;2;8;3;3;2;80;90;25;35153;1640;7497
998;2025;43.5277, 5.4042;25;33;219;31;195;178;4;1;2;4;0;4;3;1;0;50;100;0;47188;339;7497
999;2025;45.8191, 1.27205;25;26;190;24;171;154;4;1;2;3;0;2;1;0;1;50;75;0;39030;3428;7497
1000;2025;43.1205, 5.93881;25;26;219;28;198;206;11;0;10;11;0;10;5;3;2;91;100;0;39031;3300;8844
1001;2025;43.2938, 5.47417;25;20;140;24;113;114;3;0;3;3;0;3;2;1;0;100;100;0;30821;3300;1986
1002;2025;47.4934, -0.5508;25;22;203;24;81;82;10;0;10;10;1;10;9;1;0;100;100;10;30827;1605;7703
1003;2025;48.7897, 2.36385;30;67;508;58;425;182;34;2;7;34;3;32;27;3;2;21;100;9;30824;3750;8083
1004;2025;48.7897, 2.36385;30;68;484;54;403;212;18;0;2;16;5;18;15;3;0;11;89;28;30823;3750;7409
1005;2025;47.464, -0.49729;20;30;224;30;201;180;2;1;2;2;0;2;2;0;0;100;100;0;35154;1640;8822
1006;2025;43.9485, 4.81649;10;20;94;17;82;72;0;0;0;0;0;0;0;0;0;0;0;0;39077;3331;2719
1007;2025;47.4934, -0.5508;25;23;147;21;124;125;4;0;4;4;2;4;4;0;0;100;100;50;47189;1605;5647
1008;2025;47.4934, -0.5508;25;22;132;22;114;115;1;0;0;1;0;0;0;0;0;0;100;0;47190;1605;5375
1009;2025;47.4934, -0.5508;25;25;206;24;180;182;2;0;1;1;0;1;0;0;1;50;50;0;47191;1605;10577
1010;2025;47.4934, -0.5508;25;18;133;17;113;113;0;0;0;0;0;0;0;0;0;0;0;0;47192;1605;12459
1011;2025;44.8097, -0.78259;25;33;241;35;223;213;16;0;4;15;0;15;11;4;0;25;94;0;30834;1064;4312
1012;2025;49.8494, 3.28716;25;31;202;32;188;170;0;0;0;0;0;0;0;0;0;0;0;0;30820;62;4312
1013;2025;43.4462, -1.55389;25;29;201;30;174;148;19;1;10;18;2;14;9;4;1;53;95;14;41077;2352;6363
1014;2025;48.88622, 2.25018;95;68;540;68;319;337;49;4;26;46;2;36;29;7;0;53;94;6;48340;3759;10840
1015;2025;48.88622, 2.25018;30;45;432;56;220;74;33;3;22;33;1;30;20;9;1;67;100;3;44399;3759;1460
1016;2025;48.8151, 2.36286;20;39;320;52;97;109;3;0;1;2;0;2;2;0;0;33;67;0;48341;3759;6026
1017;2025;45.7833, 4.8781;24;116;425;260;129;109;9;0;0;8;0;7;7;0;0;0;89;0;48603;2532;7258
1018;2025;45.4293, 4.42257;24;189;675;379;262;171;20;3;5;20;2;16;14;2;0;25;100;12;42997;1384;7940
1019;2025;45.7833, 4.8781;24;163;495;313;161;126;13;2;0;12;1;5;4;1;0;0;92;20;48602;2532;6027
1020;2025;46.25215, 5.63206;24;105;307;213;109;90;2;0;0;0;0;1;1;0;0;0;0;0;42996;19;901
1021;2025;47.28401, -1.51451;72;13;135;22;92;94;30;2;27;28;1;28;16;12;0;90;93;4;48281;1486;220
1022;2025;45.7277, 4.83555;36;10;107;23;74;72;14;1;8;14;0;11;5;6;0;57;100;0;48283;2631;220
1023;2025;45.7639, 4.82517;25;46;227;90;134;115;20;2;10;20;2;12;9;3;0;50;100;17;39319;2534;11239
1024;2025;43.8344, 4.37175;25;31;115;46;60;53;0;0;0;0;0;0;0;0;0;0;0;0;39320;849;11239
1025;2025;44.8, -0.53333;36;42;247;53;191;172;31;3;12;29;5;24;17;4;3;39;94;21;36041;1066;11454
1026;2025;48.7897, 2.36385;70;82;598;125;490;333;68;13;12;68;3;55;44;7;4;18;100;5;36040;3750;11454
1027;2025;44.8, -0.53333;36;30;145;52;100;111;11;1;6;9;0;8;7;1;0;55;82;0;36038;1066;10113
1028;2025;48.7897, 2.36385;60;64;302;96;222;208;34;7;7;28;3;32;24;6;2;21;82;9;36037;3750;10113
1029;2025;48.83982, 2.58357;60;413;513;173;80;129;29;9;6;22;1;10;10;0;0;21;76;10;33152;3676;3573
1030;2025;43.6833, 7.20259;60;172;378;198;108;112;16;3;9;15;2;9;9;0;0;56;94;22;39146;169;2508
1031;2025;44.8049, -0.6011;25;172;819;335;283;71;25;5;6;25;4;24;0;24;0;24;100;17;531;995;5297
1032;2025;48.9565, 4.35771;25;120;559;237;190;103;21;0;0;21;0;20;0;20;0;0;100;0;532;1697;5297
1033;2025;45.77099, 4.80635;20;67;84;0;78;91;11;6;6;9;1;11;10;1;0;55;82;9;48276;2626;5607
1034;2025;48.7977, 2.35783;30;102;117;1;105;138;24;12;13;20;1;23;18;5;0;54;83;4;40059;3765;5607
1035;2025;43.92695, 4.87811;30;26;56;13;45;46;6;4;6;6;0;4;1;3;0;100;100;0;44226;3335;9415
1036;2025;43.23333, 0.08333;24;31;124;36;94;93;16;1;8;14;2;15;10;5;0;50;88;13;43289;2380;3299
1037;2025;48.43333, -4.4;10;3;30;9;15;15;3;1;3;3;0;2;1;1;0;100;100;0;44537;838;7803
1038;2025;49.3819, 1.07422;20;18;97;18;54;47;14;0;5;13;2;8;4;4;0;36;93;25;44427;3014;11316
1039;2025;45.7834, 4.88256;25;10;54;14;26;35;10;0;3;7;2;3;2;1;0;30;70;67;44429;2571;8541
1040;2025;47.31106, 5.09225;16;17;25;10;10;12;1;0;0;1;0;0;0;0;0;0;100;0;44428;594;10031
1041;2025;43.60311, 1.39693;60;63;152;26;122;129;36;11;35;36;1;34;21;12;1;97;100;3;33274;902;9692
1042;2025;48.847, 2.32898;25;39;255;66;132;151;12;2;8;10;2;10;7;3;0;67;83;20;48277;3752;6664
1043;2025;48.847, 2.32893;40;34;198;54;105;120;6;0;4;4;1;5;3;2;0;67;67;20;39599;3752;10390
1044;2025;48.71025, 2.16775;10;279;707;187;71;39;9;5;9;9;0;9;9;0;0;100;100;0;39291;3535;3284
1045;2025;47.2491, -1.54786;10;86;274;118;55;43;7;2;3;7;0;6;6;0;0;43;100;0;39597;1439;12152
1046;2025;49.0391, 2.07144;32;161;239;137;56;70;25;11;17;24;3;17;15;2;0;68;96;18;39598;3820;4763
1047;2025;45.4523, 4.38785;28;64;118;27;53;51;27;13;18;27;6;22;18;2;2;67;100;27;33403;1406;536
1048;2025;48.78616, 2.05842;25;23;57;1;54;51;0;0;0;0;0;0;0;0;0;0;0;0;47895;3169;9581
1049;2025;47.4582, -0.54443;50;45;121;1;116;109;24;11;13;24;1;24;16;8;0;54;100;4;47894;1603;9581
1050;2025;48.7892, 2.32542;28;48;216;1;111;115;6;2;4;6;0;4;2;2;0;67;100;0;26468;3770;8769
1051;2025;49.2163, -0.36644;30;28;147;0;65;66;12;2;11;11;0;12;8;4;0;92;92;0;33353;442;3950
1052;2025;43.6003, 3.87157;15;32;127;1;66;66;3;1;3;3;0;3;3;0;0;100;100;0;26466;1134;7491
1053;2025;48.89627, 2.23592;55;82;504;1;351;357;64;9;47;58;11;64;54;9;1;73;91;17;26467;3615;4178
1054;2025;48.89627, 2.23592;25;63;327;1;243;245;20;4;18;19;2;20;15;5;0;90;95;10;26469;3615;9402
1055;2025;49.3842, 1.07757;20;23;137;0;83;83;0;0;0;0;0;0;0;0;0;0;0;0;39066;2994;12372
1056;2025;49.2163, -0.36644;10;3;19;19;5;5;0;0;0;0;0;0;0;0;0;0;0;0;47592;442;6234
1057;2025;48.7892, 2.32542;5;6;28;28;8;8;0;0;0;0;0;0;0;0;0;0;0;0;47713;3770;6202
1058;2025;48.89627, 2.23592;10;14;51;51;22;32;7;0;4;7;0;0;0;0;0;57;100;0;47595;3615;7318
1059;2025;48.89627, 2.23592;10;11;33;33;16;23;4;1;4;4;0;0;0;0;0;100;100;0;47596;3615;4653
1060;2025;43.6003, 3.87157;5;5;25;25;11;14;2;1;1;2;0;0;0;0;0;50;100;0;47593;1134;4759
1061;2025;49.3842, 1.07757;10;3;22;22;13;13;0;0;0;0;0;0;0;0;0;0;0;0;47594;2994;4923
1062;2025;43.5483, 1.50282;12;22;85;29;18;17;3;0;3;3;0;2;2;0;0;100;100;0;44425;928;2575
1063;2025;45.7414, 4.83776;60;76;192;34;114;117;30;6;29;29;1;29;28;1;0;97;97;3;45550;2531;11014
1064;2025;45.7928, 4.70842;70;3135;3958;22;488;198;69;50;19;69;6;69;69;0;0;28;100;9;30890;2533;5291
1065;2025;48.81336, 2.42311;70;3198;4060;21;485;206;70;54;25;69;5;68;68;0;0;36;99;7;30876;3724;5291
1066;2025;43.5997, 1.38278;70;3195;4045;19;487;257;70;51;15;70;7;69;69;0;0;21;100;10;30878;901;5291
1067;2025;47.29015, -1.52448;70;3130;3963;18;479;291;70;53;10;69;2;70;70;0;0;14;99;3;30877;1472;5291
1068;2025;49.4673, 1.07273;3;25;29;0;6;6;3;3;2;3;0;3;0;3;0;67;100;0;35947;3022;2980
1069;2025;49.4673, 1.07273;117;771;975;5;246;159;117;99;86;112;4;117;117;0;0;74;96;3;35946;3022;11334
1070;2025;49.0347, 2.06997;50;196;849;8;739;285;53;15;37;53;10;52;52;0;0;70;100;19;31239;3831;7434
1071;2025;49.04406, 2.08241;70;129;655;6;612;589;46;7;12;43;6;46;46;0;0;26;93;13;42874;3832;6818
1072;2025;49.0347, 2.06997;25;213;461;4;403;225;30;21;16;30;5;30;30;0;0;53;100;17;31244;3831;3132
1073;2025;49.0347, 2.06997;13;176;374;4;166;102;13;9;8;13;2;13;13;0;0;62;100;15;31246;3831;5325
1074;2025;49.0347, 2.06997;13;170;376;4;165;99;15;12;7;15;1;15;15;0;0;47;100;7;31245;3831;7139
1075;2025;49.0347, 2.06997;30;141;640;4;558;342;33;7;15;33;9;33;33;0;0;45;100;27;31242;3831;10938
1076;2025;49.0347, 2.06997;111;187;932;5;841;644;116;20;63;116;26;115;115;0;0;54;100;23;31236;3831;1521
1077;2025;43.3193, -0.36049;80;79;488;5;445;420;60;3;45;60;12;60;60;0;0;75;100;20;31237;2362;1521
1078;2025;49.0347, 2.06997;25;119;643;3;508;273;26;7;21;26;2;26;26;0;0;81;100;8;32077;3831;11160
1079;2025;43.6241, 2.26454;17;80;160;29;115;84;16;9;1;16;0;15;15;0;0;6;100;0;36348;3247;10351
1080;2025;45.7833, 4.8781;26;236;393;133;27;27;15;10;14;15;1;14;14;0;0;93;100;7;39074;2532;645
1081;2025;48.113, -1.70415;55;126;194;39;122;111;47;35;25;47;1;42;41;1;0;53;100;2;12028;1203;8852
1082;2025;43.6573, 6.9311;20;1;1;0;1;1;0;0;0;0;0;0;0;0;0;0;0;0;29308;166;6987
1083;2025;48.8588, 2.18322;4;1;2;0;2;2;0;0;0;0;0;0;0;0;0;0;0;0;35794;3574;6987
1084;2025;49.0312, 2.07416;20;1;2;0;2;2;0;0;0;0;0;0;0;0;0;0;0;0;29338;3814;6987
1085;2025;48.7906, 2.32725;20;1;2;0;2;2;0;0;0;0;0;0;0;0;0;0;0;0;45232;3771;10853
1086;2025;49.4673, 1.07273;15;10;27;3;12;13;1;1;1;1;0;1;0;1;0;100;100;0;48180;3022;9995
1087;2025;49.4599, 2.06824;30;25;65;3;38;39;20;5;20;20;2;20;0;20;0;100;100;10;29303;2137;2351
1088;2025;49.4673, 1.07273;5;8;14;3;4;4;2;2;1;2;0;2;0;2;0;50;100;0;29302;3022;2351
1089;2025;48.0443, -1.74568;10;9;25;2;13;14;1;0;0;0;0;0;0;0;0;0;0;0;29304;1198;8661
1090;2025;43.3194, -0.36446;26;565;815;102;445;378;25;20;11;25;1;25;25;0;0;44;100;4;246;2347;8422
1091;2025;50.60968, 3.14629;48;699;1001;107;575;394;55;42;36;49;3;54;54;0;0;65;89;6;6880;1996;8422
1092;2025;45.7575, 3.11257;52;636;897;102;494;332;52;36;31;51;2;50;50;0;0;60;98;4;7589;2286;8422
1093;2025;48.1182, -1.63361;90;732;1027;110;588;478;91;59;56;91;4;88;88;0;0;62;100;5;4658;1153;8422
1094;2025;48.6079, 7.71566;50;684;983;112;552;281;54;43;30;51;3;48;48;0;0;56;94;6;8017;2449;8422
1095;2025;47.58333, 1.33333;190;3231;10206;1023;8315;5168;185;56;47;172;22;168;168;0;0;25;93;13;58;1368;4803
1096;2025;45.7833, 4.8781;664;5536;16884;1583;14019;1862;655;324;461;606;29;631;631;0;0;70;93;5;62;2532;4803
1097;2025;49.3859, 1.06838;15;2092;5929;773;4644;1659;15;7;2;11;2;12;12;0;0;13;73;17;526;3025;4803
1098;2025;50.35, 3.53333;195;3432;11156;1080;9058;4378;192;63;61;161;19;169;169;0;0;32;84;11;249;2115;4803
1099;2025;47.7318, 7.31179;16;1960;5539;724;4376;1157;16;12;7;13;4;14;14;0;0;44;81;29;447;2473;4803
1100;2025;45.861, 1.2954;75;1964;6156;698;4875;4104;79;28;58;79;7;78;78;0;0;73;100;9;64;3432;4803
1101;2025;43.5704, 1.46794;270;5291;16071;1501;13259;1952;273;124;159;244;36;252;252;0;0;58;89;14;59;900;4803
1102;2025;42.6841, 2.89855;23;1855;5753;705;4582;2349;23;7;11;20;2;23;23;0;0;48;87;9;486;2390;4803
1103;2025;49.3859, 1.06838;248;4069;12290;1175;10106;3236;247;88;147;229;17;226;226;0;0;60;93;8;63;2971;4803
1104;2025;48.1237, -1.63536;230;4394;14043;1270;11599;2590;240;80;134;207;20;227;227;0;0;56;86;9;60;1156;4803
1105;2025;43.6241, 2.26454;28;1745;5329;701;4187;2878;22;8;4;22;1;20;20;0;0;18;100;5;248;3247;4803
1106;2025;47.728, 7.30701;60;1906;6118;734;4770;3863;48;15;17;44;6;36;36;0;0;35;92;17;448;2474;4803
1107;2025;14.6029, -61.0765;24;1363;4002;546;3183;1451;24;11;16;22;6;21;21;0;0;67;92;29;39075;3885;4803
1108;2025;48.5817, 7.76464;200;4263;12938;1253;10600;3481;206;78;127;199;15;192;192;0;0;62;97;8;61;2418;4803
1109;2025;50.9526, 1.87993;72;212;639;386;243;211;34;9;6;34;3;21;21;0;0;18;100;14;7175;2266;9058
1110;2025;51.05, 2.36667;36;129;410;253;158;125;27;5;6;27;2;23;22;1;0;22;100;9;45899;2118;5769
1111;2025;50.9533, 1.88048;24;120;229;182;89;80;18;9;4;18;1;1;1;0;0;22;100;100;39123;2266;10623
1112;2025;49.89974, 2.29164;15;2;35;2;25;25;9;0;9;9;1;9;0;9;0;100;100;11;30785;3220;7294
1113;2025;48.7977, 2.35783;10;15;24;0;14;14;4;4;3;4;0;4;0;4;0;75;100;0;19537;3765;9740
1114;2025;45.77099, 4.80635;5;9;16;0;9;9;2;0;1;2;0;2;0;2;0;50;100;0;30029;2626;9740
1115;2025;48.1178, -1.63366;28;31;67;2;39;37;26;15;21;26;2;26;0;26;0;81;100;8;27376;1153;5853
1116;2025;48.89627, 2.23592;25;15;255;0;120;92;27;2;20;27;3;27;0;27;0;74;100;11;13655;3615;1921
1117;2025;43.6003, 3.87157;24;17;173;0;161;160;15;1;15;15;0;15;0;15;0;100;100;0;13656;1134;1921
1118;2025;49.3842, 1.07757;10;8;137;0;124;124;6;0;6;6;0;6;0;6;0;100;100;0;467;2994;1921
1119;2025;48.8511, 2.2886;30;19;226;0;191;188;32;1;28;32;1;32;0;32;0;88;100;3;109;2908;1921
1120;2025;49.2163, -0.36644;15;9;108;0;101;91;13;2;11;13;1;13;0;13;0;85;100;8;22726;442;1921
1121;2025;46.13978, -1.15464;7;13;165;0;124;95;7;1;4;7;0;7;0;7;0;57;100;0;107;502;1921
1122;2025;45.7598, 4.9224;9;9;112;0;104;74;6;1;5;6;0;6;0;6;0;83;100;0;39060;2629;1921
1123;2025;48.0877, -0.75801;24;12;274;0;140;50;28;1;21;28;0;28;0;28;0;75;100;0;108;1764;1921
1124;2025;48.12463, -1.6969;60;284;1635;0;1401;1403;23;2;23;23;3;23;23;0;0;100;100;13;480;1208;10180
1125;2025;48.847, 2.3291;200;786;3254;7;2950;2950;225;40;223;225;7;225;225;0;0;99;100;3;125;2834;10180
1126;2025;48.814, 2.39382;220;778;3439;11;2938;2500;325;67;322;325;18;325;325;0;0;99;100;6;128;3764;10180
1127;2025;48.7977, 2.35783;120;775;1825;7;1534;1447;125;89;116;125;2;125;125;0;0;93;100;2;477;3765;10180
1128;2025;48.8151, 2.36286;240;565;2894;8;2400;2298;306;35;237;306;26;305;305;0;0;77;100;9;130;3759;10180
1129;2025;43.59933, 1.41612;90;353;1907;5;1610;1619;70;11;70;70;5;70;70;0;0;100;100;7;482;949;10180
1130;2025;50.633, 3.04956;45;478;2149;2;1995;1996;25;3;25;25;1;25;25;0;0;100;100;4;127;2053;10180
1131;2025;43.59933, 1.41612;130;616;2815;4;2490;1346;164;44;117;164;7;164;164;0;0;71;100;4;129;960;10180
1132;2025;45.77099, 4.80635;50;579;2717;4;2413;950;63;13;24;63;2;63;63;0;0;38;100;3;48701;2627;10180
1133;2025;45.77044, 4.80587;110;377;2111;7;1788;1752;106;14;94;105;4;106;106;0;0;89;99;4;479;2620;10180
1134;2025;48.5774, 7.73496;70;290;1655;2;1401;1403;50;8;48;48;2;50;50;0;0;96;96;4;481;2455;10180
1135;2025;45.77099, 4.80635;70;564;1374;1;1197;985;75;55;63;75;2;75;75;0;0;84;100;3;30028;2626;10180
1136;2025;45.7705, 4.80637;90;563;2426;4;2262;2266;97;28;96;96;6;96;96;0;0;99;99;6;126;2613;10180
1137;2025;44.8641, -0.57392;50;494;2205;1;2044;2046;29;5;28;29;1;29;29;0;0;97;100;3;478;1063;10180
1138;2025;48.847, 2.32915;55;500;1886;2;1585;1585;57;17;56;57;3;57;57;0;0;98;100;5;25841;2834;5902
1139;2025;44.8641, -0.57397;20;350;1436;0;1207;1207;9;5;9;9;0;9;9;0;0;100;100;0;48692;1063;5902
1140;2025;48.814, 2.39382;50;504;2023;5;1523;1000;68;18;68;68;0;68;68;0;0;100;100;0;25842;3764;5902
1141;2025;48.8151, 2.36286;86;382;1735;4;1159;1098;65;21;56;65;1;64;64;0;0;86;100;2;14127;3759;5902
1142;2025;45.77044, 4.80587;42;275;1377;1;948;892;32;9;28;32;1;32;32;0;0;88;100;3;44412;2620;5902
1143;2025;50.633, 3.04956;20;328;1376;1;1153;1153;14;2;14;14;0;14;14;0;0;100;100;0;39438;2053;5902
1144;2025;48.7977, 2.35783;36;485;1186;5;725;589;37;31;35;37;0;37;37;0;0;95;100;0;25319;3765;5902
1145;2025;45.7705, 4.80637;20;371;1527;0;1287;1287;22;3;22;22;1;22;22;0;0;100;100;5;39440;2613;5902
1146;2025;48.8151, 2.36286;65;308;1483;6;1259;1214;63;10;41;63;6;63;63;0;0;65;100;10;39124;3759;11842
1147;2025;48.7892, 2.32536;20;28;66;12;48;48;16;6;16;16;0;14;14;0;0;100;100;0;115;3770;8304
1148;2025;48.7889, 2.32643;20;53;111;16;85;85;22;11;22;22;0;22;22;0;0;100;100;0;116;3770;6574
1149;2025;48.2693, 4.06375;10;56;53;5;48;50;4;4;3;4;0;4;4;0;0;75;100;0;47718;229;4360
1150;2025;43.6003, 3.87157;5;63;63;6;57;57;4;4;4;4;0;4;4;0;0;100;100;0;47716;1134;4360
1151;2025;47.28333, -2.2;10;60;60;4;54;54;3;3;3;3;1;3;3;0;0;100;100;33;47717;1507;4360
1152;2025;48.7892, 2.32542;25;105;105;11;94;84;23;23;20;23;1;22;22;0;0;87;100;5;47715;3770;4360
1153;2025;48.0877, -0.75801;6;8;37;0;15;14;2;0;0;2;0;2;2;0;0;0;100;0;39049;1764;8992
1154;2025;49.2163, -0.36644;3;7;26;0;26;23;0;0;0;0;0;0;0;0;0;0;0;0;39047;442;8992
1155;2025;45.7598, 4.9224;3;7;28;0;28;25;1;0;1;1;0;1;1;0;0;100;100;0;39048;2629;8992
1156;2025;48.8511, 2.2886;15;13;48;1;46;47;10;1;10;10;0;10;10;0;0;100;100;0;39042;2908;8992
1157;2025;46.13978, -1.15464;10;9;35;0;29;29;1;0;1;1;0;1;1;0;0;100;100;0;39043;502;8992
1158;2025;49.3842, 1.07757;10;7;33;0;30;30;0;0;0;0;0;0;0;0;0;0;0;0;39045;2994;8992
1159;2025;48.2693, 4.06375;10;7;32;0;32;32;0;0;0;0;0;0;0;0;0;0;0;0;39044;229;8992
1160;2025;49.3842, 1.07757;10;13;41;0;37;38;2;1;2;2;0;2;2;0;0;100;100;0;39054;2994;8090
1161;2025;47.28333, -2.2;5;13;46;0;45;45;0;0;0;0;0;0;0;0;0;0;0;0;47485;1507;8090
1162;2025;45.7598, 4.9224;3;13;43;0;39;25;0;0;0;0;0;0;0;0;0;0;0;0;39057;2629;8090
1163;2025;48.7892, 2.32542;15;25;81;0;77;72;6;3;6;6;0;6;6;0;0;100;100;0;42994;3770;8090
1164;2025;48.8511, 2.2886;20;29;84;0;75;82;20;9;16;20;3;20;20;0;0;80;100;15;39051;2908;8090
1165;2025;43.6003, 3.87157;5;15;51;0;48;48;2;1;2;2;0;2;2;0;0;100;100;0;47486;1134;8090
1166;2025;48.2693, 4.06375;10;14;46;0;45;45;4;2;4;4;1;4;4;0;0;100;100;25;47482;229;8090
1167;2025;49.2163, -0.36644;3;8;38;0;36;29;3;0;1;3;0;3;3;0;0;33;100;0;39056;442;8090
1168;2025;46.13978, -1.15464;10;15;50;0;31;31;3;2;3;3;0;3;3;0;0;100;100;0;39052;502;8090
1169;2025;48.89627, 2.23592;3;30;87;0;17;10;4;0;4;4;0;4;4;0;0;100;100;0;39055;3615;8090
1170;2025;45.9194, 6.15779;60;2535;9597;917;6244;4493;62;13;62;62;2;55;55;0;0;100;100;4;30;2759;7303
1171;2025;47.4805, -0.59213;32;2047;5618;687;3503;1921;32;23;20;31;1;29;29;0;0;62;97;3;432;1639;7303
1172;2025;49.49004, 0.12626;35;1502;5755;688;4267;3991;28;10;16;28;0;25;25;0;0;57;100;0;33;3017;7303
1173;2025;48.11805, -1.63648;65;2001;7574;802;4770;2951;65;14;36;63;3;65;65;0;0;55;97;5;39090;1204;7303
1174;2025;47.3109, 5.06626;27;1336;4238;553;2637;935;28;12;5;27;2;26;26;0;0;18;96;8;24110;592;7303
1175;2025;45.7607, 3.10901;40;1976;5473;660;3425;1483;40;28;8;39;1;37;37;0;0;20;98;3;28;2300;7303
1176;2025;50.6077, 3.13667;145;3108;11576;1068;7467;3770;149;26;101;146;29;136;136;0;0;68;98;21;25;2104;7303
1177;2025;48.9575, 2.34;52;2008;7382;922;4513;3703;46;14;25;45;7;34;34;0;0;54;98;21;36;3682;7303
1178;2025;48.98465, 1.70169;35;1793;6836;819;5002;3991;32;8;17;32;3;22;22;0;0;53;100;14;34;3130;7303
1179;2025;49.0926, 6.22677;148;1797;7084;762;5296;4467;131;17;54;131;12;123;123;0;0;41;100;10;41;1893;7303
1180;2025;46.0441, 4.07149;12;3001;10856;1061;7032;2377;8;1;0;7;0;8;8;0;0;0;88;0;43345;1407;7303
1181;2025;43.33862, 5.41143;200;3153;10956;1119;6935;3980;189;47;72;185;26;176;176;0;0;38;98;15;9;388;7303
1182;2025;48.8451, 2.35695;32;2394;6430;874;3852;1912;32;19;23;29;7;27;27;0;0;72;91;26;32;2907;7303
1183;2025;45.7607, 3.10901;120;2665;9697;936;6290;4192;119;31;60;112;13;110;110;0;0;50;94;12;27;2300;7303
1184;2025;48.0188, 0.15773;35;1604;6339;728;4724;4268;38;10;20;38;1;37;37;0;0;53;100;3;123;2702;7303
1185;2025;44.9172, 4.91368;60;1927;7500;837;4866;3494;54;7;38;46;7;47;47;0;0;70;85;15;263;723;7303
1186;2025;48.8451, 2.35695;145;3646;12831;1306;8126;2420;139;46;71;132;19;126;126;0;0;51;95;15;31;2907;7303
1187;2025;48.6593, 6.18766;144;2337;8939;911;5767;5289;137;26;102;137;9;127;127;0;0;74;100;7;20;1782;7303
1188;2025;47.7475, -3.3966;80;1666;6792;718;5144;3178;58;9;19;58;4;55;55;0;0;33;100;7;472;1870;7303
1189;2025;47.3122, 5.07398;120;2460;9390;925;6039;5673;120;22;76;119;2;112;112;0;0;63;99;2;10;589;7303
1190;2025;45.1849, 5.75424;135;2964;10959;1036;7216;4538;158;36;106;158;9;143;143;0;0;67;100;6;15;1305;7303
1191;2025;50.6077, 3.13667;25;2078;5658;702;3527;1728;28;21;5;28;1;23;23;0;0;18;100;4;26;2104;7303
1192;2025;48.9575, 2.34;16;1559;6288;816;3766;2171;17;3;4;17;5;14;14;0;0;24;100;36;47709;3682;7303
1193;2025;48.0189, 0.15473;35;1526;5893;695;4377;3708;33;6;19;33;0;33;33;0;0;58;100;0;317;2703;7303
1194;2025;45.4293, 4.42257;120;2670;9948;989;7718;3754;118;26;53;105;16;109;109;0;0;45;89;15;24480;1384;7303
1195;2025;47.8426, 1.92846;150;2734;10129;962;6467;5539;158;42;92;158;6;146;146;0;0;58;100;4;18;1547;7303
1196;2025;48.36075, -4.56664;120;1734;6931;755;5207;4236;122;17;60;122;6;109;109;0;0;49;100;6;38;794;7303
1197;2025;45.6402, 5.8712;60;2383;9026;868;5868;4459;67;16;59;67;3;62;62;0;0;88;100;5;47825;2722;7303
1198;2025;47.3109, 5.06626;27;1311;4164;556;3035;1819;21;16;7;21;2;20;20;0;0;33;100;10;11;592;7303
1199;2025;-21.34098, 55.49084;8;1013;3473;478;2108;1669;3;3;2;3;2;3;3;0;0;67;100;67;47708;4002;7303
1200;2025;43.6313, 3.86108;25;2353;6320;773;3905;1147;30;21;4;27;4;29;29;0;0;13;90;14;13;1101;7303
1201;2025;47.3647, 0.68468;150;2571;10137;939;6507;5905;174;34;109;174;4;156;156;0;0;63;100;3;14;1257;7303
1202;2025;43.6313, 3.86108;180;3552;12392;1200;7933;3808;184;53;95;181;31;166;166;0;0;52;98;19;12;1101;7303
1203;2025;48.6949, 6.19356;50;1835;6708;767;5058;4049;48;16;27;47;3;41;41;0;0;56;98;7;22;1807;7303
1204;2025;47.4805, -0.59213;94;2770;10202;975;6510;4362;102;22;51;102;4;97;97;0;0;50;100;4;19;1639;7303
1205;2025;43.61604, 7.07275;120;3161;10743;1079;7001;2427;119;22;82;116;20;101;101;0;0;69;97;20;8;162;7303
1206;2025;50.61139, 3.13495;160;2137;8224;816;5470;1904;166;31;150;166;14;155;155;0;0;90;100;9;24;2112;7303
1207;2025;46.99762, 3.17175;90;1573;6678;725;4197;1860;89;9;54;87;11;84;84;0;0;61;98;13;23;1949;7303
1208;2025;45.7792, 4.86836;120;3600;12965;1189;8495;3194;119;27;64;107;28;110;110;0;0;54;90;25;29;2605;7303
1209;2025;45.4535, 4.38715;24;1641;6201;740;4751;2706;24;8;5;20;1;19;19;0;0;21;83;5;16;1406;7303
1210;2025;43.23333, 0.08333;170;1687;6837;712;4358;3946;179;21;127;176;6;171;171;0;0;71;98;4;7822;2380;7303
1211;2025;45.4535, 4.38715;64;1460;6048;722;4560;3119;60;9;25;54;4;54;54;0;0;42;90;7;43123;1406;7303
1212;2025;-21.34098, 55.49084;24;1091;3919;512;2785;2766;22;7;21;22;4;22;22;0;0;95;100;18;433;4002;7303
1213;2025;48.6954, 6.19324;82;1883;6852;786;5193;4046;75;26;41;72;4;70;70;0;0;55;96;6;21;1802;7303
1214;2025;47.2833, -1.51382;144;2937;11262;1024;7281;3476;140;27;69;136;13;139;139;0;0;49;97;9;17;1488;7303
1215;2025;48.7091, 2.17104;150;3309;12048;1205;7745;3742;136;29;109;136;13;127;127;0;0;80;100;10;35;3523;7303
1216;2025;48.6558, 6.15355;82;850;2595;32;2027;1115;79;28;32;77;2;78;78;0;0;41;97;3;5;1809;2861
1217;2025;47.9882, -4.08832;22;623;1967;24;1515;924;27;11;1;27;1;26;26;0;0;4;100;4;47165;839;2861
1218;2025;44.9173, 4.91361;32;978;3003;29;2407;833;35;13;8;35;3;35;35;0;0;23;100;9;158;728;2861
1219;2025;44.80576, -0.60486;70;1245;3767;38;2978;1000;73;28;23;73;7;73;73;0;0;32;100;10;3;1053;2861
1220;2025;45.1951, 5.7652;115;1137;3540;37;2859;813;113;55;50;109;8;113;113;0;0;44;96;7;4;1310;2861
1221;2025;-20.8907, 55.4679;26;287;898;14;648;516;27;5;12;26;4;27;27;0;0;44;96;15;6;3951;2861
1222;2025;45.75888, 3.11073;32;954;2922;32;2328;938;38;17;9;38;3;38;38;0;0;24;100;8;31195;2313;2861
1223;2025;16.2711, -61.5253;20;276;823;15;596;439;10;6;5;10;1;10;10;0;0;50;100;10;26228;3853;9198
1224;2025;47.4773, -0.59974;80;74;134;20;132;130;32;16;27;32;1;28;24;4;0;84;100;4;39488;1652;5162
1225;2025;47.28333, -2.2;55;864;3844;5;3781;3782;27;8;25;27;0;27;27;0;0;93;100;0;39665;1507;6326
1226;2025;44.83778, -0.55069;135;1264;6039;8;4000;1979;136;24;32;127;6;136;136;0;0;24;93;4;47570;1071;6770
1227;2025;43.6436, 3.83997;50;1081;4782;6;3600;2485;59;13;40;59;0;59;59;0;0;68;100;0;48587;1138;6770
1228;2025;44.85836, -0.55853;85;1032;4595;7;4398;4231;44;10;33;43;1;44;44;0;0;75;98;2;39912;1070;6770
1229;2025;46.13978, -1.15464;125;887;4207;3;3975;3652;76;6;47;76;7;76;76;0;0;62;100;9;101;502;6770
1230;2025;43.6003, 3.87157;60;1018;4274;4;4190;3931;65;19;46;65;1;64;64;0;0;71;100;2;13657;1134;6770
1231;2025;48.7892, 2.32536;235;1467;6045;7;5933;4990;248;79;208;241;12;248;248;0;0;84;97;5;104;3770;6770
1232;2025;48.8511, 2.2886;495;1483;6452;11;6261;5107;490;106;321;475;17;489;489;0;0;66;97;3;103;2908;6770
1233;2025;49.3842, 1.07757;120;817;3917;4;3763;3746;55;8;42;54;2;55;55;0;0;76;98;4;466;2994;6770
1234;2025;49.2163, -0.36644;85;664;3037;4;2985;2891;48;8;41;48;0;48;48;0;0;85;100;0;22725;442;6770
1235;2025;47.28204, -1.51934;84;1096;5024;7;3600;2379;83;11;53;83;1;83;83;0;0;64;100;1;36283;1508;6770
1236;2025;48.7877, 2.0412;230;1609;7377;11;4000;2204;237;56;127;234;9;237;237;0;0;54;99;4;105;3161;6770
1237;2025;48.2693, 4.06375;60;901;3881;5;3815;3819;43;11;40;41;1;43;43;0;0;93;95;2;100;229;6770
1238;2025;45.7514, 4.84014;130;1087;4779;8;4675;4358;64;13;31;64;3;62;62;0;0;48;100;5;527;2622;6770
1239;2025;48.89627, 2.23592;387;1633;7146;11;2500;2231;397;84;303;397;3;397;397;0;0;76;100;1;13652;3615;6770
1240;2025;45.7598, 4.92239;35;724;3187;6;3115;2987;29;6;20;29;2;29;29;0;0;69;100;7;33609;2629;6770
1241;2025;48.0877, -0.75801;120;1116;5518;5;4000;1650;125;13;72;124;3;125;125;0;0;58;99;2;102;1764;6770
1242;2025;48.78616, 2.05842;80;100;198;1;192;194;14;3;10;13;1;14;14;0;0;71;93;7;47891;3169;4492
1243;2025;47.4582, -0.54443;190;181;376;2;371;371;76;43;73;75;4;76;76;0;0;96;99;5;47890;1603;4492
1244;2025;43.4462, -1.55389;3;7;22;0;18;16;2;0;2;2;1;2;2;0;0;100;100;50;47288;2352;10333
1245;2025;48.8146, 2.37841;5;30;94;1;70;68;1;0;1;1;0;1;1;0;0;100;100;0;35129;3748;10333
1246;2025;50.6342, 3.04871;10;6;22;0;19;19;0;0;0;0;0;0;0;0;0;0;0;0;42803;2003;10333
1247;2025;43.6784, 3.87317;5;10;23;0;15;15;0;0;0;0;0;0;0;0;0;0;0;0;42786;1110;10333
1248;2025;49.18218, -0.36851;5;12;35;0;8;9;0;0;0;0;0;0;0;0;0;0;0;0;47304;449;10333
1249;2025;49.4018, 2.8025;5;8;23;0;18;18;0;0;0;0;0;0;0;0;0;0;0;0;47283;2163;10333
1250;2025;43.1205, 5.93881;2;7;22;0;17;17;0;0;0;0;0;0;0;0;0;0;0;0;35130;3300;10333
1251;2025;47.464, -0.49729;2;10;26;1;18;15;0;0;0;0;0;0;0;0;0;0;0;0;35134;1640;10333
1252;2025;43.5277, 5.4042;1;16;30;0;26;23;0;0;0;0;0;0;0;0;0;0;0;0;42780;339;10333
1253;2025;47.2749, -1.50702;5;10;38;0;11;11;3;1;3;3;1;3;3;0;0;100;100;33;39017;1504;10333
1254;2025;49.0535, 2.03948;4;15;31;0;11;11;2;1;0;2;0;2;2;0;0;0;100;0;39008;3815;10333
1255;2025;47.4934, -0.5508;1;12;31;0;26;26;1;1;1;1;0;1;1;0;0;100;100;0;39012;1605;10333
1256;2025;48.7836, 2.21294;1;17;48;0;39;39;0;0;0;0;0;0;0;0;0;0;0;0;39014;3165;10333
1257;2025;50.6338, 3.04505;3;9;32;0;29;29;0;0;0;0;0;0;0;0;0;0;0;0;42801;2004;10333
1258;2025;47.4934, -0.5508;4;9;33;0;28;28;2;0;2;2;0;2;2;0;0;100;100;0;45500;1605;10333
1259;2025;48.0877, -0.75794;3;11;45;0;34;31;2;0;2;2;0;2;2;0;0;100;100;0;35128;1761;10333
1260;2025;47.464, -0.49729;2;7;29;0;23;20;1;0;0;0;0;0;0;0;0;0;0;0;35120;1640;10333
1261;2025;45.8191, 1.27205;5;8;31;0;26;26;0;0;0;0;0;0;0;0;0;0;0;0;35117;3428;10333
1262;2025;48.75, 2.3;5;15;58;1;15;15;0;0;0;0;0;0;0;0;0;0;0;0;47305;3630;10333
1263;2025;50.6338, 3.04505;3;11;32;0;29;29;2;0;2;2;1;2;2;0;0;100;100;50;47294;2004;10333
1264;2025;-21.3382, 55.4797;3;4;14;0;12;12;0;0;0;0;0;0;0;0;0;0;0;0;47290;3995;10333
1265;2025;50.6338, 3.04505;10;9;28;0;25;26;3;3;2;3;1;3;3;0;0;67;100;33;47293;2004;10333
1266;2025;47.4934, -0.5508;10;6;22;0;19;19;0;0;0;0;0;0;0;0;0;0;0;0;42782;1605;10333
1267;2025;50.6338, 3.04505;5;10;29;0;26;26;0;0;0;0;0;0;0;0;0;0;0;0;47302;2004;10333
1268;2025;50.6342, 3.04871;5;10;29;0;26;26;0;0;0;0;0;0;0;0;0;0;0;0;47297;2003;10333
1269;2025;50.6338, 3.04505;10;8;24;0;21;21;0;0;0;0;0;0;0;0;0;0;0;0;47289;2004;10333
1270;2025;44.8, -0.53333;2;8;30;0;26;27;1;0;1;1;0;1;1;0;0;100;100;0;42811;1067;10333
1271;2025;48.407, -4.49558;4;9;33;0;7;7;0;0;0;0;0;0;0;0;0;0;0;0;35131;829;10333
1272;2025;43.5277, 5.4042;2;10;29;0;23;21;1;1;0;1;0;1;1;0;0;0;100;0;35124;339;10333
1273;2025;48.83982, 2.58357;10;28;81;1;39;39;6;0;6;6;0;6;6;0;0;100;100;0;42783;3676;10333
1274;2025;48.8047, 2.32543;5;10;40;1;29;25;5;0;4;5;1;5;5;0;0;80;100;20;39016;3753;10333
1275;2025;48.7836, 2.21294;1;11;42;0;34;34;0;0;0;0;0;0;0;0;0;0;0;0;45502;3165;10333
1276;2025;47.3294, 5.01709;1;8;30;0;24;24;0;0;0;0;0;0;0;0;0;0;0;0;45501;591;10333
1277;2025;50.6338, 3.04505;6;12;34;0;30;30;0;0;0;0;0;0;0;0;0;0;0;0;47296;2004;10333
1278;2025;50.6342, 3.04871;3;9;30;0;27;28;0;0;0;0;0;0;0;0;0;0;0;0;42793;2003;10333
1279;2025;45.74657, 4.82646;4;10;25;0;10;10;1;1;1;1;0;1;1;0;0;100;100;0;42815;2566;10333
1280;2025;45.7841, 4.86893;10;11;34;0;5;6;0;0;0;0;0;0;0;0;0;0;0;0;39006;2608;10333
1281;2025;48.7897, 2.36385;32;27;94;1;80;73;24;9;11;24;4;24;24;0;0;46;100;17;35118;3750;10333
1282;2025;48.8456, 2.32814;10;25;77;0;70;66;4;0;2;2;1;4;4;0;0;50;50;25;35132;2878;10333
1283;2025;43.1205, 5.93881;2;6;32;0;26;26;4;0;4;4;0;4;4;0;0;100;100;0;35136;3300;10333
1284;2025;44.8, -0.53333;2;8;31;0;27;27;0;0;0;0;0;0;0;0;0;0;0;0;42810;1067;10333
1285;2025;43.5277, 5.4042;2;11;25;1;13;10;0;0;0;0;0;0;0;0;0;0;0;0;35135;339;10333
1286;2025;47.3294, 5.01709;1;11;28;0;23;23;0;0;0;0;0;0;0;0;0;0;0;0;39013;591;10333
1287;2025;50.6342, 3.04871;5;7;28;0;25;25;1;0;1;1;0;1;1;0;0;100;100;0;42802;2003;10333
1288;2025;49.10043, 6.21617;2;8;24;0;11;8;2;1;1;2;0;2;2;0;0;50;100;0;47286;1922;10333
1289;2025;43.6784, 3.87317;5;6;22;0;15;15;0;0;0;0;0;0;0;0;0;0;0;0;47301;1110;10333
1290;2025;48.8146, 2.37841;3;23;65;1;44;39;2;1;1;2;0;2;2;0;0;50;100;0;39015;3748;10333
1291;2025;-21.3382, 55.4797;2;4;15;0;13;13;0;0;0;0;0;0;0;0;0;0;0;0;42785;3995;10333
1292;2025;48.75, 2.3;20;477;2414;9;2171;1910;10;1;0;10;2;10;10;0;0;0;100;20;40002;3630;3984
1293;2025;50.6342, 3.04871;20;330;1673;7;1511;906;5;0;2;5;0;5;5;0;0;40;100;0;47274;2003;8857
1294;2025;47.4934, -0.5508;134;446;1900;5;1707;1486;22;7;13;22;0;22;22;0;0;59;100;0;78;1605;8857
1295;2025;48.10359, -1.68885;8;334;1823;6;1635;1385;3;1;3;3;0;3;3;0;0;100;100;0;77;1205;8857
1296;2025;50.6342, 3.04871;70;310;1580;7;1428;902;13;1;4;13;2;13;13;0;0;31;100;15;80;2003;8857
1297;2025;48.407, -4.49558;56;399;1760;5;1579;1346;15;4;12;15;0;15;15;0;0;80;100;0;76;829;8857
1298;2025;47.3294, 5.01709;10;317;1674;8;1502;1239;4;0;2;4;1;4;4;0;0;50;100;25;45495;591;8857
1299;2025;47.4934, -0.5508;35;340;1914;8;1718;1474;31;1;19;31;1;31;31;0;0;61;100;3;45494;1605;8857
1300;2025;48.7836, 2.21294;10;412;2273;11;2042;1811;7;0;4;7;0;7;7;0;0;57;100;0;45496;3165;8857
1301;2025;48.8456, 2.32814;60;609;3058;14;2761;2176;46;6;9;37;8;46;46;0;0;20;80;17;25963;2878;8857
1302;2025;45.7841, 4.86893;75;406;1926;7;1732;1136;19;1;4;18;1;19;19;0;0;21;95;5;85;2608;8857
1303;2025;48.407, -4.49558;12;304;1624;5;1458;1235;17;1;16;17;0;17;17;0;0;94;100;0;42776;829;8857
1304;2025;49.0535, 2.03948;120;844;1935;6;1655;1305;99;66;27;97;0;99;99;0;0;27;98;0;171;3815;8857
1305;2025;44.8, -0.53333;18;350;1790;8;1617;1386;15;1;10;14;2;15;15;0;0;67;93;13;39004;1067;8857
1306;2025;47.464, -0.49729;25;333;1772;6;1571;1107;9;1;5;9;1;9;9;0;0;56;100;11;35106;1640;8857
1307;2025;45.74657, 4.82646;90;761;1810;5;1623;1292;49;34;32;49;2;49;49;0;0;65;100;4;42812;2566;8857
1308;2025;50.6338, 3.04505;30;435;1769;5;1591;1025;2;0;0;2;0;2;2;0;0;0;100;0;42779;2004;8857
1309;2025;48.8456, 2.32814;40;575;2374;9;2132;1702;27;11;3;26;3;26;26;0;0;11;96;12;42778;2878;8857
1310;2025;48.7897, 2.36385;30;500;1659;9;1458;934;17;11;2;17;1;17;17;0;0;12;100;6;473;3750;8857
1311;2025;-21.3382, 55.4797;10;213;951;3;857;599;0;0;0;0;0;0;0;0;0;0;0;0;31107;3995;8857
1312;2025;47.3294, 5.01709;14;430;1767;6;1589;1365;3;0;2;3;0;3;3;0;0;67;100;0;74;591;8857
1313;2025;43.6784, 3.87317;20;302;1464;6;1320;851;1;0;0;1;0;1;1;0;0;0;100;0;47275;1110;8857
1314;2025;50.6342, 3.04871;30;306;1621;6;1467;900;5;0;2;5;1;5;5;0;0;40;100;20;22814;2003;8857
1315;2025;44.8097, -0.78259;76;612;2766;8;2319;1928;64;12;30;62;4;64;64;0;0;47;97;6;22808;1064;8857
1316;2025;43.5277, 5.4042;16;355;1800;8;1596;1144;9;3;5;9;0;9;9;0;0;56;100;0;35107;339;8857
1317;2025;47.2749, -1.50702;10;391;1432;3;1284;1080;4;1;2;4;0;4;4;0;0;50;100;0;30944;1504;8857
1318;2025;47.2749, -1.50702;12;313;1650;4;1483;1259;8;0;7;8;0;8;8;0;0;88;100;0;42777;1504;8857
1319;2025;48.407, -4.49558;18;322;1763;6;1581;1334;16;2;15;16;1;16;16;0;0;94;100;6;75;829;8857
1320;2025;48.407, -4.49558;10;379;1362;3;1223;1026;3;1;3;3;1;3;3;0;0;100;100;33;22812;829;8857
1321;2025;48.8047, 2.32543;50;425;1822;4;1637;1154;42;14;13;42;3;42;42;0;0;31;100;7;39000;3753;8857
1322;2025;48.83982, 2.58357;250;902;3927;10;2938;2013;256;44;245;254;25;256;256;0;0;96;99;10;94;3676;8857
1323;2025;50.6338, 3.04505;20;371;1594;5;1440;908;0;0;0;0;0;0;0;0;0;0;0;0;47276;2004;8857
1324;2025;49.18218, -0.36851;12;336;1549;6;1392;1182;2;0;1;2;1;2;2;0;0;50;100;50;47277;449;8857
1325;2025;49.8494, 3.28716;45;598;2655;10;2258;1827;26;3;19;26;2;26;26;0;0;73;100;8;385;62;8857
1326;2025;49.18218, -0.36851;19;582;1483;5;1331;1126;6;5;4;6;0;6;6;0;0;67;100;0;29273;449;8857
1327;2025;48.75, 2.3;12;662;1687;7;1513;1327;10;3;3;10;2;10;10;0;0;30;100;20;47279;3630;8857
1328;2025;48.7897, 2.36385;120;545;2223;7;1910;1157;103;18;42;101;4;103;103;0;0;41;98;4;392;3750;8857
1329;2025;49.18218, -0.36851;12;416;1769;6;1589;1346;3;0;3;3;0;3;3;0;0;100;100;0;29272;449;8857
1330;2025;49.18218, -0.36851;18;332;1778;7;1596;1348;12;1;10;12;1;12;12;0;0;83;100;8;29274;449;8857
1331;2025;49.4018, 2.8025;90;821;1896;5;1720;1454;67;45;45;67;1;67;67;0;0;67;100;1;84;2163;8857
1332;2025;48.7897, 2.36385;180;799;3688;13;3142;1967;192;21;50;192;11;192;192;0;0;26;100;6;167;3750;8857
1333;2025;48.0877, -0.75794;62;474;2202;6;1983;1368;26;7;19;26;0;26;26;0;0;73;100;0;172;1761;8857
1334;2025;43.4462, -1.55389;55;476;2056;7;1624;779;50;5;29;50;2;50;50;0;0;58;100;4;35215;2352;8857
1335;2025;45.8191, 1.27205;25;321;1658;6;1494;1228;17;0;7;17;1;17;17;0;0;41;100;6;174;3428;8857
1336;2025;48.8456, 2.32814;85;580;2411;8;2164;1743;43;14;10;37;3;42;42;0;0;23;86;7;88;2878;8857
1337;2025;43.5277, 5.4042;16;502;1559;6;1394;1005;4;1;2;4;0;4;4;0;0;50;100;0;35109;339;8857
1338;2025;44.8, -0.53333;25;331;1643;4;1484;904;17;3;3;17;0;17;17;0;0;18;100;0;31106;1067;8857
1339;2025;43.1205, 5.93881;48;394;1626;6;1462;1203;14;3;5;11;0;14;14;0;0;36;79;0;91;3300;8857
1340;2025;47.2749, -1.50702;23;502;2206;6;1980;1686;24;6;22;24;2;24;24;0;0;92;100;8;475;1504;8857
1341;2025;48.407, -4.49558;6;313;1509;5;1356;1150;0;0;0;0;0;0;0;0;0;0;0;0;505;829;8857
1342;2025;48.7836, 2.21294;14;548;2268;6;2035;1807;3;2;0;2;1;3;3;0;0;0;67;33;93;3165;8857
1343;2025;48.407, -4.49558;8;327;1129;4;1015;852;0;0;0;0;0;0;0;0;0;0;0;0;30945;829;8857
1344;2025;44.8, -0.53333;60;567;2470;8;2166;1172;28;4;7;26;0;28;28;0;0;25;93;0;30957;1066;8857
1345;2025;50.6338, 3.04505;36;624;2418;6;2172;1375;35;10;4;35;1;35;35;0;0;11;100;3;22810;2004;8857
1346;2025;44.8539, -0.59709;20;356;1860;7;1675;1244;8;2;0;7;1;8;8;0;0;0;88;12;47281;1005;8857
1347;2025;-21.3382, 55.4797;17;234;1016;4;915;586;0;0;0;0;0;0;0;0;0;0;0;0;47206;3995;8857
1348;2025;48.75, 2.3;8;456;1975;6;1773;1533;1;1;1;1;1;1;1;0;0;100;100;100;47280;3630;8857
1349;2025;49.18218, -0.36851;12;396;1428;3;191;42;0;0;0;0;0;0;0;0;0;0;0;0;47278;449;8857
1350;2025;47.464, -0.49729;17;459;1467;3;1290;901;2;0;1;2;0;2;2;0;0;50;100;0;35108;1640;8857
1351;2025;48.8456, 2.32814;25;607;2898;11;2616;1822;39;11;9;39;6;39;39;0;0;23;100;15;39002;2878;8857
1352;2025;43.4462, -1.55389;20;285;1215;4;970;703;23;11;18;23;2;23;23;0;0;78;100;9;42775;2352;8857
1353;2025;50.6338, 3.04505;17;493;2104;6;1910;1267;50;6;4;50;2;50;50;0;0;8;100;4;47207;2004;8857
1354;2025;50.6338, 3.04505;320;621;2450;6;2207;1567;132;41;26;129;6;132;132;0;0;20;98;5;83;2004;8857
1355;2025;47.2749, -1.50702;12;325;1548;4;1391;1178;12;5;12;12;0;12;12;0;0;100;100;0;39001;1504;8857
1356;2025;48.7897, 2.36385;30;425;1832;10;1268;423;4;1;0;3;0;4;4;0;0;0;75;0;25848;3750;8857
1357;2025;48.8146, 2.37841;36;627;2541;9;2117;1600;22;5;10;21;0;21;21;0;0;45;95;0;471;3748;8857
1358;2025;47.4934, -0.5508;14;464;1940;5;1746;1513;5;1;3;5;1;5;5;0;0;60;100;20;30959;1605;8857
1359;2025;-21.3382, 55.4797;17;407;1621;5;1458;937;4;0;2;4;0;4;4;0;0;50;100;0;47205;3995;8857
1360;2025;43.1205, 5.93881;60;322;1554;4;1407;1126;37;6;18;37;4;37;37;0;0;49;100;11;25851;3300;8857
1361;2025;50.6342, 3.04871;57;347;1842;7;1660;1422;34;4;29;33;2;34;34;0;0;85;97;6;81;2003;8857
1362;2025;45.7841, 4.86893;135;774;1945;4;1747;1153;92;54;40;91;2;92;92;0;0;43;99;2;86;2608;8857
1363;2025;43.5277, 5.4042;13;437;1656;7;1483;1069;5;0;2;5;0;5;5;0;0;40;100;0;25849;339;8857
1364;2025;43.1205, 5.93881;30;504;1455;5;1310;1052;8;3;4;7;0;8;8;0;0;50;88;0;25852;3300;8857
1365;2025;49.10043, 6.21617;46;320;1469;4;1297;1115;35;7;33;35;1;35;35;0;0;94;100;3;47203;1922;8857
1366;2025;48.407, -4.49558;19;556;1440;4;1295;1101;11;9;10;11;0;11;11;0;0;91;100;0;504;829;8857
1367;2025;47.2749, -1.50702;25;339;1836;6;1647;1387;27;6;26;27;1;27;27;0;0;96;100;4;476;1504;8857
1368;2025;43.5873, 3.89017;35;460;1795;7;1614;1052;5;2;0;5;1;5;5;0;0;0;100;20;25860;1110;8857
1369;2025;48.8456, 2.32814;25;481;2145;8;1858;1302;9;3;3;8;0;9;9;0;0;33;89;0;22815;2878;8857
1370;2025;48.8146, 2.37841;110;772;3539;12;3132;2471;72;9;22;72;5;72;72;0;0;31;100;7;173;3748;8857
1371;2025;47.464, -0.49729;4;0;54;0;47;39;1;0;1;1;0;1;0;1;0;100;100;0;35157;1640;9048
1372;2025;48.10359, -1.68885;2;2;65;0;14;14;1;0;1;1;0;1;0;1;0;100;100;0;39027;1205;2126
1373;2025;43.5277, 5.4042;2;5;39;0;33;28;1;0;1;1;0;1;0;1;0;100;100;0;35160;339;2126
1374;2025;47.4934, -0.5508;10;3;56;0;49;49;0;0;0;0;0;0;0;0;0;0;0;0;22894;1605;2126
1375;2025;43.4462, -1.55389;2;3;30;0;23;23;3;1;3;3;1;3;0;3;0;100;100;33;42798;2352;2126
1376;2025;43.6784, 3.87317;10;1;41;0;36;37;2;1;1;2;0;2;0;2;0;50;100;0;47320;1110;2126
1377;2025;48.8146, 2.37841;6;13;147;0;101;93;2;0;1;2;1;2;0;2;0;50;100;50;22904;3748;2126
1378;2025;44.8539, -0.59709;5;3;67;0;59;52;0;0;0;0;0;0;0;0;0;0;0;0;47322;1005;2126
1379;2025;44.8, -0.53333;5;2;54;0;49;49;0;0;0;0;0;0;0;0;0;0;0;0;31226;1067;2126
1380;2025;43.6784, 3.87317;10;3;50;0;42;42;1;0;1;1;0;1;0;1;0;100;100;0;42807;1110;2126
1381;2025;48.8456, 2.32814;10;11;142;0;120;109;11;2;6;11;1;11;0;11;0;55;100;9;42808;2878;2126
1382;2025;45.74657, 4.82646;6;11;38;0;11;11;1;0;1;1;0;1;0;1;0;100;100;0;42816;2566;2126
1383;2025;49.10043, 6.21617;2;1;43;0;15;6;1;0;1;1;0;1;0;1;0;100;100;0;47308;1922;2126
1384;2025;49.0535, 2.03948;3;20;48;0;28;23;3;3;1;3;0;3;0;3;0;33;100;0;22888;3815;2126
1385;2025;45.8191, 1.27205;5;0;54;0;49;49;4;0;4;4;2;4;0;4;0;100;100;50;22905;3428;2126
1386;2025;43.1205, 5.93881;10;1;42;0;36;36;3;0;3;3;0;3;0;3;0;100;100;0;25855;3300;2126
1387;2025;47.3294, 5.01709;10;3;54;0;48;48;2;0;2;2;0;2;0;2;0;100;100;0;31219;591;2126
1388;2025;47.2749, -1.50702;2;1;63;0;15;15;0;0;0;0;0;0;0;0;0;0;0;0;39026;1504;2126
1389;2025;50.6342, 3.04871;10;1;60;0;53;53;2;0;2;2;0;2;0;2;0;100;100;0;22913;2003;2126
1390;2025;50.6338, 3.04505;5;2;68;0;60;60;0;0;0;0;0;0;0;0;0;0;0;0;42799;2004;2126
1391;2025;50.6342, 3.04871;10;1;43;0;39;39;0;0;0;0;0;0;0;0;0;0;0;0;22895;2003;2126
1392;2025;49.4018, 2.8025;5;8;36;0;31;31;1;0;1;1;0;1;0;1;0;100;100;0;22887;2163;2126
1393;2025;50.6338, 3.04505;20;3;70;0;63;63;5;0;5;5;0;5;0;5;0;100;100;0;47312;2004;2126
1394;2025;48.0877, -0.75794;6;7;75;0;59;53;9;0;7;9;1;9;0;9;0;78;100;11;22903;1761;2126
1395;2025;49.8494, 3.28716;2;8;95;0;40;34;0;0;0;0;0;0;0;0;0;0;0;0;22907;62;2126
1396;2025;48.75, 2.3;4;7;104;0;14;14;0;0;0;0;0;0;0;0;0;0;0;0;40005;3630;2126
1397;2025;48.407, -4.49558;2;0;47;0;12;12;0;0;0;0;0;0;0;0;0;0;0;0;39024;829;2126
1398;2025;48.7897, 2.36385;32;15;154;0;133;106;20;3;8;19;3;20;0;20;0;40;95;15;22902;3750;2126
1399;2025;50.6342, 3.04871;9;1;57;0;50;50;1;0;1;1;1;1;0;1;0;100;100;100;22896;2003;2126
1400;2025;44.8, -0.53333;3;1;52;0;47;47;0;0;0;0;0;0;0;0;0;0;0;0;39661;1067;2126
1401;2025;49.18218, -0.36851;2;1;53;0;14;14;1;0;1;1;0;1;0;1;0;100;100;0;39088;449;2126
1402;2025;48.8047, 2.32543;5;7;72;0;59;41;4;0;2;4;0;4;0;4;0;50;100;0;39032;3753;2126
1403;2025;43.5277, 5.4042;4;1;55;0;48;41;2;0;1;2;0;2;0;2;0;50;100;0;35158;339;2126
1404;2025;50.6338, 3.04505;5;4;91;0;82;82;6;0;6;6;0;6;0;6;0;100;100;0;47313;2004;2126
1405;2025;-21.3382, 55.4797;5;3;25;0;20;20;0;0;0;0;0;0;0;0;0;0;0;0;47310;3995;2126
1406;2025;44.8097, -0.78259;2;12;103;0;45;39;4;1;3;3;2;4;0;4;0;75;75;50;22909;1064;2126
1407;2025;48.83982, 2.58357;15;15;154;0;75;75;15;0;15;15;0;15;0;15;0;100;100;0;42797;3676;2126
1408;2025;43.1205, 5.93881;8;8;32;0;27;28;1;0;1;1;0;1;0;1;0;100;100;0;25856;3300;2126
1409;2025;48.7836, 2.21294;10;8;85;0;72;72;0;0;0;0;0;0;0;0;0;0;0;0;31220;3165;2126
1410;2025;-21.3382, 55.4797;3;2;19;0;16;16;0;0;0;0;0;0;0;0;0;0;0;0;31227;3995;2126
1411;2025;47.464, -0.49729;2;4;36;0;32;27;3;0;2;3;1;3;0;3;0;67;100;33;35159;1640;2126
1412;2025;47.3294, 5.01709;10;0;49;0;44;44;3;0;3;3;0;3;0;3;0;100;100;0;45498;591;2711
1413;2025;48.7836, 2.21294;1;8;98;0;86;86;2;0;2;2;0;2;0;2;0;100;100;0;45499;3165;2711
1414;2025;47.4934, -0.5508;10;1;64;0;56;56;2;0;2;2;1;2;0;2;0;100;100;50;45497;1605;2711
1415;2025;43.4462, -1.55389;5;6;64;0;52;51;9;3;9;9;1;9;0;9;0;100;100;11;35217;2352;2711
1416;2025;47.4582, -0.54443;30;11;45;0;43;43;15;3;15;15;0;15;0;15;0;100;100;0;47892;1603;2227
1417;2025;48.78616, 2.05842;20;3;15;0;14;14;1;0;1;1;0;1;0;1;0;100;100;0;47893;3169;2227
1418;2025;43.5608, 1.46936;33;162;612;153;304;141;33;10;4;32;2;28;28;0;0;12;97;7;50024;959;1373
1419;2025;49.213, -0.36849;24;26;159;27;78;70;26;2;11;26;1;24;24;0;0;42;100;4;48068;446;6014
1420;2025;49.1889, -0.36388;12;23;29;11;9;9;4;1;4;4;0;4;4;0;0;100;100;0;48066;446;3742
1421;2025;49.1889, -0.36388;12;14;21;13;6;6;1;0;1;1;0;1;1;0;0;100;100;0;48067;446;5120
1422;2025;43.4762, -1.50781;25;70;334;155;105;57;24;1;10;24;5;24;24;0;0;42;100;21;44413;2351;9538
1423;2025;45.4293, 4.42257;24;565;1604;575;514;66;24;7;13;23;9;24;24;0;0;54;96;38;36511;1384;3890
1424;2025;47.2785, -2.21247;70;109;667;102;326;178;17;0;14;16;1;15;12;3;0;82;94;7;25185;1487;8675
1425;2025;49.2129, -0.35547;36;118;690;98;340;119;8;2;6;7;0;5;3;2;0;75;88;0;25171;448;8675
1426;2025;48.43333, -4.4;24;105;580;91;237;72;10;2;9;10;0;9;8;1;0;90;100;0;25170;838;8675
1427;2025;47.31106, 5.09225;20;130;689;107;361;56;14;4;9;14;2;12;10;2;0;64;100;17;25968;594;8675
1428;2025;48.6564, 6.11732;75;112;665;110;287;173;23;5;20;21;2;18;15;3;0;87;91;11;25187;1803;8675
1429;2025;50.6281, 3.0711;44;190;1003;134;495;153;38;6;14;38;1;35;33;2;0;37;100;3;25174;2110;8675
1430;2025;43.6784, 7.20397;72;204;930;153;350;185;44;15;24;44;3;35;31;4;0;55;100;9;25186;165;8675
1431;2025;43.5795, 3.94729;60;192;962;137;418;167;48;8;29;48;2;41;32;9;0;60;100;5;25181;1124;8675
1432;2025;43.5483, 1.50282;60;217;1036;158;400;192;44;10;19;40;1;33;32;1;0;43;91;3;25176;928;8675
1433;2025;50.2965, 2.73356;36;122;679;101;344;94;34;7;17;33;4;31;24;7;0;50;97;13;25166;2224;8675
1434;2025;47.8452, 1.94062;35;123;698;111;298;98;13;1;8;13;0;13;12;1;0;62;100;0;25183;1548;8675
1435;2025;48.56064, 7.69445;80;155;792;116;354;196;30;7;21;28;1;23;21;2;0;70;93;4;25179;2454;8675
1436;2025;44.8651, -0.577;85;209;1067;140;488;236;28;7;22;27;0;22;22;0;0;79;96;0;25168;1043;8675
1437;2025;43.4915, 5.32949;60;191;951;155;430;190;43;5;28;42;4;35;33;2;0;65;98;11;25165;383;8675
1438;2025;47.21667, -1.55;30;139;801;112;338;112;7;0;2;7;0;6;5;1;0;29;100;0;48598;1505;8675
1439;2025;45.23333, 5.78333;20;125;699;107;242;74;0;0;0;0;0;0;0;0;0;0;0;0;48600;1319;8675
1440;2025;46.1846, -1.14664;35;134;747;102;223;82;18;4;13;18;0;17;16;1;0;72;100;0;25177;509;8675
1441;2025;45.6292, 0.12106;35;100;581;86;279;100;15;2;14;14;0;12;10;2;0;93;93;0;25175;476;8675
1442;2025;45.7834, 4.88256;95;250;1192;182;522;301;73;18;28;66;5;61;51;10;0;38;90;8;25172;2571;8675
1443;2025;43.3176, -0.30906;60;119;648;100;210;118;24;6;18;24;1;24;21;3;0;75;100;4;25167;2354;8675
1444;2025;48.9033, 2.19298;170;327;1339;196;768;593;114;31;12;93;13;84;68;16;0;11;82;15;25182;3612;8675
1445;2025;49.2316, 4.01244;42;119;707;102;373;105;26;5;17;25;1;24;22;2;0;65;96;4;25184;1723;8675
1446;2025;49.3819, 1.07422;108;159;844;117;459;256;58;13;36;57;2;52;44;8;0;62;98;4;25180;3014;8675
1447;2025;44.8335, -0.57306;6;60;152;60;31;16;6;3;2;6;0;6;6;0;0;33;100;0;44822;975;11130
1448;2025;48.0196, 0.15729;70;11;124;11;93;97;31;2;26;29;1;29;23;6;0;84;94;3;19684;2698;531
1449;2025;49.3859, 1.06838;26;291;397;42;253;129;25;16;5;22;2;23;23;0;0;20;88;9;33261;3025;8986
1450;2025;43.2386, 5.37401;160;88;518;107;303;257;176;26;102;173;5;154;154;0;0;58;98;3;32906;310;4940
1451;2025;43.5704, 1.46794;24;398;853;105;675;63;25;17;5;23;2;23;23;0;0;20;92;9;29190;900;12189
1452;2025;48.1237, -1.63536;20;322;704;78;566;95;20;11;1;20;0;20;20;0;0;5;100;0;29189;1156;6110
1453;2025;48.1237, -1.63536;20;291;643;78;504;145;20;9;1;15;2;18;18;0;0;5;75;11;32061;1156;2627
1454;2025;49.0347, 2.06997;20;200;408;4;147;76;21;13;9;21;2;21;21;0;0;43;100;10;31243;3831;5746
1455;2025;48.9001, 2.06982;25;75;142;3;32;35;12;9;10;12;1;12;12;0;0;83;100;8;42873;3160;579
1456;2025;48.8987, 2.06569;38;109;211;5;109;98;35;24;28;35;4;34;34;0;0;80;100;12;31250;3168;7778
1457;2025;41.9642, 8.81312;25;19;61;23;45;46;9;1;6;8;0;6;6;0;0;67;89;0;44879;3839;4495
1458;2025;47.4798, -0.60756;47;78;152;22;95;79;47;23;28;43;1;42;41;1;0;60;91;2;12029;1636;9279
1459;2025;47.2641, -1.56375;30;82;126;32;95;85;28;19;10;26;2;26;22;4;0;36;93;8;23814;1495;3863
1460;2025;48.8588, 2.18322;24;9;130;12;79;74;18;3;11;17;0;18;0;18;0;61;94;0;29298;3574;1683
1461;2025;43.6573, 6.9311;35;5;58;9;58;59;4;0;2;4;2;4;0;4;0;50;100;50;29301;166;1683
1462;2025;49.0313, 2.07416;35;8;102;13;102;112;10;1;8;8;2;9;0;9;0;80;80;22;29300;3814;1683
1463;2025;48.7906, 2.32725;35;6;96;11;96;99;8;0;5;5;2;7;0;7;0;62;62;29;45231;3771;1831
1464;2025;48.7906, 2.32725;120;170;748;78;656;716;30;3;17;20;3;21;21;0;0;57;67;14;45230;3771;11615
1465;2025;48.04693, -1.74329;80;167;747;61;659;590;31;9;25;31;0;30;30;0;0;81;100;0;29283;1196;11615
1466;2025;48.8588, 2.18322;48;203;964;77;860;667;51;3;27;51;0;51;51;0;0;53;100;0;30810;3574;11615
1467;2025;45.7639, 4.82517;145;401;1768;147;1491;785;159;33;84;154;2;156;156;0;0;53;97;1;29279;2534;11615
1468;2025;47.3135, 5.03727;32;192;895;66;796;675;37;3;26;37;0;36;36;0;0;70;100;0;35419;571;11615
1469;2025;45.7639, 4.82517;130;271;1167;122;776;659;122;24;104;121;1;110;110;0;0;85;99;1;29282;2534;11615
1470;2025;49.0316, 2.07517;120;199;798;81;700;793;74;17;33;49;11;61;61;0;0;45;66;18;29284;3814;11615
1471;2025;49.2406, 4.02724;25;159;784;64;703;714;17;4;11;14;1;14;14;0;0;65;82;7;39385;1701;11615
1472;2025;44.825, -0.58133;32;228;991;77;877;741;24;3;14;21;0;21;21;0;0;58;88;0;35418;1001;11615
1473;2025;45.7106, 4.80955;38;246;1091;83;980;520;38;8;10;34;2;37;37;0;0;26;89;5;35417;2550;11615
1474;2025;43.6573, 6.92311;40;144;629;62;546;568;11;2;8;11;1;9;9;0;0;73;100;11;29285;166;11615
1475;2025;49.0987, 6.1593;24;76;200;98;133;132;9;3;2;8;0;3;3;0;0;22;89;0;15467;1904;6546
1476;2025;49.4155, 2.81939;400;2120;6861;819;3427;1410;428;231;275;406;19;393;393;0;0;64;95;5;55;2141;2540
1477;2025;47.588, 6.86649;290;1200;4584;577;3599;2474;300;38;175;300;27;293;293;0;0;58;100;9;56;3486;2540
1478;2025;48.26912, 4.06723;314;1472;5451;654;2600;2117;327;83;204;322;10;252;252;0;0;62;98;4;54;227;2540
1479;2025;49.4148, 2.81788;25;790;2087;316;99;60;30;24;16;30;1;28;28;0;0;53;100;4;27774;2142;2540
1480;2025;49.89974, 2.29164;55;29;138;14;108;113;47;5;44;45;7;44;44;0;0;94;96;16;30782;3220;1142
1481;2025;49.4673, 1.07273;30;222;368;45;290;294;17;12;17;17;1;17;17;0;0;100;100;6;48179;3022;6547
1482;2025;49.4673, 1.07273;45;137;213;28;154;158;22;12;18;21;0;18;18;0;0;82;95;0;29289;3022;8733
1483;2025;48.0443, -1.74568;70;205;355;42;240;244;44;21;43;44;3;39;39;0;0;98;100;8;29287;1198;12411
1484;2025;49.4599, 2.06824;320;413;746;75;631;644;210;109;205;209;6;194;194;0;0;98;100;3;29286;2137;12411
1485;2025;50.6334, 3.04737;180;297;598;61;434;445;99;45;88;94;2;81;81;0;0;89;95;2;25918;1999;3293
1486;2025;43.6026, 1.39659;270;341;622;54;390;408;181;99;173;176;8;173;173;0;0;96;97;5;25916;902;3293
1487;2025;45.7279, 4.83648;150;298;560;61;271;275;75;42;72;75;0;68;68;0;0;96;100;0;25919;2578;3293
1488;2025;43.6026, 1.39659;20;18;52;4;31;31;15;5;14;15;2;15;0;15;0;93;100;13;25924;902;8043
1489;2025;45.7279, 4.83648;10;16;43;4;13;13;5;3;5;5;0;4;0;4;0;100;100;0;25927;2578;8043
1490;2025;50.6334, 3.04737;12;16;51;3;31;31;8;3;8;8;0;8;0;8;0;100;100;0;25926;1999;8043
1491;2025;44.83774, -0.55068;5;105;312;311;176;72;4;1;0;2;0;0;0;0;0;0;50;0;47591;1071;9006
1492;2025;45.7514, 4.84014;10;91;262;262;125;125;6;2;4;5;0;0;0;0;0;67;83;0;47577;2622;9006
1493;2025;49.2163, -0.36644;10;56;155;155;30;30;4;1;4;4;0;0;0;0;0;100;100;0;47575;442;9006
1494;2025;45.7598, 4.9224;5;65;181;181;27;26;1;0;1;1;0;0;0;0;0;100;100;0;47576;2629;9006
1495;2025;44.85836, -0.55853;10;82;231;230;108;110;0;0;0;0;0;0;0;0;0;0;0;0;47580;1070;9006
1496;2025;47.28333, -2.2;15;66;199;199;81;83;1;0;1;1;0;0;0;0;0;100;100;0;47585;1507;9006
1497;2025;48.89627, 2.23592;40;147;398;398;161;120;34;13;29;32;0;0;0;0;0;85;94;0;47588;3615;9006
1498;2025;48.7877, 2.0412;5;131;388;388;211;53;4;1;1;1;0;0;0;0;0;25;25;0;47590;3161;9006
1499;2025;46.13978, -1.15464;20;68;213;213;108;112;3;1;1;3;0;0;0;0;0;33;100;0;47582;502;9006
1500;2025;43.6003, 3.87157;10;82;236;236;96;97;7;3;6;7;0;0;0;0;0;86;100;0;47583;1134;9006
1501;2025;43.6436, 3.83997;10;91;260;260;117;102;8;2;5;7;0;0;0;0;0;62;88;0;48588;1138;9006
1502;2025;48.2693, 4.06375;15;72;201;201;82;86;4;1;2;2;0;0;0;0;0;50;50;0;47584;229;9006
1503;2025;48.0877, -0.75801;5;93;300;299;164;73;8;1;0;3;0;0;0;0;0;0;38;0;47589;1764;9006
1504;2025;48.7892, 2.32542;10;121;324;324;125;92;10;2;9;9;0;0;0;0;0;90;90;0;47712;3770;9006
1505;2025;49.3842, 1.07757;15;65;200;200;107;113;6;0;3;6;0;0;0;0;0;50;100;0;47586;2994;9006
1506;2025;48.8511, 2.2886;50;138;354;354;174;204;37;14;9;29;0;0;0;0;0;24;78;0;47578;2908;9006
1507;2025;47.28204, -1.51934;10;83;255;255;119;111;8;1;5;8;0;0;0;0;0;62;100;0;47587;1508;9006
1508;2025;43.5877, 3.89034;8;25;44;44;24;28;2;2;0;2;0;0;0;0;0;0;100;0;49216;1110;9780
1509;2025;43.5877, 3.89034;8;12;34;34;12;11;6;4;5;6;0;0;0;0;0;83;100;0;16964;1110;1131
1510;2025;43.4761, -1.50792;60;147;524;161;216;125;60;22;27;58;6;60;56;4;0;45;97;10;7796;2351;433
1511;2025;50.435, 2.82356;64;53;337;79;158;128;66;9;34;66;5;60;58;2;0;52;100;8;7518;2254;136
1512;2025;48.9563, 2.34087;3;19;165;17;59;14;2;1;0;2;0;2;0;2;0;0;100;0;47720;3657;4697
1513;2025;46.0441, 4.07149;12;23;252;20;109;81;11;0;3;11;1;10;0;10;0;27;100;10;24111;1407;4697
1514;2025;47.298, -1.50139;14;8;197;18;78;55;7;0;3;7;2;7;0;7;0;43;100;29;213;1446;4697
1515;2025;43.2327, 5.44202;6;10;174;18;65;19;7;1;1;6;4;7;0;7;0;14;86;57;212;371;4697
1516;2025;48.9563, 2.34087;3;10;116;17;36;9;1;1;0;1;0;1;0;1;0;0;100;0;47722;3657;4697
1517;2025;-21.34098, 55.49084;4;7;90;3;35;18;9;1;6;9;3;9;0;9;0;67;100;33;434;4002;4697
1518;2025;47.4816, -0.60209;8;7;182;15;72;49;7;0;1;7;0;7;0;7;0;14;100;0;206;1607;4697
1519;2025;50.6136, 3.13651;6;6;178;15;64;23;6;0;1;6;1;6;0;6;0;17;100;17;211;2120;4697
1520;2025;48.0188, 0.15773;5;12;143;11;58;24;1;0;0;1;0;1;0;1;0;0;100;0;47710;2702;4697
1521;2025;46.215, 5.24136;12;18;198;22;75;51;1;1;0;1;0;1;0;1;0;0;100;0;43344;20;4697
1522;2025;45.1986, 5.77475;6;14;192;17;78;39;5;1;2;5;0;5;0;5;0;40;100;0;210;1278;4697
1523;2025;47.8438, 1.9266;12;11;136;18;54;31;2;1;0;2;0;2;0;2;0;0;100;0;358;1522;4697
1524;2025;48.9563, 2.34087;3;13;111;16;36;10;0;0;0;0;0;0;0;0;0;0;0;0;47721;3657;4697
1525;2025;48.9395, 2.35195;4;8;105;11;38;17;0;0;0;0;0;0;0;0;0;0;0;0;47719;3652;4697
1526;2025;47.7475, -3.3966;8;10;125;16;45;23;1;0;0;1;0;1;0;1;0;0;100;0;39091;1870;4697
1527;2025;48.9563, 2.34087;3;14;144;16;50;9;1;0;0;1;0;1;0;1;0;0;100;0;47723;3657;4697
1528;2025;47.6443, -2.77709;14;8;144;17;57;38;11;0;4;11;0;11;0;11;0;36;100;0;25864;1871;4697
1529;2025;47.7475, -3.3966;8;7;162;15;63;25;4;1;1;4;0;4;0;4;0;25;100;0;25863;1870;4697
1530;2025;43.2269, 0.04871;12;23;291;22;118;42;12;1;2;12;2;12;0;12;0;17;100;17;449;2374;4697
1531;2025;48.0189, 0.15473;5;10;126;11;46;21;2;0;1;2;1;2;0;2;0;50;100;50;30858;2703;4697
1532;2025;43.2327, 5.44202;4;12;118;12;46;17;2;0;0;2;0;2;0;2;0;0;100;0;373;371;4697
1533;2025;49.0926, 6.22677;12;19;232;16;90;62;15;3;12;15;2;15;0;15;0;80;100;13;47;1893;4697
1534;2025;47.8438, 1.9266;12;19;271;20;121;52;13;1;1;13;1;13;0;13;0;8;100;8;215;1522;4697
1535;2025;47.298, -1.50139;18;9;173;15;70;58;10;0;7;10;2;10;0;10;0;70;100;20;464;1446;4697
1536;2025;43.2327, 5.44202;6;11;142;18;47;20;5;1;1;5;1;5;0;5;0;20;100;20;372;371;4697
1537;2025;49.0987, 6.1593;4;1;16;0;7;8;0;0;0;0;0;0;0;0;0;0;0;0;16962;1904;9084
1538;2025;49.49004, 0.12626;5;31;121;53;40;22;3;0;0;3;1;3;0;3;0;0;100;33;13755;3017;1817
1539;2025;45.7833, 4.8781;26;76;544;42;115;54;34;6;15;34;12;33;0;33;0;44;100;36;67;2532;10937
1540;2025;43.5704, 1.46794;40;69;550;45;115;80;43;6;16;42;8;40;0;40;0;37;98;20;66;900;1303
1541;2025;-21.34098, 55.49084;4;3;6;3;2;2;0;0;0;0;0;0;0;0;0;0;0;0;39092;4002;922
1542;2025;43.2327, 5.44202;2;20;33;4;13;5;2;1;0;2;2;2;0;2;0;0;100;100;463;371;922
1543;2025;45.1986, 5.77475;6;13;25;3;12;12;3;2;3;3;0;3;0;3;0;100;100;0;462;1278;922
1544;2025;49.0987, 6.1593;2;2;5;0;5;4;0;0;0;0;0;0;0;0;0;0;0;0;16963;1904;2184
1545;2025;44.808, -0.59514;10;137;287;70;100;38;10;6;2;10;1;10;10;0;0;20;100;10;4330;996;7850
1546;2025;44.8064, -0.5976;10;83;186;57;68;22;10;8;6;9;0;9;9;0;0;60;90;0;4468;1049;10242
1547;2025;44.8045, -0.6089;8;66;137;30;88;36;8;2;0;7;0;8;8;0;0;0;88;0;13026;1042;9539
1548;2025;44.81667, -0.6;20;112;490;82;157;75;20;3;2;19;4;19;19;0;0;10;95;21;4329;1052;6630
1549;2025;43.32, -0.3639;3;22;52;11;20;9;3;0;0;3;0;3;3;0;0;0;100;0;7794;2348;8202
1550;2025;44.8054, -0.60502;5;82;279;53;70;14;5;0;0;5;0;4;4;0;0;0;100;0;26027;1065;10199
1551;2025;44.83333, -0.56667;8;249;366;105;84;26;8;5;3;7;2;8;8;0;0;38;88;25;4459;1050;2316
1552;2025;43.4462, -1.55389;5;15;54;7;36;18;5;2;0;4;0;3;3;0;0;0;80;0;7800;2352;9200
1553;2025;44.81667, -0.6;14;205;298;99;175;87;14;11;0;14;0;13;13;0;0;0;100;0;4452;1051;180
1554;2025;44.81667, -0.6;15;267;488;110;215;61;15;8;1;15;1;15;15;0;0;7;100;7;4328;1051;9385
1555;2025;49.49004, 0.12626;30;128;288;186;32;48;18;6;12;16;3;11;11;0;0;67;89;27;9765;3017;11322
1556;2025;45.7684, 4.80594;50;15;33;10;14;14;1;0;1;1;1;1;1;0;0;100;100;100;44411;2598;2030
1557;2025;48.86667, 2.23333;30;18;16;5;8;8;0;0;0;0;0;0;0;0;0;0;0;0;47600;3626;2030
1558;2025;44.3589, 2.5584;36;27;71;14;62;64;23;11;20;22;2;16;10;6;0;87;96;12;12066;267;9699
1559;2025;44.0203, 1.35957;30;28;72;5;59;59;10;3;10;10;0;10;7;2;1;100;100;0;23583;3259;9699
1560;2025;43.2215, 0.04479;20;16;37;5;29;29;1;0;1;1;0;1;1;0;0;100;100;0;12064;2376;9699
1561;2025;43.8204, 4.36816;30;28;48;6;39;39;5;3;5;5;1;4;2;1;1;100;100;25;18261;853;9699
1562;2025;49.4631, 1.06383;44;32;75;10;56;58;34;11;28;33;4;29;13;15;1;82;97;14;35795;2973;8418
1563;2025;49.4631, 1.06383;16;26;49;7;28;27;15;9;8;15;0;12;10;2;0;53;100;0;35461;2973;5452
1564;2025;47.38333, 0.68333;70;116;257;21;218;234;61;26;51;58;3;57;44;12;1;84;95;5;31887;1259;3012
1565;2025;47.9072, 1.89061;50;105;236;24;195;202;43;21;38;39;2;35;29;4;2;88;91;6;32466;1543;3012
1566;2025;46.1407, -1.15601;80;127;310;16;261;276;64;24;54;60;2;58;40;17;1;84;94;3;31885;499;3012
1567;2025;48.84061, 2.36998;40;296;363;90;115;67;41;33;28;41;2;31;29;1;1;68;100;6;35963;2914;49
1568;2025;48.62491, 2.44286;90;259;263;54;173;254;89;39;67;75;5;72;56;16;0;75;84;7;23476;3532;1620
1569;2025;45.7685, 4.80586;170;43;61;17;33;35;17;9;15;16;1;13;10;2;1;88;94;8;24483;2596;62
1570;2025;49.0334, 2.07798;70;99;158;24;58;66;23;16;19;21;2;17;15;2;0;83;91;12;39059;3790;4604
1571;2025;48.896, 2.23663;50;168;311;43;216;251;43;24;28;38;5;34;22;12;0;65;88;15;43000;3608;2305
1572;2025;48.1279, -1.69235;40;93;143;17;111;121;37;16;27;34;3;31;27;3;1;73;92;10;48761;1194;7587
1573;2025;48.5832, 7.77342;160;377;867;89;446;470;148;59;124;137;10;114;97;15;2;84;93;9;26268;2448;4745
1574;2025;48.1279, -1.69235;290;395;1009;95;709;719;169;56;160;164;7;152;125;26;1;95;97;5;26305;1194;9442
1575;2025;48.87801, 2.32863;60;411;1037;100;653;658;12;5;11;12;0;7;5;1;1;92;100;0;44218;2945;9442
1576;2025;43.4986, -1.48997;90;365;817;67;605;614;42;19;35;40;3;35;24;11;0;83;95;9;26272;2349;9173
1577;2025;48.8318, 2.38856;150;617;1405;132;1014;1070;148;52;106;121;11;108;83;23;2;72;82;10;35521;2932;9173
1578;2025;43.1283, 5.92746;40;331;771;75;570;577;24;9;21;23;3;19;17;2;0;88;96;16;26271;3298;9173
1579;2025;42.58916, 9.43007;25;181;417;38;291;294;9;3;7;9;0;7;6;1;0;78;100;0;26274;3850;9173
1580;2025;44.79659, -0.60237;270;519;1225;121;948;973;215;93;191;209;10;182;148;30;4;89;97;5;26273;1058;9173
1581;2025;43.2326, 5.43592;150;431;1032;109;778;806;143;52;119;131;13;113;90;21;2;83;92;12;26269;313;9173
1582;2025;43.9272, 4.84793;45;284;688;71;503;506;17;9;15;16;5;15;11;3;1;88;94;33;26270;3333;2391
1583;2025;43.9026, -0.48152;20;163;459;40;334;337;5;3;3;4;1;4;2;2;0;60;80;25;44217;1354;8484
1584;2025;43.3177, -0.3643;180;209;452;209;276;258;120;46;0;113;9;52;34;16;2;0;94;17;14770;2326;3483
1585;2025;48.9322, 2.35382;30;18;36;8;34;43;11;6;5;8;0;7;5;1;1;45;73;0;48522;3705;3468
1586;2025;48.7897, 2.36385;30;30;65;12;53;57;11;0;6;10;0;10;4;6;0;55;91;0;36043;3750;10380
1587;2025;;30;43;129;44;0;0;0;0;0;0;0;0;0;0;0;0;0;0;48261;3484;10527
1588;2025;48.8758, 2.36479;250;732;1214;215;381;449;122;65;90;104;10;85;60;19;6;74;85;12;31817;2844;8371
1589;2025;44.8, -0.53333;36;136;186;43;139;131;7;6;4;7;0;4;2;2;0;57;100;0;36035;1066;1512
1590;2025;48.7895, 2.36371;30;185;243;59;185;148;17;10;8;17;2;16;12;4;0;47;100;12;25942;3750;1512
1591;2025;45.7782, 3.09085;70;52;108;16;61;64;33;10;30;32;7;28;17;9;2;91;97;25;33551;2288;9114
1592;2025;45.1902, 5.71309;20;5;27;6;14;14;3;0;3;3;1;3;3;0;0;100;100;33;47821;1300;10412
1593;2025;45.76, 4.818;100;64;173;18;114;115;10;2;9;9;0;8;6;2;0;90;90;0;47820;2633;11589
1594;2025;45.1902, 5.71309;80;72;183;27;132;138;41;10;23;39;4;31;23;8;0;56;95;13;31946;1300;11589
1595;2025;48.896, 2.23663;80;116;235;26;141;153;22;8;17;19;2;16;11;5;0;77;86;12;31740;3608;1616
1596;2025;45.7467, 4.82584;190;371;795;67;593;636;148;70;130;145;7;129;75;50;4;88;98;5;31184;2567;1928
1597;2025;45.8918, 6.11922;100;103;205;17;142;155;46;21;38;43;2;40;24;15;1;83;93;5;32473;2763;515
1598;2025;48.7897, 2.36385;32;102;156;44;94;101;10;3;3;8;1;6;4;2;0;30;80;17;39395;3750;3313
1599;2025;47.2062, -1.57532;30;68;89;11;73;69;39;33;32;39;2;35;31;3;1;82;100;6;39122;1443;8251
1600;2025;49.1062, 6.17877;30;78;81;14;48;62;9;4;7;9;1;8;6;1;1;78;100;12;29725;1932;4363
1601;2025;48.2843, 4.07942;35;68;75;10;50;60;20;17;11;19;3;15;13;1;1;55;95;20;29429;228;4363
1602;2025;48.7897, 2.36385;30;102;184;36;143;123;12;7;4;11;4;12;5;3;4;33;92;33;39397;3750;580
1603;2025;48.7897, 2.36385;60;323;463;101;329;255;41;29;11;39;6;32;21;8;3;27;95;19;25069;3750;130
1604;2025;44.8, -0.53333;36;210;320;76;219;183;12;8;2;12;0;9;4;3;2;17;100;0;36034;1066;130
1605;2025;45.23333, 5.78333;30;26;56;21;38;41;0;0;0;0;0;0;0;0;0;0;0;0;49048;1317;11597
1606;2025;48.8424, 2.31754;50;69;143;21;73;77;16;12;10;15;2;15;11;3;1;62;94;13;39940;2937;5098
1607;2025;48.8959, 2.07139;50;28;69;7;47;54;22;6;16;22;1;19;11;8;0;73;100;5;12067;3162;10770
1608;2025;45.7413, 4.86356;80;52;66;10;47;50;14;13;12;13;0;8;6;1;1;86;93;0;47714;2623;1224
1609;2025;48.87603, 2.36111;18;54;56;26;11;17;9;6;5;5;0;3;2;1;0;56;56;0;50088;2919;9266
1610;2025;48.885, 2.24471;20;41;67;12;50;84;14;4;5;10;1;6;5;1;0;36;71;17;39130;3601;11221
1611;2025;48.885, 2.24471;60;107;185;24;139;225;39;9;19;28;5;25;18;6;1;49;72;20;33549;3601;12052
1612;2025;48.88957, 2.25315;30;23;64;9;31;31;5;0;4;5;0;5;5;0;0;80;100;0;48969;3631;8046
1613;2025;48.4061, -4.52165;40;17;39;3;26;26;7;3;7;7;0;6;5;0;1;100;100;0;18079;796;3621
1614;2025;43.57836, 1.51216;400;690;1614;144;1342;1201;380;166;214;373;15;342;263;79;0;56;98;4;26098;904;10634
1615;2025;48.8382, 2.29096;80;560;1320;106;1079;872;79;31;43;76;0;70;50;20;0;54;96;0;39147;2944;10634
1616;2025;48.1116, 5.1427;10;18;40;9;36;30;2;1;1;2;1;2;1;0;1;50;100;50;28980;1742;11047
1617;2025;49.7386, 4.722;20;30;47;8;41;44;4;3;2;4;0;3;2;1;0;50;100;0;28978;202;11047
1618;2025;48.2838, 4.07874;40;49;92;16;87;107;22;8;6;18;3;14;7;7;0;27;82;21;28974;226;11047
1619;2025;45.7782, 3.09085;200;156;314;30;247;253;116;57;112;116;8;106;77;25;4;97;100;8;23473;2288;11619
1620;2025;45.73289, 4.8229;120;660;1462;100;1274;1274;175;87;173;175;10;161;118;40;3;99;100;6;26147;2619;7748
1621;2025;48.58333, 7.75;30;337;691;39;619;638;24;7;20;23;4;22;14;6;2;83;96;18;38427;2458;7748
1622;2025;47.4772, -0.60056;125;481;1080;64;967;984;121;60;110;118;5;114;74;39;1;91;98;4;26145;1606;7748
1623;2025;44.84755, -0.55665;70;572;1263;68;1111;1137;65;25;57;63;2;55;43;12;0;88;97;4;26146;1061;7748
1624;2025;43.5235, 5.4235;60;581;1176;76;1008;1055;79;42;66;76;4;66;54;11;1;84;96;6;26149;394;7748
1625;2025;48.84006, 2.22519;90;583;1127;87;982;1034;53;25;40;51;3;41;29;11;1;75;96;7;26148;3617;8431
1626;2025;48.86723, 2.27594;70;245;508;59;296;341;47;14;29;33;2;38;25;13;0;62;70;5;26047;2883;1248
1627;2025;48.86723, 2.27594;50;198;402;48;258;296;32;17;26;31;7;28;18;10;0;81;97;25;35525;2883;11920
1628;2025;48.86723, 2.27594;30;125;254;33;159;167;14;4;11;13;0;11;9;1;1;79;93;0;35526;2883;10069
1629;2025;47.9015, 1.90524;80;118;250;23;174;186;46;28;35;42;4;38;28;10;0;76;91;11;32213;1549;4213
1630;2025;48.89268, 2.3011;200;265;549;57;366;483;72;34;35;50;8;53;32;16;5;49;69;15;32210;2765;4213
1631;2025;47.38333, 0.68333;20;63;74;20;45;47;13;12;11;13;0;7;5;1;1;85;100;0;31891;1259;96
1632;2025;48.78827, 2.32671;20;73;91;14;60;60;9;6;8;8;0;8;8;0;0;89;89;0;47995;3772;96
1633;2025;46.1407, -1.15601;20;87;115;24;80;80;22;19;22;22;0;19;18;1;0;100;100;0;31886;499;96
1634;2025;43.6439, 1.38679;18;48;80;9;42;50;8;5;3;7;1;3;2;1;0;38;88;33;49653;933;3144
1635;2025;48.8799, 2.36576;30;130;179;30;133;134;14;11;13;14;0;13;13;0;0;93;100;0;23906;2864;6650
1636;2025;48.89604, 2.38076;50;41;108;30;68;103;27;3;15;22;1;16;11;4;1;56;81;6;45843;2848;1419
1637;2025;48.6303, 2.42427;15;51;82;23;19;22;6;4;2;5;0;2;1;1;0;33;83;0;47441;3533;7667
1638;2025;48.76667, 2.03333;15;33;67;16;22;24;7;3;4;7;0;6;6;0;0;57;100;0;47442;3158;7667
1639;2025;48.8374, 2.63036;15;38;65;16;19;25;5;1;0;1;0;2;2;0;0;0;20;0;47439;3099;7667
1640;2025;48.86667, 2.23333;50;81;148;34;40;61;12;8;3;3;1;5;3;2;0;25;25;20;47440;3624;7667
1641;2025;45.7467, 4.82584;25;103;140;11;74;102;21;13;11;16;3;15;9;6;0;52;76;20;36259;2567;1835
1642;2025;45.8918, 6.11922;25;51;59;5;36;44;11;7;6;8;0;9;6;3;0;55;73;0;36258;2763;7072
1643;2025;45.76667, 4.76667;45;78;147;14;126;130;44;21;39;43;3;41;12;20;9;89;98;7;47830;2632;5985
1644;2025;45.4279, 4.40119;35;40;68;8;55;57;15;10;11;15;0;14;9;4;1;73;100;0;47831;1411;5985
1645;2025;50.63554, 3.04515;80;393;885;66;594;517;66;25;33;66;0;57;50;7;0;50;100;0;31741;2044;2773
1646;2025;48.89403, 2.23106;120;480;1037;83;682;641;109;47;89;109;3;97;86;11;0;82;100;3;31742;3619;2773
1647;2025;48.9136, 2.3282;25;299;702;50;415;260;25;15;18;24;0;22;21;1;0;72;96;0;39671;3704;10613
1648;2025;47.2062, -1.57532;100;332;785;53;505;512;99;47;79;90;2;82;71;11;0;80;91;2;35508;1443;10613
1649;2025;48.9136, 2.3282;105;474;1145;79;871;862;115;55;95;115;8;106;82;22;2;83;100;8;39669;3704;6708
1650;2025;47.2062, -1.57532;200;509;1281;93;1048;1052;210;75;179;207;8;190;152;36;2;85;99;4;35506;1443;6708
1651;2025;46.6571, -1.4309;30;251;630;38;525;526;28;14;27;27;2;27;22;5;0;96;96;7;35510;3368;6708
1652;2025;47.3279, 5.04112;180;188;410;26;346;361;121;51;109;118;5;107;78;25;4;90;98;5;259;568;10591
1653;2025;45.7484, 4.83948;150;315;646;41;528;543;129;60;116;126;4;116;77;34;5;90;98;3;25368;2623;10591
1654;2025;48.84928, 2.28664;25;170;292;39;68;119;9;5;5;7;1;7;7;0;0;56;78;14;39902;2849;159
1655;2025;43.7034, 7.27765;25;162;282;37;85;111;5;3;2;3;0;3;3;0;0;40;60;0;39903;152;159
1656;2025;48.8504, 2.34702;40;126;313;27;220;134;0;0;0;0;0;0;0;0;0;0;0;0;48374;2946;7500
1657;2025;43.6214, 3.83411;300;330;762;78;601;600;217;75;142;200;9;172;126;42;4;65;92;5;26096;1091;7500
1658;2025;48.8862, 2.28769;200;861;1845;171;688;615;203;110;131;203;1;190;188;2;0;65;100;1;26206;2877;8379
1659;2025;48.8927, 2.23755;40;67;112;5;54;55;8;6;5;7;1;7;5;2;0;62;88;14;49535;3625;1340
1660;2025;50.6368, 3.07407;40;132;152;12;106;118;17;10;12;15;0;13;13;0;0;71;88;0;31193;2002;3959
1661;2025;43.6133, 7.05654;130;401;890;42;610;631;117;55;102;114;5;116;111;5;0;87;97;4;31192;128;10785
1662;2025;50.6368, 3.07407;250;545;1289;69;941;959;241;103;226;237;4;225;199;25;1;94;98;2;31191;2002;10785
1663;2025;48.6737, 6.16975;230;197;410;46;334;335;138;60;98;131;5;127;96;30;1;71;95;4;28182;1814;7
1664;2025;48.8927, 2.23755;120;171;381;34;296;280;30;12;19;26;3;24;18;5;1;63;87;12;31161;3625;7
1665;2025;48.8399, 2.34754;200;373;734;106;387;470;83;33;49;65;6;56;34;20;2;59;78;11;26223;2863;8939
1666;2025;48.8399, 2.34754;50;221;409;74;210;255;44;22;28;38;2;35;21;13;1;64;86;6;39862;2863;537
1667;2025;48.84928, 2.28664;120;227;478;43;320;341;41;25;10;30;1;29;18;10;1;24;73;3;48365;2849;10720
1668;2025;43.7034, 7.27765;60;159;284;25;196;201;53;30;12;47;5;46;34;8;4;23;89;11;48535;152;10720
1669;2025;49.36667, 6.16667;25;3;0;0;0;8;2;1;0;2;0;1;1;0;0;0;100;0;50417;1935;5515
1670;2025;48.8399, 2.34754;40;18;63;11;21;21;2;0;2;2;0;2;1;1;0;100;100;0;49582;2863;872
1671;2025;48.89051, 2.24406;30;143;242;25;169;194;5;2;1;4;0;5;5;0;0;20;80;0;39681;3629;4504
1672;2025;45.7508, 4.84007;20;126;253;27;175;184;13;7;11;12;1;8;8;0;0;85;92;12;26374;2600;4504
1673;2025;44.85838, -0.55719;20;114;232;21;165;171;7;3;7;7;2;7;5;2;0;100;100;29;26373;1040;4504
1674;2025;44.85838, -0.55719;45;179;368;25;292;311;17;8;11;11;0;13;12;1;0;65;65;0;26370;1040;9480
1675;2025;45.7508, 4.84007;45;206;418;34;327;352;24;12;17;18;1;19;14;5;0;71;75;5;26371;2600;9480
1676;2025;48.89051, 2.24406;40;216;389;34;313;362;18;8;12;13;2;16;10;6;0;67;72;12;44223;3629;9480
1677;2025;47.2485, -1.54952;15;28;113;5;67;65;7;2;4;6;0;6;6;0;0;57;86;0;33455;1443;2544
1678;2025;50.6368, 3.07407;40;24;69;10;41;43;6;3;6;6;0;6;6;0;0;100;100;0;45549;2002;8987
1679;2025;49.03342, 2.07733;60;136;461;48;154;129;51;10;24;50;2;46;46;0;0;47;98;4;40511;3790;7821
1680;2025;50.67326, 3.16647;140;1203;2512;181;527;527;79;44;78;79;4;76;74;2;0;99;100;5;39079;2005;8070
1681;2025;43.66971, 7.22098;30;1223;2516;205;525;218;21;11;4;19;2;19;18;1;0;19;90;11;43192;155;8070
1682;2025;43.66971, 7.22098;225;2051;4431;316;2522;1376;225;124;85;213;8;201;191;10;0;38;95;4;39081;155;12205
1683;2025;50.67326, 3.16647;545;2102;4620;317;2668;2203;517;259;218;516;18;487;455;32;0;42;100;4;39080;2005;12205
1684;2025;49.4155, 2.81939;30;393;1024;92;295;300;26;13;25;26;0;21;21;0;0;96;100;0;43298;2141;4637
1685;2025;48.81903, 2.27505;80;724;1395;110;536;405;87;62;51;87;0;76;73;3;0;59;100;0;39083;2005;12040
1686;2025;43.66971, 7.22098;20;1109;2360;197;308;143;17;11;5;12;2;17;16;1;0;29;71;12;39082;155;4608
1687;2025;48.89268, 2.3011;30;76;80;5;52;96;11;5;4;10;0;9;7;1;1;36;91;0;48278;2765;10711
1688;2025;47.4772, -0.60056;270;1388;3471;150;2652;2670;222;86;217;220;6;213;200;12;1;98;99;3;26004;1606;4590
1689;2025;44.84755, -0.55665;100;1447;3553;160;2675;2700;98;32;87;97;4;90;83;7;0;89;99;4;26008;1061;4590
1690;2025;48.89403, 2.23106;570;2058;5011;243;2741;2207;627;267;560;627;17;604;592;12;0;89;100;3;26011;3619;4590
1691;2025;50.63554, 3.04515;630;1861;4606;208;2570;2461;718;319;630;718;9;695;681;13;1;88;100;1;26010;2044;4590
1692;2025;48.58333, 7.75;30;1066;2659;125;1980;1988;22;10;22;22;0;21;20;0;1;100;100;0;38480;2458;4590
1693;2025;48.84006, 2.22519;340;1916;4648;222;3390;3330;423;148;403;423;10;402;363;39;0;95;100;2;26005;3617;4590
1694;2025;43.5235, 5.4235;60;1343;3214;147;2400;2427;62;30;55;58;0;51;48;3;0;89;94;0;26007;394;4590
1695;2025;45.7467, 4.82584;120;1262;3041;142;990;1032;22;12;14;18;1;19;15;4;0;64;82;5;26009;2567;4590
1696;2025;45.73289, 4.8229;200;1567;3688;161;2786;2826;180;75;166;177;4;172;157;15;0;92;98;2;26006;2619;4590
1697;2025;45.7467, 4.82584;15;891;2202;103;648;666;9;3;6;6;1;9;9;0;0;67;67;11;39201;2567;157
1698;2025;48.86723, 2.27594;80;330;727;57;462;504;47;16;38;39;4;43;35;7;1;81;83;9;26048;2883;12165
1699;2025;48.86723, 2.27594;60;259;511;49;324;359;39;21;34;36;3;36;31;4;1;87;92;8;35527;2883;5824
1700;2025;48.86723, 2.27594;20;93;285;31;176;192;12;2;6;9;0;11;9;2;0;50;75;0;48394;2883;8575
1701;2025;48.86723, 2.27594;20;107;300;32;186;202;4;2;2;2;1;3;0;3;0;50;50;33;44417;2883;9979
1702;2025;47.38333, 0.68333;50;118;252;15;203;207;29;11;28;28;1;26;22;4;0;97;97;4;33724;1259;10387
1703;2025;48.78827, 2.32671;50;169;343;23;252;266;23;13;20;22;1;20;19;1;0;87;96;5;47996;3772;10387
1704;2025;46.1407, -1.15601;50;127;288;12;230;232;33;15;32;33;1;33;30;3;0;97;100;3;39435;499;10387
1705;2025;47.64032, 6.86074;60;30;87;13;77;87;50;14;39;50;4;45;35;10;0;78;100;9;24261;3484;6473
1706;2025;48.8468, 2.33065;35;106;124;17;78;71;35;27;17;35;2;31;31;0;0;49;100;6;35111;2911;10183
1707;2025;48.8468, 2.33065;10;72;65;12;26;32;9;5;2;6;0;9;9;0;0;22;67;0;39199;2911;2582
1708;2025;48.8799, 2.36576;10;11;26;3;17;17;0;0;0;0;0;0;0;0;0;0;0;0;47998;2864;3247
1709;2025;48.8799, 2.36576;25;104;161;14;124;132;13;8;9;12;4;11;8;2;1;69;92;36;47997;2864;1370
1710;2025;43.6439, 1.38679;5;8;19;5;8;8;1;1;1;1;0;1;1;0;0;100;100;0;48025;933;2635
1711;2025;43.6439, 1.38679;25;81;132;15;89;98;24;14;17;20;3;21;12;9;0;71;83;14;48024;933;108
1712;2025;43.643, 3.83507;40;52;104;7;52;50;2;2;0;2;0;2;1;0;1;0;100;0;47476;1104;489
1713;2025;45.7684, 4.80594;170;92;191;16;111;117;19;7;16;18;3;16;10;5;1;84;95;19;31691;2598;489
1714;2025;48.8758, 2.36479;100;611;969;139;319;359;65;38;52;60;7;50;41;8;1;80;92;14;24113;2844;12225
1715;2025;48.8468, 2.33065;60;145;145;25;83;102;12;10;8;11;1;9;9;0;0;67;92;11;24259;2911;298
1716;2025;43.2328, 5.43442;50;111;135;25;58;68;24;19;19;22;3;18;15;2;1;79;92;17;27159;313;5883
1717;2025;48.84061, 2.36998;52;313;477;204;76;71;53;26;43;49;5;19;5;11;3;81;92;26;35964;2914;10371
1718;2025;48.79387, 1.97898;200;172;379;90;218;237;75;33;63;69;6;55;47;4;4;84;92;11;27121;3163;6764
1719;2025;48.7937, 1.97899;50;90;160;45;79;79;20;12;12;18;2;14;13;1;0;60;90;14;27825;3163;6022
1720;2025;48.7937, 1.97899;100;30;189;48;104;111;25;4;20;23;3;15;10;4;1;80;92;20;27122;3163;11198
1721;2025;48.3025, 4.08582;40;36;47;8;33;40;22;12;18;19;5;16;9;1;6;82;86;31;26204;222;10718
1722;2025;45.7484, 4.876;28;112;187;53;155;82;28;21;12;25;1;10;7;2;1;43;89;10;39613;2597;2765
1723;2025;45.7484, 4.876;210;273;398;135;366;371;157;100;136;153;8;85;67;14;4;87;97;9;26202;2597;8663
1724;2025;48.8568, 2.3333;80;1239;1761;1202;90;91;80;47;69;79;0;4;4;0;0;86;99;0;26195;2885;849
1725;2025;48.8429, 2.3446;72;2015;2720;1580;99;82;72;44;64;72;1;15;10;5;0;89;100;7;26545;2870;12065
1726;2025;48.12863, -1.63632;80;12;83;31;64;66;29;3;27;29;2;17;14;2;1;93;100;12;44605;1193;1628
1727;2025;48.83749, 2.28024;250;26;184;57;132;149;87;7;77;83;4;63;50;12;1;89;95;6;26441;2867;1628
1728;2025;43.6972, 7.28625;80;10;63;20;48;52;26;2;22;24;2;18;14;3;1;85;92;11;26442;150;1628
1729;2025;48.12863, -1.63632;30;19;28;6;12;15;6;5;4;6;0;4;0;4;0;67;100;0;44606;1193;9244
1730;2025;48.83749, 2.28024;30;32;62;16;27;29;10;4;8;10;0;6;6;0;0;80;100;0;26443;2867;9244
1731;2025;43.6972, 7.28625;30;19;33;8;15;15;8;4;8;8;0;4;4;0;0;100;100;0;26445;150;9244
1732;2025;48.12863, -1.63632;100;77;149;38;109;114;34;11;30;34;2;22;18;3;1;88;100;9;44603;1193;4304
1733;2025;43.6972, 7.28625;100;96;171;48;119;132;46;26;39;42;1;32;27;3;2;85;91;3;26439;150;4304
1734;2025;48.83749, 2.28024;300;186;355;92;249;280;133;67;108;122;5;78;70;7;1;81;92;6;26436;2867;4304
1735;2025;43.12835, 5.92732;33;139;162;48;86;91;33;27;7;33;0;25;18;7;0;21;100;0;26165;3309;852
1736;2025;48.8371, 2.33125;70;289;367;110;200;102;70;54;49;70;1;31;25;5;1;70;100;3;26163;2900;852
1737;2025;48.85844, 2.36917;17;173;313;143;21;20;20;8;20;20;2;13;4;8;1;100;100;15;26196;2915;11201
1738;2025;48.3025, 4.08582;40;69;86;20;77;82;26;16;24;26;4;17;11;3;3;92;100;24;26205;222;10756
1739;2025;48.8236, 2.22463;135;350;556;106;353;345;113;57;97;112;1;91;75;14;2;86;99;1;26224;3607;11815
1740;2025;50.3709, 3.51151;10;0;5;0;3;3;2;0;2;2;0;2;1;1;0;100;100;0;47379;2092;5936
1741;2025;50.3709, 3.51151;19;18;28;2;23;23;7;7;7;7;0;6;6;0;0;100;100;0;47377;2092;7608
1742;2025;50.3709, 3.51151;19;12;26;1;21;23;14;6;12;14;0;11;3;8;0;86;100;0;47378;2092;9925
1743;2025;48.85844, 2.36917;3;52;66;46;3;3;3;2;3;3;0;0;0;0;0;100;100;0;29107;2915;11260
1744;2025;47.2044, -1.56336;270;403;539;86;539;577;201;140;180;198;9;167;140;18;9;90;99;5;26291;1477;10726
1745;2025;43.66667, 4.63333;52;111;171;76;54;54;53;40;53;53;0;4;3;1;0;100;100;0;43489;382;329
1746;2025;50.372, 3.52058;20;66;101;28;40;37;20;13;11;20;1;11;8;3;0;55;100;9;39646;2092;1328
1747;2025;50.372, 3.52059;30;52;74;16;42;41;20;16;16;20;0;15;13;2;0;80;100;0;39636;2092;11881
1748;2025;50.3709, 3.51151;11;28;45;7;15;16;9;7;5;9;0;9;5;3;1;56;100;0;44887;2092;4669
1749;2025;50.3709, 3.51151;23;10;52;10;35;32;23;4;14;23;1;18;17;0;1;61;100;6;44894;2092;2429
1750;2025;50.3709, 3.51151;12;2;23;1;16;16;8;0;7;8;0;8;8;0;0;88;100;0;44896;2092;10298
1751;2025;48.7129, 2.21031;25;154;371;76;52;51;26;10;10;26;1;23;23;0;0;38;100;4;25951;3511;5696
1752;2025;48.8703, 2.27413;45;1264;3380;976;628;275;45;21;12;38;3;39;39;0;0;27;84;8;35697;2823;5840
1753;2025;48.84509, 2.3462;30;171;468;233;150;109;30;8;9;25;2;14;14;0;0;30;83;14;49739;2939;9315
1754;2025;48.8703, 2.27413;160;1726;5513;1328;2500;1088;160;89;114;144;21;154;154;0;0;71;90;14;25821;2823;4131
1755;2025;48.8703, 2.27413;5;82;230;76;28;16;7;3;4;7;0;6;6;0;0;57;100;0;25822;2823;4201
1756;2025;48.8703, 2.27413;600;5994;11731;2135;3152;1779;608;400;451;567;87;588;588;0;0;74;93;15;25813;2823;2020
1757;2025;48.8703, 2.27413;30;165;445;75;80;56;28;13;22;27;2;27;27;0;0;79;96;7;25817;2823;4474
1758;2025;48.8703, 2.27413;30;177;365;71;116;60;32;17;32;32;3;30;30;0;0;100;100;10;25820;2823;3424
1759;2025;48.85464, 2.33788;30;199;293;98;121;73;31;27;12;31;3;30;30;0;0;39;100;10;28142;2939;1390
1760;2025;48.11247, -1.68761;44;51;155;42;120;103;25;8;18;25;1;20;9;7;4;72;100;5;32878;1210;12458
1761;2025;44.87643, -0.5745;30;58;174;47;131;80;20;6;13;19;1;16;9;3;4;65;95;6;26218;1062;12458
1762;2025;48.84738, 2.32528;55;90;246;69;154;129;64;22;27;64;1;46;37;8;1;42;100;2;26217;2865;12458
1763;2025;48.84738, 2.32528;27;146;204;37;127;65;32;26;11;32;1;26;20;3;3;34;100;4;26219;2865;6019
1764;2025;44.87643, -0.5745;26;110;149;22;112;83;23;17;11;23;2;19;14;1;4;48;100;11;26220;1062;6019
1765;2025;48.11247, -1.68761;44;106;151;29;120;102;38;24;25;38;1;27;17;4;6;66;100;4;32879;1210;6019
1766;2025;48.11247, -1.68761;26;90;163;31;124;55;24;17;10;24;1;21;12;9;0;42;100;5;32377;1210;8608
1767;2025;44.87643, -0.5745;20;107;193;36;144;74;0;0;0;0;0;0;0;0;0;0;0;0;43252;1062;8608
1768;2025;48.84738, 2.32528;115;210;374;67;279;249;113;63;46;107;0;85;70;13;2;41;95;0;26208;2865;8608
1769;2025;45.7771, 4.76734;20;39;78;23;25;26;14;8;13;14;0;13;11;1;1;93;100;0;32259;2601;330
1770;2025;45.7771, 4.76734;100;85;218;50;165;174;102;28;94;99;11;76;48;13;15;92;97;14;32258;2601;3382
1771;2025;45.7771, 4.76734;15;37;48;18;23;24;6;4;5;5;0;4;4;0;0;83;83;0;48023;2601;3371
1772;2025;45.7771, 4.76734;40;119;156;37;99;106;46;34;40;46;5;39;26;6;7;87;100;13;45229;2601;10300
1773;2025;45.7771, 4.76734;40;60;115;27;81;82;35;16;34;34;0;29;27;1;1;97;97;0;32264;2601;5442
1774;2025;45.7771, 4.76734;120;149;254;52;207;210;88;51;82;86;5;74;59;13;2;93;98;7;32263;2601;1664
1775;2025;47.4629, -0.54627;80;149;263;30;240;248;38;17;34;36;2;31;26;5;0;89;95;6;25065;1651;73
1776;2025;43.31389, -0.36375;45;94;83;34;80;121;43;24;15;32;2;22;18;2;2;35;74;9;7735;2359;9267
1777;2025;48.0164, 0.16213;30;35;182;50;182;145;30;1;8;25;1;18;16;2;0;27;83;6;15917;2689;4976
1778;2025;48.0164, 0.16213;16;42;160;42;160;90;24;6;22;23;2;18;18;0;0;92;96;11;43227;2689;11068
1779;2025;48.7885, 2.44418;80;593;865;255;410;312;79;55;42;70;12;59;40;19;0;53;89;20;28560;3732;1231
1780;2025;48.7885, 2.44418;90;1087;1693;516;700;482;89;59;28;80;20;72;64;8;0;31;90;28;14512;3732;11368
1781;2025;48.7885, 2.44418;90;1536;1739;536;621;504;90;62;18;77;5;62;56;4;2;20;86;8;11486;3732;1464
1782;2025;48.7885, 2.44418;90;2483;3583;1177;1269;455;89;62;34;80;15;65;60;3;2;38;90;23;17698;3732;3512
1783;2025;48.7885, 2.44418;30;375;458;194;458;127;27;23;18;21;3;14;14;0;0;67;78;21;35935;3732;2866
1784;2025;48.7885, 2.44418;90;625;863;321;429;326;89;70;55;80;16;63;52;11;0;62;90;25;11485;3732;8701
1785;2025;45.7508, 4.83627;34;424;581;181;578;161;38;24;6;34;6;25;25;0;0;16;89;24;35357;2573;2167
1786;2025;43.5312, 5.44719;105;527;829;255;822;561;104;67;54;81;15;73;65;6;2;52;78;21;12539;380;7398
1787;2025;45.72165, 4.91727;75;1352;1979;508;1969;553;79;55;1;79;15;72;46;22;4;1;100;21;35454;2573;1700
1788;2025;45.72159, 4.91733;58;1846;3061;802;3042;452;60;42;1;60;12;53;39;12;2;2;100;23;35350;2573;5637
1789;2025;45.7216, 4.91731;4;286;420;188;417;55;7;5;0;7;3;4;2;2;0;0;100;75;35353;2573;2254
1790;2025;45.72168, 4.91727;5;122;180;87;179;45;7;6;0;6;3;4;3;1;0;0;86;75;35354;2573;11834
1791;2025;45.72165, 4.91733;12;676;983;278;982;95;15;12;1;15;2;14;12;1;1;7;100;14;35352;2573;8888
1792;2025;45.72168, 4.91731;2;214;312;114;311;29;2;1;1;2;1;1;1;0;0;50;100;100;35355;2573;4207
1793;2025;45.72163, 4.9172;2;96;150;65;150;29;4;3;0;4;1;2;2;0;0;0;100;50;35356;2573;3886
1794;2025;45.72165, 4.91729;2;137;223;90;220;35;4;3;0;4;2;4;3;1;0;0;100;50;35351;2573;3875
1795;2025;-20.9017, 55.4852;800;1618;1809;470;1806;2276;520;313;141;370;173;281;101;100;80;27;71;62;26498;3958;3323
1796;2025;-21.2698, 55.507;700;1143;1341;359;1339;1663;325;200;158;253;97;186;83;59;44;49;78;52;26497;3990;11331
1797;2025;47.63966, 6.86471;90;577;838;257;810;471;88;58;24;77;11;53;29;20;4;27;88;21;10838;3485;8523
1798;2025;43.6308, 3.87033;265;1233;1993;611;1976;1258;263;147;51;226;55;134;78;46;10;19;86;41;4555;1100;9583
1799;2025;45.558, 5.91097;60;535;904;170;903;445;57;35;11;49;6;51;48;3;0;19;86;12;8810;2718;12478
1800;2025;48.0487, -1.74492;60;62;82;6;71;73;22;10;21;22;0;20;19;1;0;95;100;0;13716;1197;7341
1801;2025;48.12162, -1.70445;340;1650;2653;698;2648;1640;333;194;77;286;40;162;100;49;13;23;86;25;4734;1176;7314
1802;2025;45.7692, 3.0936;280;994;1304;373;1274;1450;267;148;109;210;49;139;79;46;14;41;79;35;7618;2311;7662
1803;2025;43.6028, 3.89981;260;1365;2411;718;2341;1402;264;132;110;264;55;208;161;44;3;42;100;26;4542;1136;1913
1804;2025;45.8249, 1.26042;140;534;695;164;693;729;133;75;36;108;21;68;46;17;5;27;81;31;10717;3419;11725
1805;2025;43.9499, 4.81762;120;569;944;240;944;666;119;65;41;118;39;77;44;30;3;34;99;51;10451;3328;2042
1806;2025;43.6308, 3.87033;42;893;1302;361;1287;193;41;31;11;36;12;31;31;0;0;27;88;39;35775;1100;10776
1807;2025;47.63966, 6.86471;38;275;332;100;332;159;40;32;16;36;9;28;25;3;0;40;90;32;32732;3485;10076
1808;2025;-20.9017, 55.4852;30;698;817;273;815;158;29;29;20;28;11;23;22;1;0;69;97;48;32075;3958;800
1809;2025;43.3491, 3.22498;90;304;397;104;396;386;94;44;12;75;26;59;39;17;3;13;80;44;4614;1131;4270
1810;2025;50.628, 3.12423;90;335;506;156;402;337;68;41;40;68;2;37;31;5;1;59;100;5;7067;2121;11733
1811;2025;42.30513, 9.15597;50;142;132;30;132;182;23;17;10;19;2;12;6;3;3;43;83;17;11713;3849;11235
1812;2025;47.4629, -0.54627;36;180;200;33;200;226;24;16;20;23;5;21;15;2;4;83;96;24;35810;1651;1592
1813;2025;49.237, 4.00043;48;253;279;90;279;266;43;37;17;37;3;20;18;2;0;40;86;15;21192;1707;3850
1814;2025;42.3002, 9.15389;50;286;326;74;326;306;41;34;29;36;8;29;19;5;5;71;88;28;43457;3849;4384
1815;2025;50.3647, 3.52959;30;234;374;102;374;102;30;17;4;26;6;24;18;3;3;13;87;25;35363;2116;6579
1816;2025;48.5848, 7.76223;100;954;1183;393;1180;550;100;74;16;71;11;56;42;7;7;16;71;20;8024;2450;1820
1817;2025;50.3645, 3.52953;120;519;559;147;559;504;120;95;67;111;29;80;56;11;13;56;92;36;7028;2116;6169
1818;2025;50.7214, 3.15265;200;1018;1302;381;1301;951;199;141;90;164;36;120;82;19;19;45;82;30;7065;2121;8374
1819;2025;43.5784, 1.40266;105;2172;3477;1221;3454;507;119;78;8;113;17;100;88;4;8;7;95;17;17854;919;5349
1820;2025;48.8396, 2.58732;70;1208;2126;712;648;246;69;49;10;66;7;57;57;0;0;14;96;12;9917;3098;5284
1821;2025;44.01, 1.36082;60;534;689;177;520;202;63;48;10;52;12;45;31;5;9;16;83;27;15840;3262;1432
1822;2025;50.7026, 3.16026;250;198;325;70;325;343;113;58;95;109;16;86;48;25;13;84;96;19;29219;2108;6174
1823;2025;47.2665, -0.06561;50;280;281;57;280;208;44;41;10;41;4;32;28;2;2;23;93;12;35782;1644;10827
1824;2025;43.8423, 4.35646;180;887;1139;240;1121;666;179;138;16;150;26;122;84;20;18;9;84;21;4014;876;2010
1825;2025;50.6327, 3.03019;50;176;223;51;88;94;25;22;17;24;2;18;15;2;1;68;96;11;44521;2000;1804
1826;2025;48.5848, 7.76227;100;1109;1527;483;1525;487;100;80;5;82;20;83;67;4;12;5;82;24;8025;2450;9271
1827;2025;43.5784, 1.40266;65;420;560;169;535;124;64;49;24;61;8;39;24;5;10;38;95;21;4165;919;893
1828;2025;50.6277, 3.1244;160;1035;1656;603;1656;714;160;95;100;155;19;99;92;4;3;62;97;19;7066;2121;1743
1829;2025;50.6277, 3.12622;45;382;366;77;104;100;37;33;15;33;3;22;19;3;0;41;89;14;7084;2121;12386
1830;2025;50.6277, 3.12717;150;419;449;132;449;545;142;93;69;117;19;85;65;8;12;49;82;22;7085;2121;6278
1831;2025;48.8396, 2.58732;60;635;1000;347;805;232;59;41;12;52;9;44;39;4;1;20;88;20;9922;3098;4301
1832;2025;44.796, -0.61699;145;879;1063;298;1063;476;142;119;19;137;31;98;83;8;7;13;96;32;4413;1013;9223
1833;2025;44.7966, -0.61747;38;947;1188;280;1188;167;37;27;9;36;6;32;24;4;4;24;97;19;13689;1013;588
1834;2025;48.8452, 2.39666;125;967;1195;521;1176;475;125;101;16;116;14;80;62;10;8;13;93;18;47565;2838;2004
1835;2025;49.237, 4.00056;50;148;250;72;250;257;40;17;18;36;6;22;15;6;1;45;90;27;20690;1707;7538
1836;2025;48.8396, 2.58732;70;283;895;359;328;156;69;18;25;67;7;49;43;6;0;36;97;14;9918;3098;12597
1837;2025;48.8452, 2.39666;125;1290;1542;697;1525;489;122;89;13;109;11;72;62;5;5;11;89;15;9266;2838;8148
1838;2025;43.5954, 1.44301;35;137;130;58;130;163;27;20;21;23;3;17;15;2;0;78;85;18;24405;903;903
1839;2025;48.3922, -4.48843;16;80;84;20;32;35;16;12;5;15;2;11;11;0;0;31;94;18;19158;813;7838
1840;2025;48.392, -4.48844;10;169;208;44;208;39;9;7;0;8;2;8;6;0;2;0;89;25;21172;813;5709
1841;2025;48.3922, -4.48816;12;62;123;47;123;44;11;8;1;9;1;6;6;0;0;9;82;17;21173;813;8440
1842;2025;48.3921, -4.48832;12;65;69;12;42;19;12;12;5;12;4;12;11;1;0;42;100;33;21175;813;3176
1843;2025;48.3921, -4.48829;16;25;37;12;20;20;14;13;9;14;3;11;11;0;0;64;100;27;21176;813;2224
1844;2025;48.3921, -4.48832;8;102;133;28;24;13;8;6;4;8;2;8;8;0;0;50;100;25;21177;813;3249
1845;2025;45.7215, 4.91698;128;759;892;319;872;683;135;95;13;112;15;72;50;12;10;10;83;21;35239;2577;8209
1846;2025;45.72195, 4.91734;66;794;1014;372;993;426;66;54;5;61;7;39;30;7;2;8;92;18;35240;2577;9174
1847;2025;45.72163, 4.91782;5;298;404;177;393;65;7;4;0;7;2;5;2;1;2;0;100;40;35243;2577;11974
1848;2025;45.72187, 4.91781;120;701;730;266;716;737;123;87;7;93;18;48;38;4;6;6;76;38;35241;2577;2872
1849;2025;50.6326, 3.04654;200;304;384;107;383;454;48;20;31;44;3;24;20;2;2;65;92;12;12644;2014;2482
1850;2025;44.9327, 4.90342;45;241;260;65;260;254;35;23;12;28;6;19;15;2;2;34;80;32;3669;725;1955
1851;2025;48.12162, -1.70445;275;1564;2354;720;2353;1108;274;170;50;249;31;183;164;14;5;18;91;17;19117;1176;6472
1852;2025;48.8291, 2.38189;77;1528;2389;881;1201;355;81;54;53;81;6;66;66;0;0;65;100;9;47253;2938;998
1853;2025;43.5784, 1.40266;23;242;293;85;269;69;25;22;4;18;0;17;15;2;0;16;72;0;15848;919;4498
1854;2025;43.5784, 1.40266;25;217;282;92;220;54;26;25;10;25;6;16;16;0;0;38;96;38;4178;919;7561
1855;2025;48.57854, 7.76268;200;547;545;198;540;618;160;104;41;141;15;79;53;16;10;26;88;19;43155;2450;5326
1856;2025;43.6923, 7.23694;45;518;568;147;568;267;44;40;3;37;3;25;17;4;4;7;84;12;43131;167;942
1857;2025;43.6925, 7.23699;90;375;464;143;464;402;85;63;32;75;14;56;44;4;8;38;88;25;43132;167;7713
1858;2025;44.7966, -0.61747;80;1678;2571;808;2571;400;79;52;6;74;10;57;57;0;0;8;94;18;4406;1013;2805
1859;2025;44.7966, -0.61747;30;254;250;59;71;59;17;15;9;17;2;11;10;1;0;53;100;18;15014;1013;5318
1860;2025;44.7966, -0.61747;80;583;785;184;785;354;81;60;5;81;9;68;62;6;0;6;100;13;4401;1013;10590
1861;2025;49.1211, 6.16262;2;51;69;13;69;11;2;2;0;2;1;2;2;0;0;0;100;50;42901;1928;6214
1862;2025;48.12162, -1.70445;150;825;1004;242;1003;789;131;88;39;109;26;75;62;6;7;30;83;35;4742;1176;8689
1863;2025;49.1209, 6.16236;2;119;146;40;146;14;2;1;0;2;0;1;0;1;0;0;100;0;42934;1928;10280
1864;2025;48.84207, 2.28046;25;577;674;284;674;87;25;23;16;22;4;19;17;2;0;64;88;21;32652;2837;674
1865;2025;46.5684, 0.37963;80;481;745;97;744;334;80;52;41;79;9;78;77;1;0;51;99;12;28734;3390;3976
1866;2025;45.191, 5.76542;32;283;255;99;138;104;14;10;7;12;0;10;10;0;0;50;86;0;19207;1318;4342
1867;2025;47.2361, -1.55519;70;489;692;316;692;692;75;52;74;75;9;34;30;2;2;99;100;26;32032;1506;9113
1868;2025;44.8081, -0.59556;12;323;382;136;245;103;12;9;2;6;1;8;8;0;0;17;50;12;26341;1055;682
1869;2025;49.4312, 2.08925;50;169;153;39;153;261;49;27;2;29;3;22;14;7;1;4;59;14;7280;2160;2075
1870;2025;48.8299, 2.3812;32;959;1251;710;1243;309;31;23;13;18;3;10;10;0;0;42;58;30;47257;2938;2455
1871;2025;43.5194, 5.44036;20;541;807;357;792;597;20;13;3;15;1;13;12;1;0;15;75;8;39162;373;8957
1872;2025;43.3056, 5.37873;30;639;969;424;949;704;27;20;8;19;1;6;5;1;0;30;70;17;39163;389;8957
1873;2025;43.2326, 5.44085;40;631;961;400;943;840;37;20;13;33;5;21;17;4;0;35;89;24;39164;306;8957
1874;2025;43.3059, 5.37883;15;525;777;131;765;208;14;11;0;12;7;10;8;2;0;0;86;70;39168;389;3580
1875;2025;43.5194, 5.44036;40;676;1002;374;1000;886;36;16;11;21;4;15;13;2;0;31;58;27;39155;373;7114
1876;2025;43.3374, 5.41216;35;710;1089;441;1088;883;34;19;9;25;3;12;9;2;1;26;74;25;39157;399;7114
1877;2025;43.3053, 5.37824;30;747;1121;454;1120;953;30;16;17;20;4;10;8;2;0;57;67;40;39156;389;7114
1878;2025;43.3374, 5.41216;25;577;875;178;875;383;21;13;3;18;6;16;15;1;0;14;86;38;39160;399;3793
1879;2025;43.5194, 5.44036;15;495;760;144;760;251;15;11;2;11;7;15;15;0;0;13;73;47;39159;373;3793
1880;2025;48.7885, 2.44418;25;926;1176;608;855;176;25;22;1;12;1;1;1;0;0;4;48;100;28562;3732;12234
1881;2025;48.842, 2.28066;122;2560;3993;1583;3993;461;122;95;70;114;8;110;104;3;3;57;93;7;9196;2837;11059
1882;2025;48.8452, 2.39666;120;3073;4932;1986;4932;554;119;85;20;106;7;76;58;3;15;17;89;9;9221;2838;12778
1883;2025;48.8452, 2.39666;30;1073;1681;702;1681;203;30;21;0;26;6;20;15;1;4;0;87;30;9243;2838;2366
1884;2025;48.8452, 2.39666;40;1988;3250;1226;3250;206;40;30;6;37;4;25;21;0;4;15;92;16;9227;2838;6268
1885;2025;48.8452, 2.39666;180;2372;4225;1685;4225;680;177;119;22;162;14;117;105;3;9;12;92;12;47604;2838;4761
1886;2025;48.7885, 2.44418;90;935;930;318;388;403;89;63;32;80;16;60;55;5;0;36;90;27;36050;3732;6613
1887;2025;48.8292, 2.38172;15;106;93;19;80;67;6;5;1;6;0;6;6;0;0;17;100;0;15787;2938;2018
1888;2025;43.5608, 1.46936;45;513;404;116;257;273;29;17;6;23;3;18;18;0;0;21;79;17;35887;959;10673
1889;2025;48.85083, 2.34123;15;1061;508;178;56;69;11;6;3;9;1;9;9;0;0;27;82;11;43126;2933;263
1890;2025;48.8105, 2.14873;32;916;1180;485;857;235;29;25;1;14;2;19;19;0;0;3;48;11;28848;3543;3467
1891;2025;48.7015, 2.17978;25;856;1165;532;857;263;22;17;10;17;3;18;18;0;0;45;77;17;29052;3545;11747
1892;2025;43.6063, 1.43672;25;272;330;39;64;38;25;23;14;23;1;23;23;0;0;56;92;4;47603;957;12221
1893;2025;43.6958, 7.24561;20;824;991;187;170;57;20;14;5;18;3;19;19;0;0;25;90;16;39568;167;9526
1894;2025;48.83684, 2.34609;50;1578;2246;352;201;98;50;32;20;47;6;48;48;0;0;40;94;12;22657;2837;8457
1895;2025;45.7508, 4.83627;10;137;78;14;34;33;5;1;2;5;0;4;4;0;0;40;100;0;35213;2573;2839
1896;2025;48.53666, 2.65597;25;207;278;42;75;35;25;20;17;25;2;25;25;0;0;68;100;8;47500;3089;6777
1897;2025;45.7514, 4.82694;15;118;101;31;101;96;15;12;5;12;1;12;11;1;0;33;80;8;25444;2535;11819
1898;2025;45.7514, 4.82694;30;1776;1926;449;1347;146;30;29;4;29;4;27;25;1;1;13;97;15;31736;2535;3952
1899;2025;47.2405, 6.02271;5;129;154;30;30;17;5;4;1;5;0;5;5;0;0;20;100;0;44324;696;7291
1900;2025;45.8918, 6.11922;15;136;166;27;166;61;16;14;8;16;0;15;15;0;0;50;100;0;32419;2763;8166
1901;2025;45.8918, 6.11922;20;840;912;212;638;117;20;20;1;20;0;20;20;0;0;5;100;0;32422;2763;4134
1902;2025;45.7514, 4.82694;35;209;193;34;174;170;35;29;17;35;2;33;32;1;0;49;100;6;25440;2535;11525
1903;2025;45.7514, 4.82694;17;386;444;82;378;71;17;13;13;17;2;16;16;0;0;76;100;12;35841;2535;4287
1904;2025;48.579, 7.7663;15;558;675;122;158;58;15;12;2;14;3;12;12;0;0;13;93;25;24749;2450;1902
1905;2025;48.579, 7.7663;10;270;331;49;153;29;10;6;3;8;2;9;9;0;0;30;80;22;24750;2450;8346
1906;2025;48.579, 7.7663;5;122;148;35;56;19;5;4;0;4;1;4;4;0;0;0;80;25;24751;2450;786
1907;2025;49.0388, 2.07414;170;1461;723;114;350;385;123;110;69;118;15;106;104;1;1;56;96;14;11641;3830;944
1908;2025;47.3145, 5.06484;20;115;85;16;66;71;15;12;2;11;0;13;13;0;0;13;73;0;19586;598;7894
1909;2025;49.0388, 2.07414;40;166;189;25;108;79;44;38;30;44;3;41;41;0;0;68;100;7;11628;3830;1744
1910;2025;48.83513, 2.29284;25;179;239;47;134;49;25;20;10;23;2;24;24;0;0;40;92;8;27187;2942;1339
1911;2025;48.83513, 2.29284;15;414;124;22;57;57;14;9;3;13;0;11;11;0;0;21;93;0;27197;2942;3097
1912;2025;48.83513, 2.29284;10;1076;1301;292;301;33;10;9;2;8;1;10;10;0;0;20;80;10;27190;2942;9590
1913;2025;48.83513, 2.29284;14;564;675;152;658;41;14;13;3;14;3;14;14;0;0;21;100;21;27189;2942;407
1914;2025;48.83513, 2.29284;10;135;172;43;74;24;10;10;3;10;2;10;10;0;0;30;100;20;27192;2942;1740
1915;2025;48.83513, 2.29284;10;208;266;61;90;25;10;10;3;9;2;10;10;0;0;30;90;20;27191;2942;2453
1916;2025;48.83513, 2.29284;15;428;590;183;113;40;15;10;5;13;1;14;14;0;0;33;87;7;27193;2942;8617
1917;2025;48.7885, 2.44418;80;1095;1286;288;306;256;90;77;59;90;9;84;84;0;0;66;100;11;36049;3732;10005
1918;2025;45.8918, 6.11922;15;135;201;39;181;59;15;10;3;15;3;15;15;0;0;20;100;20;32421;2763;6797
1919;2025;43.6955, 7.24567;20;110;55;15;21;23;5;3;3;4;0;3;3;0;0;60;80;0;23893;167;11423
1920;2025;48.83513, 2.29284;75;1375;1961;258;258;151;74;55;31;70;3;74;74;0;0;42;95;4;35103;2942;1159
1921;2025;43.6953, 7.24527;20;790;498;95;47;42;13;12;3;13;0;13;13;0;0;23;100;0;35910;167;11252
1922;2025;48.7015, 2.17988;30;288;356;92;351;134;31;27;3;31;4;30;27;3;0;10;100;13;43222;3538;5795
1923;2025;48.78164, 2.28598;20;85;108;30;75;67;21;16;5;20;1;18;18;0;0;24;95;6;11119;3540;9395
1924;2025;48.78164, 2.28598;20;357;420;90;229;80;19;15;4;19;3;17;17;0;0;21;100;18;11120;3540;10781
1925;2025;48.78164, 2.28598;15;124;147;45;78;57;15;11;2;13;3;10;10;0;0;13;87;30;16848;3540;4743
1926;2025;48.78164, 2.28598;30;385;494;81;71;58;34;19;19;34;2;30;30;0;0;56;100;7;12951;3540;1517
1927;2025;48.579, 7.7663;20;152;208;28;111;62;15;9;2;15;0;15;15;0;0;13;100;0;24752;2450;2678
1928;2025;43.6063, 1.43672;20;126;83;11;40;42;8;4;4;8;0;6;6;0;0;50;100;0;4146;957;8160
1929;2025;43.6063, 1.43672;10;93;62;11;38;37;7;4;6;7;0;7;7;0;0;86;100;0;21225;957;6994
1930;2025;43.6063, 1.43672;30;648;784;102;100;76;31;30;10;31;2;31;31;0;0;32;100;6;17193;957;7292
1931;2025;43.6063, 1.43672;30;803;741;130;77;70;24;20;10;24;1;24;24;0;0;42;100;4;4143;957;12242
1932;2025;43.6063, 1.43672;28;548;659;110;86;52;30;28;19;30;5;30;29;1;0;63;100;17;4147;957;9366
1933;2025;43.6063, 1.43672;15;125;161;27;46;36;17;13;16;17;4;15;15;0;0;94;100;27;15286;957;8944
1934;2025;47.3145, 5.06487;20;489;623;83;200;79;20;17;10;20;4;20;20;0;0;50;100;20;21523;598;9594
1935;2025;48.6248, 2.42527;45;2091;897;194;246;213;40;25;2;31;1;25;25;0;0;5;78;4;28897;3544;2654
1936;2025;48.62474, 2.42771;30;1082;494;188;100;133;29;9;14;29;2;16;16;0;0;48;100;12;28912;3544;1371
1937;2025;48.83513, 2.29284;35;821;2046;457;600;198;36;19;1;24;3;27;27;0;0;3;67;11;39331;2942;5255
1938;2025;48.83513, 2.29284;35;823;1576;327;600;188;35;27;1;28;4;35;35;0;0;3;80;11;39332;2942;4086
1939;2025;48.53666, 2.65597;20;412;162;43;74;85;20;7;3;17;1;16;16;0;0;15;85;6;47501;3089;2380
1940;2025;43.5083, 5.45044;25;479;556;151;184;162;20;9;4;20;2;15;14;1;0;20;100;13;39264;390;6761
1941;2025;48.7885, 2.44418;30;1334;1247;466;78;96;30;16;14;22;1;25;25;0;0;47;73;4;14513;3732;10516
1942;2025;48.7885, 2.44418;33;971;1687;349;231;109;35;26;24;34;6;30;30;0;0;69;97;20;17334;3732;5917
1943;2025;48.6269, 2.5607;32;445;745;192;109;69;32;29;17;31;4;30;30;0;0;53;97;13;14695;3091;7663
1944;2025;45.9188, 6.15735;14;71;98;15;46;37;11;8;4;11;1;10;10;0;0;36;100;10;23598;2761;2104
1945;2025;49.0388, 2.0742;40;630;388;89;143;173;33;15;4;29;7;24;24;0;0;12;88;29;43311;3829;8984
1946;2025;49.0388, 2.0742;21;558;147;35;39;62;23;18;9;20;2;16;16;0;0;39;87;12;43332;3829;7301
1947;2025;48.7015, 2.17988;20;285;219;66;101;85;20;7;2;16;1;15;15;0;0;10;80;7;16675;3538;9379
1948;2025;48.7015, 2.17988;20;239;403;106;275;118;20;13;1;19;4;16;16;0;0;5;95;25;12935;3538;4956
1949;2025;48.7015, 2.17988;15;145;223;64;128;65;15;9;1;12;1;13;13;0;0;7;80;8;12936;3538;3067
1950;2025;48.53666, 2.65597;20;111;263;88;167;92;19;3;1;18;3;15;15;0;0;5;95;20;47502;3089;803
1951;2025;48.7015, 2.17978;30;564;1539;332;700;302;30;10;25;29;0;29;29;0;0;83;97;0;28849;3545;542
1952;2025;45.7759, 3.09227;30;72;75;21;69;76;6;4;5;6;0;5;5;0;0;83;100;0;7645;2311;10987
1953;2025;45.7758, 3.09231;13;62;57;17;35;39;5;4;4;5;0;4;4;0;0;80;100;0;7648;2311;5043
1954;2025;45.7759, 3.09229;12;65;56;16;31;39;4;4;2;4;0;3;3;0;0;50;100;0;42939;2311;3351
1955;2025;45.7758, 3.09231;12;40;36;12;26;28;2;2;0;2;0;0;0;0;0;0;100;0;16679;2311;5952
1956;2025;43.6071, 1.43874;30;591;1141;285;155;105;34;23;10;33;5;34;34;0;0;29;97;15;35967;957;43
1957;2025;45.771, 4.82027;35;203;259;49;133;161;28;14;12;25;1;25;16;9;0;43;89;4;49889;2553;4975
1958;2025;48.82725, 2.3647;30;1520;2879;589;373;137;29;19;4;29;0;26;26;0;0;14;100;0;48160;2837;10427
1959;2025;45.72169, 4.91716;10;96;77;19;62;47;10;6;0;9;0;8;8;0;0;0;90;0;35214;2577;5857
1960;2025;43.51478, 5.44706;15;34;44;13;33;28;10;5;5;10;1;7;7;0;0;50;100;14;26404;391;3934
1961;2025;48.8481, 2.32917;40;1091;1692;346;432;230;38;31;14;36;4;38;38;0;0;37;95;11;47448;2876;9003
1962;2025;48.8295, 2.38133;10;73;41;13;36;36;5;1;0;5;0;4;4;0;0;0;100;0;15601;2938;4793
1963;2025;48.8541, 2.3284;31;296;518;10;53;48;31;12;18;30;2;31;31;0;0;58;97;6;32552;2869;5408
1964;2025;47.3135, 5.06428;10;22;26;3;22;18;4;3;1;4;0;4;4;0;0;25;100;0;19587;598;6693
1965;2025;48.9035, 2.21449;30;481;217;50;180;176;30;25;1;25;1;12;12;0;0;3;83;8;29411;3578;11363
1966;2025;48.9035, 2.21449;30;497;242;42;213;181;30;27;4;26;1;20;20;0;0;13;87;5;29412;3578;7263
1967;2025;48.9035, 2.21449;60;903;384;100;329;301;60;49;4;57;3;39;39;0;0;7;95;8;29410;3578;8537
1968;2025;48.9035, 2.21449;60;905;1224;287;940;359;60;51;4;52;10;51;51;0;0;7;87;20;29413;3578;421
1969;2025;45.72159, 4.91724;15;93;58;19;46;45;10;7;3;8;1;6;6;0;0;30;80;17;35209;2577;155
1970;2025;48.7015, 2.17978;50;518;2355;624;1065;414;50;11;28;47;8;46;46;0;0;56;94;17;28891;3545;9005
1971;2025;48.8114, 2.14937;32;296;304;146;166;125;31;15;4;23;1;23;23;0;0;13;74;4;28852;3543;7707
1972;2025;48.6248, 2.42527;30;822;319;148;133;122;33;17;4;29;2;19;19;0;0;12;88;11;28930;3544;5030
1973;2025;43.51478, 5.44706;15;210;252;74;248;54;14;13;0;14;3;13;13;0;0;0;100;23;28879;391;10779
1974;2025;43.51478, 5.44706;4;128;158;37;36;20;3;3;0;2;1;3;3;0;0;0;67;33;42830;391;8840
1975;2025;47.2405, 6.02271;30;65;68;20;68;82;21;13;12;19;2;12;7;3;2;57;90;17;32331;696;2690
1976;2025;45.74818, 4.86046;20;510;662;206;280;86;20;17;4;20;3;13;13;0;0;20;100;23;48488;2580;699
1977;2025;43.51478, 5.44706;10;44;53;12;46;28;8;7;2;8;2;7;7;0;0;25;100;29;26405;391;6365
1978;2025;48.0487, -1.74492;50;44;50;6;34;35;8;7;7;7;0;8;8;0;0;88;88;0;13724;1197;1573
1979;2025;48.0487, -1.74492;80;92;99;13;89;97;18;13;14;18;0;16;15;0;1;78;100;0;18116;1197;466
1980;2025;47.7298, 7.31155;15;42;41;8;24;24;7;7;5;7;0;6;6;0;0;71;100;0;36045;2479;9229
1981;2025;45.72173, 4.91728;10;38;27;8;17;19;1;1;1;1;0;1;1;0;0;100;100;0;43037;2577;3295
1982;2025;47.7326, 7.31432;10;26;23;8;19;17;1;1;1;1;0;1;1;0;0;100;100;0;44213;2479;11748
1983;2025;43.51478, 5.44706;3;66;82;19;60;12;3;3;1;3;0;3;3;0;0;33;100;0;35373;391;10900
1984;2025;48.8452, 2.39666;14;91;108;28;50;30;13;10;4;12;2;12;12;0;0;31;92;17;23963;2838;5547
1985;2025;48.8452, 2.39666;7;18;26;6;12;11;4;1;2;4;1;3;3;0;0;50;100;33;23973;2838;322
1986;2025;47.3135, 5.06427;30;59;56;15;31;31;5;5;4;4;0;5;5;0;0;80;80;0;19496;598;5103
1987;2025;47.3135, 5.06422;15;58;48;11;30;28;3;2;3;3;0;3;3;0;0;100;100;0;19577;598;9992
1988;2025;45.74818, 4.86046;16;88;113;33;96;45;16;15;3;15;1;12;12;0;0;19;94;8;48492;2580;12484
1989;2025;45.74818, 4.86046;32;253;293;87;260;91;32;30;11;31;7;26;26;0;0;34;97;27;48493;2580;3991
1990;2025;45.74818, 4.86046;16;156;182;52;135;48;16;11;4;16;3;13;13;0;0;25;100;23;48494;2580;4876
1991;2025;48.8541, 2.3284;27;253;315;6;48;33;27;25;21;26;0;27;27;0;0;78;96;0;32554;2869;12212
1992;2025;48.0487, -1.74492;20;14;13;2;11;11;0;0;0;0;0;0;0;0;0;0;0;0;13728;1197;166
1993;2025;47.3135, 5.06424;18;32;32;8;18;19;1;1;1;1;0;0;0;0;0;100;100;0;19585;598;5989
1994;2025;43.5608, 1.46936;45;358;762;136;480;409;36;13;15;34;4;24;24;0;0;42;94;17;35875;959;2431
1995;2025;48.8541, 2.3284;24;173;302;2;53;47;23;19;8;23;2;23;23;0;0;35;100;9;32563;2869;2847
1996;2025;48.8541, 2.3284;20;189;338;4;35;31;20;15;13;20;1;20;20;0;0;65;100;5;32559;2869;141
1997;2025;48.7015, 2.17978;50;1312;4167;890;2000;646;51;30;29;51;8;49;49;0;0;57;100;16;28874;3545;11497
1998;2025;48.8105, 2.14873;35;1235;3661;875;2540;427;31;14;2;25;3;30;30;0;0;6;81;10;41045;3543;3155
1999;2025;48.7015, 2.17978;24;344;523;192;313;180;25;16;20;23;3;25;25;0;0;80;92;12;28865;3545;2421
2000;2025;48.8541, 2.3284;27;192;291;7;44;41;27;17;14;27;1;26;26;0;0;52;100;4;32557;2869;1583
2001;2025;47.3135, 5.06425;5;19;15;4;7;7;1;1;1;1;0;1;1;0;0;100;100;0;19578;598;10739
2002;2025;43.5608, 1.46936;45;334;624;112;403;373;52;18;27;52;3;47;47;0;0;52;100;6;35888;959;4464
2003;2025;48.85083, 2.34123;16;272;691;166;200;51;18;10;16;18;2;16;16;0;0;89;100;12;39587;2933;5264
2004;2025;48.7015, 2.17978;50;804;1278;379;985;636;44;27;22;31;5;39;39;0;0;50;70;13;28888;3545;1819
2005;2025;48.7015, 2.17978;25;323;1311;349;288;141;25;9;11;25;1;21;21;0;0;44;100;5;28972;3545;7771
2006;2025;48.7015, 2.17978;25;576;245;88;137;137;25;13;5;16;2;14;14;0;0;20;64;14;29253;3545;9609
2007;2025;48.8541, 2.3284;20;55;75;1;26;25;18;14;14;18;1;18;18;0;0;78;100;6;32561;2869;7138
2008;2025;48.1176, -1.63941;30;394;522;217;258;150;24;16;6;22;2;23;23;0;0;25;92;9;43498;1211;11930
2009;2025;48.72681, -3.98799;20;374;533;114;80;29;20;14;15;20;2;20;20;0;0;75;100;10;44534;828;1265
2010;2025;49.0388, 2.0742;18;586;738;259;731;95;18;14;5;15;1;13;13;0;0;28;83;8;39340;3829;10044
2011;2025;48.8541, 2.3284;16;112;136;3;23;20;16;13;13;16;0;16;16;0;0;81;100;0;32566;2869;2723
2012;2025;49.25, 4.03333;22;66;89;1;24;24;12;10;10;12;1;12;12;0;0;83;100;8;32567;1724;297
2013;2025;43.5608, 1.46936;18;291;1079;272;27;19;16;2;16;16;0;14;12;2;0;100;100;0;30879;959;5545
2014;2025;48.8481, 2.32917;40;1244;1705;366;391;270;38;28;11;35;1;37;37;0;0;29;92;3;47449;2876;12289
2015;2025;45.7508, 4.83627;113;2429;3308;838;3302;983;116;83;1;103;14;77;56;15;6;1;89;18;35504;2573;5794
2016;2025;45.7508, 4.83627;113;2289;3166;876;3158;931;114;84;0;108;12;82;58;19;5;0;95;15;35347;2573;9312
2017;2025;45.7508, 4.83627;115;2750;4047;991;4042;975;116;62;1;97;19;94;66;27;1;1;84;20;35345;2573;10053
2018;2025;45.7508, 4.83627;58;1523;1980;567;1977;443;62;44;0;54;7;40;35;4;1;0;87;18;35346;2573;1623
2019;2025;45.7508, 4.83627;152;4740;6433;1422;6423;976;167;128;6;145;25;147;135;8;4;4;87;17;35348;2573;7849
2020;2025;46.5706, 0.37932;100;337;443;132;442;464;97;71;83;83;13;63;45;13;5;86;86;21;28732;3390;12230
2021;2025;48.7931, 2.44532;40;641;835;236;825;181;38;31;20;36;5;34;23;8;3;53;95;15;28282;3732;10032
2022;2025;48.0487, -1.74492;60;80;66;8;53;79;24;18;12;19;2;22;21;1;0;50;79;9;24779;1197;3672
2023;2025;43.6063, 1.43672;27;391;293;40;63;60;25;22;10;25;2;25;25;0;0;40;100;8;4141;957;10958
2024;2025;43.6063, 1.43672;25;782;929;136;80;61;25;23;10;25;3;24;24;0;0;40;100;12;4142;957;11374
2025;2025;48.793, 2.44532;30;1638;402;141;87;118;29;19;3;29;3;17;17;0;0;10;100;18;11489;3732;9189
2026;2025;48.0161, 0.15928;20;293;356;42;356;74;30;25;12;27;7;28;28;0;0;40;90;25;43229;2689;6016
2027;2025;43.5954, 1.44301;130;691;859;159;857;569;128;102;64;114;11;112;106;6;0;50;89;10;14001;903;10210
2028;2025;48.8468, 2.34488;1500;3330;4608;3006;4608;4608;2187;1562;2177;2187;134;488;386;82;20;100;100;27;22938;2837;4831
2029;2025;48.513, -2.74173;220;1109;1395;183;1393;1107;213;163;67;198;28;181;153;28;0;31;93;15;28996;638;1994
2030;2025;50.3645, 3.52953;75;347;418;73;418;377;71;51;39;65;15;53;45;8;0;55;92;28;15641;2116;2495
2031;2025;49.4959, 0.12911;200;1004;1239;209;1224;1165;197;143;121;172;29;143;125;15;3;61;87;20;9729;3007;8249
2032;2025;49.12078, 6.162;18;151;129;20;57;51;12;11;2;10;1;10;10;0;0;17;83;10;23833;1906;10818
2033;2025;44.35624, 2.56417;55;236;319;56;318;287;51;38;21;50;7;42;25;15;2;41;98;17;32744;269;3157
2034;2025;48.7858, 2.05107;48;1260;1552;341;940;217;48;44;7;44;10;44;43;0;1;15;92;23;24472;3129;117
2035;2025;49.4959, 0.12911;70;611;398;55;154;162;55;46;37;54;4;49;49;0;0;67;98;8;9732;3007;3322
2036;2025;48.822, 2.2478;180;676;973;132;905;612;177;119;130;175;4;146;140;6;0;73;99;3;13446;3621;8539
2037;2025;50.6326, 3.04654;60;530;830;156;828;318;63;31;4;63;3;45;43;2;0;6;100;7;47121;2100;2905
2038;2025;43.29818, 5.38262;200;3042;4177;904;4177;1092;199;149;56;164;45;181;178;3;0;28;82;25;42862;377;10312
2039;2025;47.8461, 1.93179;100;698;933;157;927;465;99;78;29;97;19;90;88;2;0;29;98;21;12124;1531;3587
2040;2025;47.3662, 0.68427;25;133;66;12;51;65;10;7;7;9;2;8;8;0;0;70;90;25;13217;1238;3096
2041;2025;46.8098, 1.69042;100;334;367;53;367;437;92;64;42;80;14;69;50;11;8;46;87;20;4807;1220;393
2042;2025;47.0851, 2.39925;125;617;823;136;819;637;123;90;34;111;21;96;64;23;9;28;90;22;3129;527;8590
2043;2025;50.6195, 3.06883;110;2672;3372;670;3369;415;108;95;55;99;20;79;79;0;0;51;92;25;24368;2121;8501
2044;2025;48.69372, 6.1754;110;1492;1850;309;1835;304;110;97;33;104;22;96;96;0;0;30;95;23;6333;1794;6565
2045;2025;48.579, 7.7663;40;379;507;116;111;90;39;30;15;37;1;31;31;0;0;38;95;3;21547;2450;9762
2046;2025;48.83675, 2.34614;30;183;178;42;61;57;29;19;26;29;1;25;25;0;0;90;100;4;9202;2837;1993
2047;2025;48.83672, 2.34614;15;893;1116;302;67;27;14;11;10;14;2;14;14;0;0;71;100;14;22936;2837;6887
2048;2025;48.83669, 2.34618;25;414;522;102;67;47;25;21;13;21;3;24;24;0;0;52;84;12;9203;2837;12676
2049;2025;48.83674, 2.34618;25;136;177;41;51;41;25;20;21;25;2;22;22;0;0;84;100;9;9204;2837;12673
2050;2025;47.2446, -1.55105;24;757;968;151;350;109;25;22;17;25;4;23;22;1;0;68;100;17;12533;1506;11408
2051;2025;45.7514, 4.82694;40;762;905;151;768;225;44;38;5;44;2;42;42;0;0;11;100;5;35840;2535;11077
2052;2025;48.793, 2.4454;90;650;834;167;417;307;90;69;29;84;11;76;75;1;0;32;93;14;11484;3732;9989
2053;2025;48.1179, -1.67004;20;508;678;91;94;29;20;16;13;20;3;19;19;0;0;65;100;16;4718;1211;8108
2054;2025;47.24424, -1.55094;70;572;700;124;368;216;69;62;61;67;10;66;66;0;0;88;97;15;35818;1506;1428
2055;2025;48.1179, -1.67004;25;107;117;16;103;98;26;20;17;25;2;25;25;0;0;65;96;8;4720;1211;9021
2056;2025;48.0161, 0.15928;20;182;229;42;229;76;29;22;9;27;5;25;25;0;0;31;93;20;43230;2689;504
2057;2025;44.797, -0.61801;30;1781;2122;317;114;80;30;23;10;30;4;29;29;0;0;33;100;14;23308;1055;6920
2058;2025;44.797, -0.61799;30;627;733;101;200;85;30;24;13;26;7;27;24;3;0;43;87;26;22706;1055;5819
2059;2025;44.8081, -0.59556;10;1094;1409;243;258;25;11;8;2;11;2;11;11;0;0;18;100;18;39069;1055;7276
2060;2025;44.797, -0.61797;15;111;153;19;139;65;18;15;2;18;1;17;17;0;0;11;100;6;22614;1055;6003
2061;2025;43.6063, 1.43672;25;255;330;112;328;136;28;22;2;28;7;22;18;3;1;7;100;32;47999;957;6352
2062;2025;45.74818, 4.86046;65;1342;2075;473;2064;225;65;45;15;60;7;59;59;0;0;23;92;12;43406;2580;8493
2063;2025;45.74818, 4.86046;330;4571;6100;1259;6070;1072;327;253;67;308;50;279;278;1;0;20;94;18;43404;2580;233
2064;2025;46.6728, -1.41974;140;1328;1427;281;1422;760;133;124;12;101;14;104;85;15;4;9;76;13;48167;3360;6313
2065;2025;43.5954, 1.44301;50;772;1065;183;626;270;50;41;28;44;5;47;47;0;0;56;88;11;15615;903;11602
2066;2025;47.6451, -2.7454;35;760;1086;128;1085;142;35;27;3;34;5;32;32;0;0;9;97;16;47605;1866;8138
2067;2025;48.0868, -0.75922;25;378;521;67;521;107;30;19;3;29;3;29;29;0;0;10;97;10;43228;1760;9263
2068;2025;50.6326, 3.04654;285;1227;1577;212;1266;1058;284;223;190;281;14;266;262;4;0;67;99;5;12459;2100;5070
2069;2025;50.6326, 3.04654;160;1050;1460;211;1070;684;174;127;107;174;9;158;158;0;0;61;100;6;12465;2100;9625
2070;2025;48.822, 2.2478;110;623;384;73;314;401;113;88;44;113;5;96;86;10;0;39;100;5;13447;3621;4844
2071;2025;50.6326, 3.04654;160;911;1121;169;1028;566;171;148;118;171;18;164;164;0;0;69;100;11;12461;2100;6005
2072;2025;48.9035, 2.21449;80;569;171;34;127;190;79;59;35;71;5;62;59;3;0;44;90;8;11081;3578;1656
2073;2025;48.9035, 2.21449;35;368;526;172;249;107;35;29;9;33;8;26;24;1;1;26;94;31;11077;3578;6324
2074;2025;48.9035, 2.21449;30;671;160;52;82;86;30;20;2;26;4;21;20;1;0;7;87;19;11080;3578;9217
2075;2025;48.9035, 2.21449;60;626;753;147;750;142;59;46;34;55;8;20;18;2;0;58;93;40;11075;3578;6955
2076;2025;43.6043, 1.43558;350;1637;4122;1118;4122;1521;347;129;128;313;56;305;305;0;0;37;90;18;4138;920;2686
2077;2025;50.6336, 3.04519;150;269;807;115;656;672;107;25;56;101;8;74;74;0;0;52;94;11;12455;2012;498
2078;2025;45.4294, 4.39122;30;382;699;185;280;140;30;23;2;29;2;25;25;0;0;7;97;8;35612;1394;2864
2079;2025;48.82725, 2.3647;250;2022;3987;1159;3987;965;248;169;45;239;31;191;191;0;0;18;96;16;47418;2837;10540
2080;2025;45.7508, 4.83627;61;2558;5145;1382;5106;545;60;26;0;57;13;55;55;0;0;0;95;24;35453;2573;4199
2081;2025;45.7508, 4.83627;150;2403;4604;1228;4579;1009;159;73;4;132;26;129;129;0;0;3;83;20;35341;2573;2343
2082;2025;45.7508, 4.83627;60;1046;2827;1038;2783;383;59;11;3;58;14;47;47;0;0;5;98;30;35342;2573;4857
2083;2025;45.7508, 4.83627;55;2086;3795;1083;3773;524;57;27;0;46;11;42;42;0;0;0;81;26;35343;2573;2215
2084;2025;45.7508, 4.83627;34;2315;4378;1225;4343;279;36;17;1;30;7;28;28;0;0;3;83;25;43543;2573;1163
2085;2025;46.5712, 0.38006;80;349;636;132;635;227;80;41;39;78;9;77;77;0;0;49;98;12;28733;3390;2394
2086;2025;48.7886, 2.44962;40;862;1309;433;1306;146;40;25;3;38;10;37;37;0;0;8;95;27;28450;3732;10749
2087;2025;48.5612, -3.1642;45;62;102;17;102;129;7;2;2;6;1;4;4;0;0;29;86;25;17395;634;10506
2088;2025;45.8249, 1.26039;120;372;852;230;846;596;109;32;16;93;17;68;52;13;3;15;85;25;10716;3419;11450
2089;2025;50.6314, 3.04635;60;215;308;73;134;153;51;39;46;49;4;34;29;4;1;90;96;12;12503;2094;8355
2090;2025;50.63127, 3.04666;115;528;969;181;367;311;122;73;76;122;5;95;78;17;0;62;100;5;24397;2007;6284
2091;2025;50.63143, 3.04581;200;308;378;57;297;337;93;69;63;86;2;72;59;13;0;68;92;3;24399;2095;419
2092;2025;50.6337, 3.04506;100;133;313;52;228;234;42;18;17;39;2;31;24;7;0;40;93;6;12785;2006;8759
2093;2025;48.9035, 2.21449;35;460;1103;319;500;136;35;12;14;31;7;21;21;0;0;40;89;33;27089;3578;3605
2094;2025;49.4959, 0.12911;30;222;268;54;89;83;30;20;21;29;2;18;18;0;0;70;97;11;19249;3007;6974
2095;2025;48.9035, 2.21449;90;1555;2925;689;1985;659;88;57;47;79;22;69;69;0;0;53;90;32;11072;3578;7789
2096;2025;48.9035, 2.21449;20;766;223;56;108;98;20;6;2;16;1;10;10;0;0;10;80;10;11079;3578;6835
2097;2025;48.53666, 2.65597;255;667;1578;447;1578;790;254;99;32;231;37;189;181;5;3;13;91;20;9912;3089;12662
2098;2025;48.83513, 2.29284;410;7495;16868;4446;16868;1568;410;212;35;357;91;366;366;0;0;9;87;25;9219;2942;11120
2099;2025;48.1161, -1.67651;65;895;1755;363;561;314;65;42;27;65;10;64;64;0;0;42;100;16;4723;1211;387
2100;2025;48.0673, -0.76324;40;151;299;42;299;349;7;1;3;5;0;5;1;4;0;43;71;0;24451;1763;10179
2101;2025;48.5612, -3.1642;45;72;159;14;159;175;9;2;9;9;1;7;4;3;0;100;100;14;17399;634;8483
2102;2025;45.825, 1.26033;25;204;448;98;446;128;24;11;1;22;3;17;17;0;0;4;92;18;20737;3419;6157
2103;2025;47.2447, -1.55109;40;910;1822;357;592;192;43;30;27;43;11;43;43;0;0;63;100;26;18032;1506;412
2104;2025;44.8081, -0.59556;35;915;1862;423;501;170;39;22;6;35;4;34;34;0;0;15;90;12;35369;1055;6661
2105;2025;43.5083, 5.45044;35;952;1701;432;1664;231;34;20;2;26;7;31;31;0;0;6;76;23;42863;390;1416
2106;2025;50.61072, 3.14212;35;866;1572;396;821;252;35;27;12;31;3;26;26;0;0;34;89;12;15916;2121;1908
2107;2025;48.9571, 2.33972;25;524;744;269;744;112;22;14;0;20;4;20;20;0;0;0;91;20;20089;3658;9742
2108;2025;43.12225, 5.93863;300;924;1920;477;1920;1726;299;117;205;246;45;192;133;49;10;69;82;23;10367;3282;1054
2109;2025;50.6337, 3.04503;48;144;182;34;182;225;46;24;6;34;2;30;26;4;0;13;74;7;48536;2012;11732
2110;2025;45.9188, 6.15735;30;1321;2274;516;2263;131;35;29;9;35;2;33;33;0;0;26;100;6;22073;2761;11486
2111;2025;48.9035, 2.21449;30;288;499;118;321;161;30;16;13;27;5;25;25;0;0;43;90;20;43190;3578;5648
2112;2025;48.9035, 2.21449;15;143;271;92;140;56;15;5;1;13;3;10;10;0;0;7;87;30;43191;3578;6049
2113;2025;50.60973, 3.14329;100;927;1148;369;533;611;96;31;57;79;6;50;50;0;0;59;82;12;7099;2121;5523
2114;2025;48.66564, 6.16155;91;261;229;81;228;294;80;60;9;66;5;29;24;2;3;11;82;17;43015;1793;11314
2115;2025;48.66564, 6.16155;8;65;59;21;59;49;8;7;0;7;2;4;4;0;0;0;88;50;43016;1793;5710
2116;2025;50.6276, 3.12451;240;681;762;345;761;920;232;152;109;205;20;87;70;9;8;47;88;23;28843;2121;802
2117;2025;45.7717, 3.09064;80;486;543;227;543;416;79;68;27;69;6;40;34;4;2;34;87;15;15264;2311;167
2118;2025;45.7717, 3.09062;80;580;669;194;662;608;76;58;41;60;12;42;32;3;7;54;79;29;7663;2311;1948
2119;2025;45.7758, 3.09229;35;580;710;198;707;185;35;30;18;31;5;31;31;0;0;51;89;16;14403;2311;11141
2120;2025;45.7757, 3.09231;30;196;219;52;194;136;25;23;10;23;4;22;21;1;0;40;92;18;12224;2311;7660
2121;2025;45.776, 3.09226;10;31;24;9;21;27;7;5;4;7;1;6;4;2;0;57;100;17;36157;2311;391
2122;2025;48.8452, 2.39666;120;1823;2317;750;2316;387;119;97;23;102;17;93;91;1;1;19;86;18;48191;2838;1223
2123;2025;45.74818, 4.86046;45;2032;3584;912;3505;178;44;33;14;41;5;43;43;0;0;32;93;12;43399;2580;2107
2124;2025;48.0777, 7.36936;13;122;116;27;27;24;10;5;7;10;2;10;10;0;0;70;100;20;16833;2493;9365
2125;2025;47.36308, 5.04992;80;237;407;67;405;349;63;32;34;56;3;49;28;18;3;54;89;6;46036;596;3608
2126;2025;47.2167, 5.96293;50;152;305;58;302;255;32;15;30;31;4;22;16;4;2;94;97;18;46033;692;10439
2127;2025;47.63333, 6.86667;30;95;157;21;156;151;8;5;7;7;0;5;3;2;0;88;88;0;46030;3487;8532
2128;2025;43.6028, 3.89985;240;1665;3234;980;3151;1218;249;113;130;249;36;207;196;8;3;52;100;17;4543;1136;8461
2129;2025;43.6029, 3.89984;300;689;925;521;922;1151;283;122;86;234;16;82;56;24;2;30;83;20;21268;1136;4484
2130;2025;47.36308, 5.04992;15;55;61;15;60;73;9;6;7;9;0;6;3;3;0;78;100;0;46037;596;10207
2131;2025;47.2167, 5.96293;10;51;45;16;44;59;5;3;2;4;0;3;2;1;0;40;80;0;46034;692;2815
2132;2025;47.63333, 6.86667;15;57;63;29;62;74;4;3;0;4;0;0;0;0;0;0;100;0;46031;3487;3233
2133;2025;47.36308, 5.04992;15;43;64;9;63;63;10;5;3;9;0;6;5;1;0;30;90;0;46035;596;2685
2134;2025;47.2167, 5.96293;10;26;35;8;35;46;2;0;0;2;0;1;0;0;1;0;100;0;46032;692;4757
2135;2025;47.63333, 6.86667;15;22;35;13;35;43;7;2;4;5;0;4;2;2;0;57;71;0;46029;3487;7953
2136;2025;46.2082, 5.21965;90;1070;1964;508;1897;694;99;37;28;99;12;87;82;5;0;28;100;14;39678;22;5435
2137;2025;45.74818, 4.86046;710;3458;6523;1575;6359;2220;750;382;229;749;88;668;657;11;0;31;100;13;39677;2580;4395
2138;2025;48.82727, 2.36469;90;1740;2766;743;2766;334;90;67;16;85;13;90;90;0;0;18;94;14;48000;2837;4616
2139;2025;47.3662, 0.68417;30;727;1237;304;1237;92;29;24;17;29;4;27;27;0;0;59;100;15;23710;1238;10530
2140;2025;43.48828, -1.47253;50;355;662;113;655;237;55;30;6;55;5;49;47;2;0;11;100;10;43420;2350;7858
2141;2025;50.6463, 3.06197;15;645;1118;285;75;24;15;11;9;15;2;15;15;0;0;60;100;13;24450;2121;342
2142;2025;48.0777, 7.36936;13;175;158;40;17;17;0;0;0;0;0;0;0;0;0;0;0;0;19095;2493;7085
2143;2025;47.3661, 0.68425;140;821;1694;434;1692;537;141;70;85;139;25;114;114;0;0;60;99;22;4887;1238;11109
2144;2025;49.09429, 6.23043;12;53;58;13;45;40;10;8;1;10;1;9;6;3;0;10;100;11;43198;1914;4331
2145;2025;49.09429, 6.23043;25;67;111;19;102;79;24;17;8;22;1;20;20;0;0;33;92;5;43196;1914;164
2146;2025;49.09429, 6.23043;13;33;49;12;40;38;6;2;2;6;2;6;6;0;0;33;100;33;43197;1914;7965
2147;2025;50.3228, 3.5143;40;220;659;198;643;314;51;17;18;33;10;26;23;1;2;35;65;38;7012;2116;3370
2148;2025;45.83677, 1.2379;30;80;206;70;193;221;26;5;4;23;2;11;9;2;0;15;88;18;20744;3419;2946
2149;2025;-21.2698, 55.507;175;108;253;70;252;349;58;15;28;45;13;33;15;13;5;48;78;39;32073;3990;5762
2150;2025;-21.2698, 55.507;175;94;258;63;258;347;59;11;31;47;21;33;9;16;8;53;80;64;32072;3990;1493
2151;2025;45.72165, 4.9172;46;132;238;110;236;267;44;17;1;39;2;13;8;4;1;2;89;15;35452;2577;7962
2152;2025;45.72169, 4.91716;33;157;300;120;299;285;32;7;1;26;4;14;14;0;0;3;81;29;35338;2577;8999
2153;2025;45.72166, 4.91724;32;158;304;133;302;230;36;14;0;29;2;12;11;1;0;0;81;17;35339;2577;8741
2154;2025;47.3135, 5.06429;90;134;212;67;212;285;50;20;24;41;4;20;17;0;3;48;82;20;3269;598;7710
2155;2025;48.9035, 2.21449;20;246;69;25;47;54;19;9;7;16;0;10;10;0;0;37;84;0;27084;3578;5904
2156;2025;47.8502, 1.93351;10;20;8;2;8;35;10;6;2;6;3;6;2;1;3;20;60;50;47186;1531;405
2157;2025;48.89894, 2.36024;175;366;825;280;807;575;171;76;70;141;22;123;120;2;1;41;82;18;9207;2837;1041
2158;2025;49.0388, 2.07414;115;166;292;102;278;398;111;40;29;98;11;63;49;12;2;26;88;17;11637;3830;9627
2159;2025;-12.8582, 45.1958;80;222;380;125;380;242;79;50;70;71;19;47;41;6;0;89;90;40;13885;4018;8025
2160;2025;48.7802, 2.04432;56;108;183;58;177;202;55;27;11;49;2;31;30;1;0;20;89;6;10008;3121;445
2161;2025;48.9571, 2.33972;55;124;191;93;188;220;51;23;6;42;13;25;21;3;1;12;82;52;15166;3658;1254
2162;2025;48.12162, -1.70445;160;294;571;182;568;654;141;56;73;112;11;69;61;8;0;52;79;16;4731;1176;104
2163;2025;43.5784, 1.40266;200;471;946;483;936;736;219;83;26;199;12;84;77;5;2;12;91;14;4167;919;4056
2164;2025;48.8292, 2.38171;82;441;899;338;881;407;80;40;26;69;6;60;57;3;0;32;86;10;9349;2938;12131
2165;2025;43.6308, 3.87033;175;420;599;233;599;934;215;87;94;160;26;78;56;12;10;44;74;33;4558;1100;11731
2166;2025;44.7966, -0.61747;220;478;726;229;719;998;198;81;116;162;21;101;87;11;3;59;82;21;4421;1013;9019
2167;2025;45.72168, 4.91722;29;633;1048;389;1047;233;28;17;2;28;3;20;20;0;0;7;100;15;35331;2577;1936
2168;2025;45.72166, 4.91729;66;372;735;270;733;499;69;25;1;53;10;37;30;5;2;1;77;27;35450;2577;10464
2169;2025;45.72168, 4.91722;61;662;994;365;989;475;66;42;5;55;4;37;29;6;2;8;83;11;35330;2577;275
2170;2025;43.8423, 4.35646;300;496;666;194;666;788;128;56;41;103;20;63;45;11;7;32;80;32;4020;876;4292
2171;2025;45.7514, 4.82694;30;169;377;129;377;162;31;15;1;23;1;16;16;0;0;3;74;6;35839;2535;9108
2172;2025;45.558, 5.91097;35;331;470;120;468;178;34;22;14;32;4;23;22;1;0;41;94;17;23367;2718;2249
2173;2025;47.3136, 5.06431;220;521;909;209;909;985;170;65;97;150;11;102;86;11;5;57;88;11;3273;598;188
2174;2025;47.2446, -1.55126;19;241;405;98;155;70;19;15;19;19;1;17;17;0;0;100;100;6;15017;1506;11593
2175;2025;48.3923, -4.48833;200;721;1203;267;1203;1328;196;84;149;177;11;109;97;8;4;76;90;10;3856;813;2480
2176;2025;48.0487, -1.74492;30;7;11;0;9;10;4;2;3;3;0;4;4;0;0;75;75;0;13718;1197;6043
2177;2025;48.5849, 7.76205;20;80;107;30;107;116;13;6;6;10;1;7;7;0;0;46;77;14;8078;2450;9589
2178;2025;48.12162, -1.70445;335;1163;1985;524;1983;1559;283;111;51;240;18;156;139;9;8;18;85;12;4736;1176;325
2179;2025;48.8989, 2.36013;18;39;69;29;69;76;18;5;8;16;0;8;8;0;0;44;89;0;9213;2837;1427
2180;2025;14.6479, -61.0995;90;71;102;32;102;128;17;9;11;15;3;9;6;3;0;65;88;33;11836;3913;8896
2181;2025;48.8481, 2.32917;150;246;338;83;337;524;140;53;31;106;7;98;96;2;0;22;76;7;9449;2876;12654
2182;2025;49.25, 4.03333;40;63;110;20;110;121;11;4;7;11;2;9;8;1;0;64;100;22;36246;1726;371
2183;2025;48.0487, -1.74492;200;94;152;17;136;157;48;22;44;48;1;43;41;2;0;92;100;2;13720;1197;5678
2184;2025;43.5784, 1.40266;28;518;738;169;438;111;28;17;1;25;8;26;26;0;0;4;89;31;12216;919;12011
2185;2025;43.5784, 1.40266;28;215;246;63;189;130;30;16;4;29;6;25;25;0;0;13;97;24;12217;919;8723
2186;2025;48.8507, 2.32856;10;48;23;11;9;9;4;3;4;4;0;2;2;0;0;100;100;0;24408;2928;3544
2187;2025;48.66564, 6.16155;35;370;669;87;570;169;35;20;1;31;4;35;35;0;0;3;89;11;43203;1819;2538
2188;2025;45.558, 5.91097;75;254;472;101;471;393;73;31;4;49;5;45;36;6;3;5;67;11;20412;2718;7415
2189;2025;44.7966, -0.61747;40;274;494;134;492;492;56;27;56;56;5;37;33;2;2;100;100;14;35576;1013;473
2190;2025;50.62917, 3.12626;80;389;890;228;890;389;79;29;31;75;14;61;57;4;0;39;95;23;28324;2121;3187
2191;2025;49.237, 4.00057;40;135;154;32;154;205;13;11;5;9;3;7;3;0;4;38;69;43;20855;1707;9078
2192;2025;49.43333, 1.08333;60;192;320;72;320;292;52;30;5;48;2;41;40;0;1;10;92;5;43159;3028;11283
2193;2025;48.8481, 2.32917;220;1149;1890;457;1141;948;239;152;167;194;7;191;191;0;0;70;81;4;21816;2876;413
2194;2025;44.7966, -0.61747;580;1267;2032;506;2028;2588;484;182;296;397;47;276;235;28;13;61;82;17;12517;1013;891
2195;2025;44.7966, -0.61747;85;380;714;529;708;708;144;66;143;144;9;23;17;2;4;99;100;39;23333;1013;4001
2196;2025;44.7966, -0.61747;10;47;51;14;10;10;4;2;4;4;0;4;4;0;0;100;100;0;24130;1013;9482
2197;2025;49.11984, 6.16496;5;56;96;35;96;24;5;3;0;3;1;3;2;1;0;0;60;33;43072;1929;6627
2198;2025;48.66564, 6.16155;8;82;128;39;128;33;7;5;1;7;0;5;4;1;0;14;100;0;43071;1819;10399
2199;2025;50.6326, 3.04654;25;68;91;2;68;68;27;15;10;23;0;27;27;0;0;37;85;0;32497;2014;2564
2200;2025;50.62917, 3.12617;110;621;1068;60;733;493;110;59;25;105;11;110;110;0;0;23;95;10;7096;2121;5300
2201;2025;47.7326, 7.31432;25;237;291;83;291;100;24;19;5;22;3;16;16;0;0;21;92;19;35957;2479;11403
2202;2025;45.7514, 4.82694;95;968;1655;422;1655;525;96;58;17;81;14;83;83;0;0;18;84;17;35838;2535;7438
2203;2025;45.8918, 6.11922;50;386;768;179;768;344;55;27;5;44;4;46;46;0;0;9;80;9;49452;2763;5313
2204;2025;45.558, 5.91097;35;467;783;115;783;172;37;18;10;35;0;36;36;0;0;27;95;0;8814;2718;10475
2205;2025;47.743, -3.38499;150;382;580;129;580;674;95;38;57;83;6;65;64;0;1;60;87;9;6497;1865;153
2206;2025;43.51478, 5.44706;125;774;956;317;954;793;119;75;9;94;14;62;50;6;6;8;79;23;48156;391;6552
2207;2025;43.51478, 5.44706;125;984;1195;387;1192;679;120;93;16;102;17;73;59;6;8;13;85;23;42835;391;3936
2208;2025;45.7508, 4.83627;64;832;1098;372;1093;371;65;55;5;64;4;45;37;4;4;8;98;9;35334;2577;1387
2209;2025;45.7508, 4.83627;10;307;379;154;377;114;15;13;0;15;1;7;7;0;0;0;100;14;35336;2577;7923
2210;2025;45.7508, 4.83627;55;455;467;195;464;414;57;47;0;50;1;18;12;2;4;0;88;6;35335;2577;9911
2211;2025;45.7508, 4.83627;64;474;558;221;554;382;68;57;3;56;9;35;27;5;3;4;82;26;35451;2577;749
2212;2025;45.7508, 4.83627;23;440;551;192;550;147;25;22;1;25;2;22;19;2;1;4;100;9;35333;2577;5522
2213;2025;48.84218, 2.33606;300;2436;3203;1193;3185;1307;297;244;47;276;30;163;140;23;0;16;93;18;9270;2933;1535
2214;2025;48.5849, 7.7621;115;629;899;273;895;907;108;71;99;101;11;57;46;7;4;92;94;19;8072;2450;12336
2215;2025;48.8481, 2.32917;100;447;471;151;471;523;91;69;27;74;5;51;49;2;0;30;81;10;9448;2876;1305
2216;2025;48.8481, 2.32917;100;457;457;126;457;538;89;69;25;66;5;56;43;6;7;28;74;9;9450;2876;949
2217;2025;48.5849, 7.76214;125;780;927;316;925;901;122;93;83;110;10;60;44;9;7;68;90;17;8073;2450;12718
2218;2025;49.43333, 1.08333;60;196;214;54;214;218;27;20;15;26;3;18;15;1;2;56;96;17;39965;3028;8245
2219;2025;43.5784, 1.40266;360;1608;2017;706;2011;2198;390;262;305;313;46;195;146;31;18;78;80;24;4168;919;1137
2220;2025;50.6276, 3.12511;225;1040;1273;394;1272;1218;217;148;96;183;21;112;96;9;7;44;84;19;7087;2121;12278
2221;2025;44.7966, -0.61747;320;1507;1637;484;1628;1947;302;233;214;249;28;152;128;7;17;71;82;18;4422;1013;6192
2222;2025;44.7966, -0.61747;80;452;651;223;650;425;79;48;63;73;12;52;48;2;2;80;92;23;18067;1013;11246
2223;2025;43.69259, 7.23721;25;302;425;158;425;93;25;19;2;24;5;21;21;0;0;8;96;24;43133;167;4221
2224;2025;48.85083, 2.34123;70;213;205;83;204;279;69;46;5;59;2;34;30;2;2;7;86;6;47385;2933;10259
2225;2025;48.12162, -1.70445;110;449;431;156;430;563;87;67;32;68;15;37;31;2;4;37;78;41;14714;1176;9800
2226;2025;51.0392, 2.37202;108;327;333;82;333;407;69;53;28;59;8;38;30;3;5;41;86;21;28547;2093;11683
2227;2025;43.6308, 3.87033;45;190;154;65;154;273;31;21;6;22;3;7;4;0;3;19;71;43;15183;1100;2966
2228;2025;43.6308, 3.87033;45;455;475;154;472;152;43;42;4;40;5;35;35;0;0;9;93;14;4591;1100;10068
2229;2025;16.0264, -61.6953;100;183;219;43;219;241;34;19;12;30;7;25;18;6;1;35;88;28;19517;3882;10182
2230;2025;48.85083, 2.34123;60;185;159;59;157;219;59;47;9;50;13;33;30;3;0;15;85;39;47386;2933;8416
2231;2025;48.85083, 2.34123;20;89;132;52;131;73;19;14;3;16;4;13;13;0;0;16;84;31;47323;2933;8096
2232;2025;49.1893, -0.36476;25;189;188;60;188;228;24;13;5;15;1;6;3;2;1;21;62;17;35858;420;2745
2233;2025;48.9035, 2.21449;100;599;809;630;809;420;113;83;36;113;2;10;9;1;0;32;100;20;20897;3578;3427
2234;2025;49.12109, 6.16252;80;420;396;103;396;521;79;64;38;56;8;36;24;5;7;48;71;22;13926;1929;8319
2235;2025;49.11984, 6.16496;10;198;230;66;230;51;10;9;0;10;1;8;8;0;0;0;100;12;43070;1929;1195
2236;2025;48.9035, 2.21449;15;166;115;46;39;41;16;9;8;12;1;11;9;2;0;50;75;9;21197;3578;4728
2237;2025;49.1893, -0.36478;40;113;114;40;114;165;34;22;13;24;2;13;12;1;0;38;71;15;19528;420;2261
2238;2025;43.51478, 5.44706;25;410;425;108;424;271;22;17;2;14;7;14;7;4;3;9;64;50;42848;391;3121
2239;2025;43.6308, 3.87033;45;357;323;103;323;359;29;20;0;19;5;15;8;2;5;0;66;33;4585;1100;11406
2240;2025;48.8507, 2.32856;20;56;37;11;25;24;2;2;2;2;0;2;2;0;0;100;100;0;17415;2928;4262
2241;2025;44.7966, -0.61747;40;161;224;79;224;93;40;28;18;40;3;29;29;0;0;45;100;10;12501;1013;8197
2242;2025;49.4312, 2.08925;114;257;221;59;220;320;81;62;34;55;11;43;28;12;3;42;68;26;20677;2160;8688
2243;2025;50.6326, 3.04654;450;490;501;127;498;601;76;59;45;69;7;44;39;5;0;59;91;16;35718;2014;8587
2244;2025;49.4312, 2.08925;30;392;446;125;445;103;30;27;16;29;8;28;26;2;0;53;97;29;32730;2160;5850
2245;2025;47.33489, 5.05389;26;179;264;51;264;121;30;20;5;26;4;28;28;0;0;17;87;14;48279;587;4280
2246;2025;43.7169, 7.26667;45;160;162;59;161;218;43;24;4;32;2;14;13;0;1;9;74;14;43134;167;11531
2247;2025;48.8481, 2.32917;75;220;199;74;198;301;52;37;18;37;6;22;20;1;1;35;71;27;16023;2876;6168
2248;2025;48.8481, 2.32917;15;72;89;33;89;103;14;9;7;11;1;10;7;2;1;50;79;10;28664;2876;3728
2249;2025;45.72163, 4.91727;125;764;961;367;950;686;130;97;8;109;11;74;61;8;5;6;84;15;35321;2577;3376
2250;2025;45.72162, 4.91724;64;588;1060;411;1045;357;66;34;4;53;11;46;30;10;6;6;80;24;35324;2577;3765
2251;2025;45.72171, 4.91727;32;576;769;316;761;273;35;27;1;33;3;16;14;2;0;3;94;19;35449;2577;8479
2252;2025;45.72171, 4.91727;123;869;1064;449;1056;733;133;112;1;111;13;56;41;9;6;1;83;23;35322;2577;4499
2253;2025;45.72172, 4.91718;31;1373;1743;602;1728;278;34;28;0;34;4;31;28;2;1;0;100;13;35323;2577;4733
2254;2025;50.6273, 3.12397;80;1547;2104;729;2080;498;78;55;21;77;9;60;59;1;0;27;99;15;26354;2121;4586
2255;2025;43.5784, 1.40266;23;245;294;122;271;71;27;24;9;26;7;19;19;0;0;33;96;37;17856;919;9891
2256;2025;43.5784, 1.40266;100;409;546;257;546;324;111;90;35;101;11;39;26;9;4;32;91;28;17712;919;2721
2257;2025;48.8481, 2.32917;120;441;515;119;291;305;119;93;107;107;6;89;89;0;0;90;90;7;21818;2876;16
2258;2025;49.25, 4.03333;50;72;76;18;40;52;13;8;10;10;1;10;8;2;0;77;77;10;32868;1726;11782
2259;2025;48.0673, -0.76324;40;28;73;18;33;33;23;5;23;23;3;21;19;1;1;100;100;14;14302;1763;70
2260;2025;45.7758, 3.09231;120;895;1245;346;1227;483;120;90;65;107;14;96;91;4;1;54;89;15;7661;2311;5079
2261;2025;48.8452, 2.39666;13;46;61;25;61;36;13;9;4;12;1;9;9;0;0;31;92;11;28825;2838;6607
2262;2025;48.8452, 2.39666;18;149;209;89;209;52;18;15;1;17;1;13;12;0;1;6;94;8;28827;2838;1307
2263;2025;42.30506, 9.15591;100;301;295;82;295;388;57;34;12;46;5;22;12;4;6;21;81;23;13888;3849;6706
2264;2025;48.8452, 2.39666;85;2662;3404;1529;3404;245;85;73;22;84;11;48;43;1;4;26;99;23;15647;2838;156
2265;2025;48.8452, 2.39666;53;875;1116;458;1116;240;52;41;0;44;6;39;37;2;0;0;85;15;9264;2838;3429
2266;2025;44.7966, -0.61747;118;1492;2044;618;2044;486;105;82;16;97;10;83;79;4;0;15;92;12;4420;1013;10674
2267;2025;48.8452, 2.39666;70;2286;3080;1079;3079;302;69;57;4;62;12;42;38;2;2;6;90;29;48614;2838;7287
2268;2025;45.72163, 4.91721;32;408;1462;701;1423;180;35;8;2;30;7;31;25;4;2;6;86;23;35455;2577;5478
2269;2025;45.72162, 4.91723;60;551;2012;875;1960;371;69;23;4;53;11;41;30;9;2;6;77;27;35359;2577;12179
2270;2025;49.0388, 2.0742;15;298;709;314;659;71;18;9;0;18;3;11;11;0;0;0;100;27;48006;3829;2768
2271;2025;47.2366, -1.55504;24;82;531;138;531;230;24;3;13;22;4;17;17;0;0;54;92;24;39126;1506;1848
2272;2025;47.7282, 7.30838;55;96;434;129;412;274;54;10;23;40;13;41;32;5;4;43;74;32;15248;2479;3693
2273;2025;48.8294, 2.38159;120;827;3492;1552;3492;630;120;30;106;110;27;106;100;6;0;88;92;25;47254;2938;6738
2274;2025;46.77632, 4.84611;16;28;233;55;228;85;15;2;10;14;2;14;7;7;0;67;93;14;25226;2657;1528
2275;2025;44.8081, -0.59556;12;127;609;179;210;79;12;6;5;11;1;6;6;0;0;42;92;17;26338;1055;9824
2276;2025;43.6318, 3.865;95;398;2002;876;2002;516;104;18;50;85;10;57;52;2;3;48;82;18;31257;1136;6879
2277;2025;43.1369, 6.01684;96;148;848;294;805;805;150;26;148;150;20;85;67;12;6;99;100;24;20400;3282;11868
2278;2025;45.1915, 5.76534;32;333;564;215;140;135;20;5;1;16;1;8;8;0;0;5;80;12;5017;1318;5921
2279;2025;45.83708, 1.23709;75;103;243;73;237;373;65;19;5;47;8;20;15;2;3;8;72;40;20740;3419;2341
2280;2025;50.6346, 3.02259;72;39;169;46;169;190;42;7;32;36;10;29;29;0;0;76;86;34;12543;2122;6384
2281;2025;14.607, -61.0714;25;7;25;3;25;30;1;0;1;1;0;1;1;0;0;100;100;0;35928;3917;11114
2282;2025;49.09429, 6.23043;12;17;42;8;33;28;11;2;5;11;2;10;10;0;0;45;100;20;43202;1914;8207
2283;2025;43.5194, 5.44036;50;262;1318;473;1307;657;44;3;36;40;8;32;32;0;0;82;91;25;39213;373;3576
2284;2025;43.3053, 5.3791;60;299;1395;545;1381;569;59;8;30;46;15;33;33;0;0;51;78;45;39214;389;3576
2285;2025;43.2326, 5.44085;35;279;1360;521;1347;432;33;7;20;31;9;22;22;0;0;61;94;41;39215;306;3576
2286;2025;43.2326, 5.44085;10;178;581;235;575;115;9;2;1;8;4;6;6;0;0;11;89;67;39217;306;6775
2287;2025;45.72165, 4.91708;17;175;217;109;215;117;21;18;2;21;5;9;3;4;2;10;100;56;35435;2577;1915
2288;2025;45.72162, 4.91725;12;187;222;118;219;116;9;9;0;9;1;4;2;1;1;0;100;25;35269;2577;7279
2289;2025;45.72149, 4.91719;28;220;267;118;264;161;33;28;2;31;8;21;10;4;7;6;94;38;35270;2577;9264
2290;2025;45.72177, 4.91723;17;124;122;53;121;136;19;9;0;16;3;8;5;2;1;0;84;38;35436;2577;7961
2291;2025;45.72163, 4.91722;12;104;105;50;105;109;12;9;3;10;2;5;4;1;0;25;83;40;35272;2577;2312
2292;2025;45.72171, 4.91723;30;187;141;59;140;191;28;22;1;21;8;15;8;3;4;4;75;53;35273;2577;10048
2293;2025;45.72171, 4.91714;41;412;523;139;523;275;42;29;1;36;11;31;22;6;3;2;86;35;35434;2577;1719
2294;2025;45.72174, 4.91725;27;418;497;143;496;276;27;21;0;23;7;11;3;4;4;0;85;64;35266;2577;2101
2295;2025;45.72162, 4.91722;69;604;723;184;722;459;76;65;2;59;18;43;22;14;7;3;78;42;35267;2577;12157
2296;2025;45.72162, 4.91723;8;140;163;48;163;77;12;12;0;12;0;6;5;1;0;0;100;0;35437;2577;7400
2297;2025;45.7216, 4.91718;5;115;137;42;137;54;7;6;0;7;1;3;3;0;0;0;100;33;35275;2577;6846
2298;2025;45.72174, 4.91716;12;182;210;56;210;123;14;11;0;12;2;6;4;1;1;0;86;33;35276;2577;12503
2299;2025;45.72169, 4.91727;4;31;39;16;39;29;6;5;0;6;2;2;0;1;1;0;100;100;35438;2577;7612
2300;2025;45.72166, 4.9172;3;39;33;10;33;41;3;3;0;3;1;1;0;1;0;0;100;100;35278;2577;7753
2301;2025;45.72162, 4.91718;7;46;46;12;46;45;9;8;1;9;2;5;3;2;0;11;100;40;35279;2577;916
2302;2025;45.72171, 4.91718;6;59;77;21;77;46;8;5;2;7;0;5;3;1;1;25;88;0;35433;2577;8115
2303;2025;45.72168, 4.91718;5;85;85;26;85;74;6;3;0;1;1;3;2;1;0;0;17;33;35261;2577;5243
2304;2025;45.72163, 4.91718;12;102;119;37;119;109;15;10;0;10;2;6;4;1;1;0;67;33;35262;2577;8902
2305;2025;45.1906, 5.77419;80;391;568;194;567;358;77;46;31;62;14;42;28;6;8;40;81;33;5082;1318;8960
2306;2025;50.2833, 2.79276;28;87;128;24;128;148;21;10;16;17;3;16;11;4;1;76;81;19;7506;2253;4427
2307;2025;50.2836, 2.79225;45;168;240;50;240;125;45;37;41;45;11;39;39;0;0;91;100;28;7507;2253;5586
2308;2025;50.2836, 2.79225;130;584;708;144;708;643;125;100;60;110;17;89;76;8;5;48;88;19;7508;2253;10856
2309;2025;47.2405, 6.02271;199;647;772;185;771;823;187;131;104;154;23;116;87;17;12;56;82;20;3550;696;7995
2310;2025;43.51478, 5.44706;35;139;166;47;166;174;34;17;9;28;7;18;14;2;2;26;82;39;2744;391;7342
2311;2025;50.7263, 1.60525;72;241;261;52;258;302;45;30;26;38;1;30;27;0;3;58;84;3;15830;2252;6233
2312;2025;51.0392, 2.37202;72;295;391;68;389;371;72;56;53;67;19;57;44;4;9;74;93;33;15833;2093;5527
2313;2025;48.9035, 2.21449;58;180;188;63;188;213;55;39;4;45;6;26;18;8;0;7;82;23;15135;3578;2928
2314;2025;48.9458, 2.36341;25;60;22;12;17;61;21;11;4;12;5;9;2;2;5;19;57;56;28193;3674;9087
2315;2025;48.9458, 2.36341;25;41;8;6;6;43;6;5;0;4;0;1;1;0;0;0;67;0;28186;3674;11129
2316;2025;48.9035, 2.21449;35;128;140;106;140;144;33;22;6;28;2;5;4;1;0;18;85;40;20905;3578;714
2317;2025;48.9035, 2.21449;35;97;38;34;38;106;35;22;6;25;2;3;1;1;1;17;71;67;20903;3578;7098
2318;2025;49.4959, 0.12911;33;200;156;57;64;71;29;25;21;27;5;12;11;1;0;72;93;42;19246;3007;12287
2319;2025;45.42667, 4.3921;30;121;99;32;96;165;27;20;3;13;2;14;3;11;0;11;48;14;5334;1394;11178
2320;2025;43.6926, 7.23694;35;125;121;42;121;144;30;20;12;27;6;17;15;1;1;40;90;35;12819;167;11776
2321;2025;50.3627, 3.52793;50;62;67;14;67;85;17;12;13;16;4;12;10;2;0;76;94;33;7035;2116;8056
2322;2025;49.1208, 6.16161;70;254;271;52;270;308;62;36;5;50;16;36;22;6;8;8;81;44;6610;1928;2856
2323;2025;48.69418, 6.16625;39;230;280;68;279;196;36;26;2;26;6;18;13;3;2;6;72;33;6354;1793;4282
2324;2025;43.6925, 7.23698;45;404;490;222;477;183;45;41;7;36;9;26;19;4;3;16;80;35;22668;167;3747
2325;2025;48.6942, 6.16619;50;275;339;263;326;150;49;43;12;48;2;9;5;4;0;24;98;22;13915;1793;7269
2326;2025;43.6926, 7.23711;40;225;299;96;299;182;44;37;18;44;9;25;18;3;4;41;100;36;22669;167;1564
2327;2025;49.1207, 6.16161;90;227;228;62;226;285;62;45;19;55;12;37;28;7;2;31;89;32;6611;1928;8808
2328;2025;43.9499, 4.81762;145;671;799;174;795;667;145;108;19;124;46;105;54;34;17;13;86;44;10444;3328;1718
2329;2025;45.42673, 4.39215;140;639;736;170;732;667;136;86;10;110;33;88;45;28;15;7;81;38;5335;1394;7116
2330;2025;43.6925, 7.23698;105;790;1000;269;993;516;99;78;34;94;16;63;49;7;7;34;95;25;22666;167;5015
2331;2025;50.3627, 3.52793;120;440;512;116;509;531;111;72;41;93;18;65;48;7;10;37;84;28;7037;2116;5097
2332;2025;49.1207, 6.16183;78;359;453;110;452;349;77;58;4;71;17;56;37;12;7;5;92;30;6603;1928;79
2333;2025;48.69423, 6.16634;145;566;651;161;647;578;142;98;14;122;23;89;64;15;10;10;86;26;6346;1793;9089
2334;2025;43.9499, 4.81762;64;280;268;72;264;375;55;34;31;38;16;29;20;7;2;56;69;55;17985;3328;4894
2335;2025;45.42671, 4.39216;35;197;251;59;248;169;35;28;3;29;8;25;14;5;6;9;83;32;5336;1394;6299
2336;2025;43.6924, 7.23698;60;358;454;157;454;276;56;41;18;50;10;31;19;5;7;32;89;32;22667;167;5448
2337;2025;45.81758, 1.23022;25;95;104;25;103;137;19;13;13;18;5;12;9;2;1;68;95;42;35385;3419;7070
2338;2025;49.1208, 6.16174;62;229;237;74;235;264;58;37;9;38;9;27;20;3;4;16;66;33;6604;1928;10301
2339;2025;48.69429, 6.1663;60;273;280;64;278;267;58;42;3;46;11;34;24;6;4;5;79;32;6347;1793;12127
2340;2025;47.3129, 5.06603;24;243;323;111;316;107;25;18;8;25;6;20;17;1;2;32;100;30;44150;598;5063
2341;2025;48.69435, 6.16634;12;39;38;9;38;44;8;7;3;8;1;5;3;2;0;38;100;20;6345;1793;571
2342;2025;45.42672, 4.39218;45;138;107;31;107;187;43;23;5;28;3;12;8;2;2;12;65;25;5344;1394;11091
2343;2025;43.6925, 7.23698;30;120;139;44;139;128;29;17;10;22;7;14;5;5;4;34;76;50;22670;167;15
2344;2025;43.69345, 7.23689;45;225;300;102;300;163;47;39;18;47;12;24;17;5;2;38;100;50;22671;167;3874
2345;2025;48.69435, 6.16621;40;157;169;42;167;170;34;23;5;26;8;20;12;5;3;15;76;40;6348;1793;3785
2346;2025;48.9458, 2.36341;32;112;81;33;79;124;27;18;4;18;3;8;5;2;1;15;67;38;28176;3674;11055
2347;2025;45.81733, 1.2312;25;59;68;20;67;95;9;3;4;7;1;6;5;0;1;44;78;17;10714;3419;12062
2348;2025;48.9458, 2.36341;70;319;413;215;383;212;66;44;36;58;18;32;15;17;0;55;88;56;28092;3674;3397
2349;2025;48.9458, 2.36341;32;304;398;161;393;160;31;22;3;24;5;15;7;3;5;10;77;33;28174;3674;4553
2350;2025;48.9458, 2.36341;122;1076;1414;459;1395;631;119;85;12;105;19;65;45;11;9;10;88;29;28075;3674;5888
2351;2025;4.93198, -52.30111;40;208;262;36;262;206;38;27;23;33;13;32;21;5;6;61;87;41;44442;3938;10723
2352;2025;45.81694, 1.23013;120;451;554;94;553;615;103;68;76;79;20;70;48;14;8;74;77;29;10708;3419;3433
2353;2025;43.1368, 6.01776;195;744;650;150;650;944;189;137;56;124;35;114;55;32;27;30;66;31;20410;3282;2434
2354;2025;48.9458, 2.36341;32;197;213;81;207;180;30;23;0;15;2;12;4;4;4;0;50;17;28100;3674;479
2355;2025;43.1369, 6.01684;70;273;224;65;224;367;52;34;13;34;10;25;16;4;5;25;65;40;20411;3282;1413
2356;2025;48.9458, 2.36341;32;115;113;38;113;118;29;22;9;24;2;11;4;4;3;31;83;18;28168;3674;11762
2357;2025;48.9458, 2.36341;25;129;166;59;163;130;22;15;3;16;2;11;6;0;5;14;73;18;28170;3674;8237
2358;2025;50.6967, 3.16523;60;189;206;53;206;275;43;22;9;23;9;25;17;5;3;21;53;36;15720;2121;12060
2359;2025;50.6969, 3.16526;75;371;441;132;441;367;75;54;21;64;17;45;35;6;4;28;85;38;7146;2121;447
2360;2025;50.697, 3.16544;360;1276;1308;329;1308;1609;357;255;121;258;50;189;130;44;15;34;72;26;15721;2121;6910
2361;2025;48.12162, -1.70445;40;184;219;69;218;207;30;15;6;24;1;13;8;3;2;20;80;8;23328;1176;632
2362;2025;48.12162, -1.70445;40;83;108;25;108;118;17;8;14;17;6;13;11;1;1;82;100;46;4747;1176;5956
2363;2025;48.5134, -2.7417;80;247;302;43;301;298;64;43;24;56;6;51;37;9;5;38;88;12;15503;636;12113
2364;2025;50.6971, 3.16548;80;395;442;129;442;406;80;62;23;66;15;41;34;5;2;29;82;37;15722;2121;6831
2365;2025;50.6969, 3.16526;55;135;131;56;131;202;49;31;25;41;6;19;16;1;2;51;84;32;15723;2121;150
2366;2025;50.6969, 3.16544;30;72;68;13;68;107;12;8;6;9;0;6;6;0;0;50;75;0;15727;2121;5066
2367;2025;4.93185, -52.3019;50;152;165;35;165;179;45;34;35;40;22;37;24;3;10;78;89;59;11873;3938;3994
2368;2025;50.6969, 3.16535;55;180;184;54;184;259;38;28;24;30;6;14;11;2;1;63;79;43;15726;2121;11240
2369;2025;50.697, 3.16543;55;161;172;48;172;249;40;20;20;32;6;22;18;2;2;50;80;27;15724;2121;2636
2370;2025;50.697, 3.16531;30;67;68;20;68;105;5;3;2;4;0;3;2;0;1;40;80;0;15725;2121;8428
2371;2025;47.8502, 1.93351;30;133;132;37;130;179;27;15;11;15;3;10;7;2;1;41;56;30;42885;1531;10703
2372;2025;43.31626, -0.36509;30;43;49;12;49;66;12;10;5;10;2;4;3;1;0;42;83;50;15192;2358;12302
2373;2025;46.5705, 0.38188;40;132;153;41;153;209;31;18;12;23;3;16;8;5;3;39;74;19;23573;3390;3769
2374;2025;47.8502, 1.93351;120;553;727;160;725;579;119;83;41;95;29;95;55;26;14;34;80;31;42884;1531;13
2375;2025;43.31626, -0.36509;105;357;428;74;427;464;103;67;53;84;14;65;49;11;5;51;82;22;18027;2358;7614
2376;2025;46.5704, 0.38195;120;477;564;90;564;653;116;74;76;92;20;70;57;9;4;66;79;29;23569;3390;1448
2377;2025;46.5706, 0.38193;15;71;80;16;80;89;11;10;8;11;1;7;7;0;0;73;100;14;23570;3390;1311
2378;2025;47.8502, 1.93351;110;533;829;264;826;534;101;58;25;97;20;64;49;10;5;25;96;31;42887;1531;6515
2379;2025;46.5705, 0.38199;40;178;236;50;236;241;38;27;36;37;7;25;21;3;1;95;97;28;23572;3390;12486
2380;2025;46.5705, 0.38199;55;212;272;62;272;332;52;31;37;44;7;31;28;0;3;71;85;23;23571;3390;11505
2381;2025;47.3135, 5.06422;47;158;146;37;144;200;43;28;17;30;3;19;14;4;1;40;70;16;3259;598;4667
2382;2025;44.93407, 4.90294;15;39;43;13;43;61;10;5;5;8;1;4;2;2;0;50;80;25;3670;725;10732
2383;2025;45.19077, 5.77407;20;66;79;29;79;94;14;7;6;8;2;6;5;1;0;43;57;33;5069;1318;6432
2384;2025;48.8396, 2.58732;45;112;92;24;92;179;43;21;8;35;7;18;9;7;2;19;81;39;9920;3098;2709
2385;2025;45.74818, 4.86046;37;173;223;71;221;156;36;27;5;34;6;22;21;0;1;14;94;27;43376;2580;8120
2386;2025;43.6308, 3.87033;45;161;134;50;134;220;48;25;5;28;10;17;5;8;4;10;58;59;4574;1100;134
2387;2025;48.8481, 2.32917;30;68;64;17;58;76;13;9;3;7;0;8;8;0;0;23;54;0;21848;2876;7160
2388;2025;45.74818, 4.86046;5;12;18;7;18;16;5;2;0;5;0;3;3;0;0;0;100;0;47726;2580;7345
2389;2025;45.19073, 5.77421;20;59;60;28;60;81;17;13;7;9;2;6;3;2;1;41;53;33;12310;1318;3766
2390;2025;45.1908, 5.77411;15;106;128;66;127;55;15;13;9;11;3;5;3;2;0;60;73;60;5052;1318;4707
2391;2025;45.74818, 4.86046;60;351;445;227;425;250;60;46;10;60;17;31;21;9;1;17;100;55;43377;2580;232
2392;2025;43.6308, 3.87033;85;452;566;236;566;347;106;80;26;89;37;59;29;19;11;25;84;63;4575;1100;168
2393;2025;45.74818, 4.86046;35;313;386;146;378;142;35;29;3;32;9;30;27;3;0;9;91;30;43378;2580;9967
2394;2025;45.1905, 5.77469;40;219;257;104;257;187;36;30;23;30;9;18;12;5;1;64;83;50;5081;1318;2427
2395;2025;45.1908, 5.77411;15;62;56;20;56;69;9;6;3;5;0;2;2;0;0;33;56;0;5053;1318;6638
2396;2025;45.74818, 4.86046;65;266;312;132;298;274;62;50;6;57;7;36;24;6;6;10;92;19;43379;2580;7423
2397;2025;43.6308, 3.87033;130;440;460;164;460;539;167;117;36;147;34;83;62;9;12;22;88;41;4576;1100;5247
2398;2025;45.74818, 4.86046;30;262;325;98;319;120;30;26;6;28;6;26;24;1;1;20;93;23;43380;2580;3164
2399;2025;45.74818, 4.86046;5;27;24;9;24;27;5;4;0;5;0;3;3;0;0;0;100;0;47729;2580;6949
2400;2025;45.1918, 5.76752;30;179;221;70;221;190;30;24;30;30;5;20;15;2;3;100;100;25;17890;1318;482
2401;2025;45.74818, 4.86046;40;933;1048;419;1038;135;41;37;11;41;8;28;28;0;0;27;100;29;43381;2580;12565
2402;2025;45.74818, 4.86046;28;316;365;155;358;95;32;29;4;32;4;21;16;5;0;12;100;19;47568;2580;8071
2403;2025;47.3135, 5.06425;145;666;847;222;841;693;143;100;39;125;27;100;70;25;5;27;87;27;3251;598;11700
2404;2025;44.9342, 4.90341;70;311;386;88;383;401;69;53;56;56;11;43;25;11;7;81;81;26;3667;725;3978
2405;2025;45.1908, 5.77415;160;755;850;225;848;915;132;102;90;91;21;79;51;20;8;68;69;27;5070;1318;4558
2406;2025;48.8396, 2.58732;130;735;1001;290;996;531;126;93;61;112;21;115;89;21;5;48;89;18;9916;3098;3202
2407;2025;45.74818, 4.86046;177;1377;1769;499;1742;700;176;140;27;158;38;136;127;8;1;15;90;28;43382;2580;5884
2408;2025;43.6308, 3.87033;190;1412;1776;498;1776;1058;240;173;24;209;62;156;114;30;12;10;87;40;4579;1100;4349
2409;2025;48.8481, 2.32917;90;429;315;84;264;333;82;63;16;64;8;61;55;3;3;20;78;13;19907;2876;6140
2410;2025;45.74818, 4.86046;20;113;129;47;126;73;20;16;5;18;4;9;9;0;0;25;90;44;47569;2580;9675
2411;2025;16.0264, -61.6953;120;396;459;72;459;411;83;62;18;77;28;70;59;10;1;22;93;40;19511;3882;8420
2412;2025;50.697, 3.16535;25;175;140;65;26;58;23;16;8;15;1;6;6;0;0;35;65;17;26350;2121;3291
2413;2025;43.6308, 3.87033;10;60;60;22;60;60;11;9;1;10;1;3;3;0;0;9;91;33;4580;1100;444
2414;2025;47.3135, 5.06427;14;83;106;31;103;44;14;10;10;13;3;11;10;1;0;71;93;27;3256;598;5385
2415;2025;45.1908, 5.7742;65;295;293;84;293;330;61;50;33;47;9;31;22;9;0;54;77;29;5054;1318;1572
2416;2025;45.74818, 4.86046;58;347;416;121;412;227;58;47;16;58;12;41;35;6;0;28;100;29;43383;2580;9322
2417;2025;43.6308, 3.87033;65;328;319;102;319;363;82;62;10;66;21;48;34;6;8;12;80;44;4583;1100;9870
2418;2025;45.1914, 5.77276;15;76;126;50;126;58;12;5;7;11;2;7;3;2;2;58;92;29;5055;1318;6171
2419;2025;45.74818, 4.86046;78;602;901;344;901;271;78;53;19;76;9;43;35;6;2;24;97;21;43384;2580;8554
2420;2025;45.74818, 4.86046;16;266;344;126;344;95;15;12;0;12;4;10;6;4;0;0;80;40;47724;2580;7006
2421;2025;-20.9017, 55.4852;30;278;341;82;341;167;38;34;8;38;13;23;18;4;1;21;100;57;26326;3958;2165
2422;2025;45.74818, 4.86046;33;110;59;17;59;162;31;19;4;15;4;9;6;2;1;13;48;44;43385;2580;8839
2423;2025;45.74818, 4.86046;18;91;117;41;117;69;18;13;3;16;2;7;7;0;0;17;89;29;43387;2580;2213
2424;2025;43.6308, 3.87033;50;212;226;67;226;250;65;45;11;54;13;29;18;3;8;17;83;45;4581;1100;5932
2425;2025;45.74818, 4.86046;16;97;125;39;125;71;16;12;2;14;1;11;11;0;0;12;88;9;43388;2580;12394
2426;2025;47.3135, 5.06425;35;90;106;38;106;126;35;20;16;31;7;16;12;4;0;46;89;44;3258;598;902
2427;2025;45.1914, 5.7729;15;59;78;23;78;83;3;1;2;3;2;2;1;1;0;67;100;100;5058;1318;6903
2428;2025;45.74818, 4.86046;40;127;168;55;168;142;39;23;11;34;12;26;20;1;5;28;87;46;43389;2580;3489
2429;2025;43.6308, 3.87033;65;285;294;85;294;336;74;51;12;59;17;42;32;4;6;16;80;40;4582;1100;2502
2430;2025;45.74818, 4.86046;36;155;196;52;196;168;36;21;2;30;8;20;11;6;3;6;83;40;43390;2580;10467
2431;2025;45.74818, 4.86046;12;56;52;19;52;62;10;6;0;10;1;4;2;1;1;0;100;25;47725;2580;8177
2432;2025;45.19074, 5.77446;25;138;153;45;153;163;23;14;12;17;3;14;11;3;0;52;74;21;5083;1318;12028
2433;2025;49.237, 4.00044;60;129;140;24;140;170;20;17;11;16;6;15;13;2;0;55;80;40;6129;1707;9879
2434;2025;48.9571, 2.33972;60;550;721;233;718;269;55;40;1;47;14;42;28;9;5;2;85;33;35464;3658;10798
2435;2025;49.237, 4.00044;210;626;649;161;649;785;192;135;61;133;32;107;79;19;9;32;69;30;6130;1707;3736
2436;2025;49.1889, -0.36388;75;110;141;33;140;168;35;21;25;28;8;23;20;2;1;71;80;35;2887;420;12246
2437;2025;45.7758, 3.09231;20;89;97;21;86;73;13;10;9;11;2;11;11;0;0;69;85;18;7635;2311;7031
2438;2025;45.7758, 3.09229;20;137;166;66;160;79;20;13;11;19;6;11;7;4;0;55;95;55;15455;2311;9301
2439;2025;46.8098, 1.69042;30;113;117;19;117;150;22;11;19;20;6;15;8;3;4;86;91;40;12132;1220;6692
2440;2025;45.7762, 3.09298;25;161;210;62;206;121;24;20;9;20;0;20;18;1;1;38;83;0;15454;2311;2041
2441;2025;46.8098, 1.69042;40;179;183;23;183;243;35;16;17;23;9;25;13;8;4;49;66;36;4811;1220;8933
2442;2025;49.1889, -0.36388;230;761;907;176;907;976;225;147;113;183;33;147;102;30;15;50;81;22;2888;420;7090
2443;2025;42.6846, 2.89905;95;465;553;129;553;452;92;58;12;76;26;53;31;18;4;13;83;49;7873;2389;1622
2444;2025;45.7758, 3.09235;65;504;651;139;617;298;65;48;30;60;14;54;49;5;0;46;92;26;7636;2311;4936
2445;2025;49.1889, -0.36388;75;237;260;64;260;313;74;43;36;62;8;44;33;7;4;49;84;18;2889;420;5139
2446;2025;45.7758, 3.09231;15;130;146;32;121;69;14;10;4;14;2;7;6;1;0;29;100;29;7634;2311;7859
2447;2025;45.7759, 3.09229;15;86;96;23;92;66;15;13;5;12;2;11;9;2;0;33;80;18;7631;2311;826
2448;2025;49.1889, -0.36388;75;158;192;42;192;244;44;25;24;39;7;26;22;2;2;55;89;27;2890;420;2067
2449;2025;45.7758, 3.09235;15;82;106;29;105;60;15;10;6;12;5;10;10;0;0;40;80;50;15453;2311;8181
2450;2025;42.30511, 9.15597;30;134;164;26;164;143;24;19;16;21;7;18;13;4;1;67;88;39;13873;3849;11493
2451;2025;42.305, 9.1559;30;82;93;23;93;104;22;12;11;22;6;15;9;1;5;50;100;40;35468;3849;11959
2452;2025;48.9035, 2.21449;21;406;505;247;505;83;21;18;3;14;3;8;4;1;3;14;67;38;15136;3578;11029
2453;2025;48.9458, 2.36341;27;197;250;112;242;149;25;18;2;19;4;7;1;4;2;8;76;57;28198;3674;4214
2454;2025;48.9458, 2.36341;25;106;90;37;84;108;22;18;4;14;2;5;2;1;2;18;64;40;28199;3674;10734
2455;2025;48.8265, 2.38277;10;96;125;37;88;45;10;7;1;9;1;8;8;0;0;10;90;12;47202;2938;7494
2456;2025;48.8265, 2.38277;20;865;1074;339;600;71;20;19;5;18;5;15;15;0;0;25;90;33;47201;2938;3137
2457;2025;47.2447, -1.55113;190;1139;1481;364;1481;1481;220;153;216;220;46;138;87;34;17;98;100;33;5567;1506;7865
2458;2025;48.9035, 2.21449;58;484;640;229;640;216;55;44;5;54;11;38;22;7;9;9;98;29;12169;3578;10836
2459;2025;47.4954, 6.80407;60;229;252;62;250;240;59;46;8;40;19;36;17;11;8;14;68;53;16915;691;9795
2460;2025;47.24571, -1.54928;145;1307;1911;403;1911;938;147;109;146;147;36;113;90;16;7;99;100;32;43317;1506;551
2461;2025;46.6773, -1.40623;115;570;742;141;742;785;107;69;94;94;16;76;59;6;11;88;88;21;10563;3362;9882
2462;2025;48.9035, 2.21449;170;1565;2069;652;2069;687;169;136;23;159;33;129;88;21;20;14;94;26;11104;3578;9061
2463;2025;43.6308, 3.87033;45;169;118;45;118;216;56;46;11;44;11;19;7;5;7;20;79;58;4573;1100;663
2464;2025;43.6308, 3.87033;13;49;21;7;21;64;17;12;3;13;4;8;3;3;2;18;76;50;4590;1100;8969
2465;2025;43.6308, 3.87033;22;123;56;26;56;155;21;17;0;7;6;11;1;5;5;0;33;55;4578;1100;6448
2466;2025;43.6308, 3.87033;27;142;131;41;131;166;32;21;1;18;8;15;5;6;4;3;56;53;4577;1100;363
2467;2025;48.9458, 2.36341;27;96;35;12;35;89;22;18;2;14;2;6;1;4;1;9;64;33;28213;3674;3042
2468;2025;48.9458, 2.36341;32;140;94;25;94;137;27;16;3;15;4;13;5;3;5;11;56;31;28214;3674;11775
2469;2025;46.5705, 0.382;5;23;24;7;24;38;0;0;0;0;0;0;0;0;0;0;0;0;23577;3390;4387
2470;2025;46.5706, 0.38196;5;18;13;4;13;24;2;1;0;2;1;2;0;1;1;0;100;50;23574;3390;370
2471;2025;46.5706, 0.38199;15;83;59;13;59;97;10;9;5;7;1;4;3;0;1;50;70;25;23576;3390;12465
2472;2025;46.5705, 0.38186;5;18;27;8;27;27;6;2;6;6;1;5;4;0;1;100;100;20;23575;3390;3781
2473;2025;48.9035, 2.21449;130;766;1022;622;1022;487;126;95;25;111;9;41;26;9;6;20;88;22;20904;3578;9260
2474;2025;48.9035, 2.21449;15;41;52;14;52;48;15;11;2;14;3;7;2;2;3;13;93;43;15137;3578;5950
2475;2025;48.9035, 2.21449;35;193;262;75;262;153;34;20;3;31;5;27;20;3;4;9;91;19;15139;3578;2906
2476;2025;48.9458, 2.36341;25;79;12;7;12;68;15;11;0;4;3;4;1;2;1;0;27;75;28218;3674;6450
2477;2025;48.8452, 2.39666;60;353;464;152;453;236;60;50;29;53;15;49;43;5;1;48;88;31;9241;2838;8985
2478;2025;48.8452, 2.39666;70;382;471;182;459;195;70;55;32;62;13;49;47;1;1;46;89;27;9248;2838;10976
2479;2025;48.8452, 2.39666;200;2506;3168;926;3131;621;200;176;93;191;39;172;164;6;2;46;96;23;9245;2838;9435
2480;2025;48.8452, 2.39666;40;218;282;113;279;97;40;28;20;37;5;31;30;1;0;50;92;16;9247;2838;701
2481;2025;48.8834, 2.3101;45;645;217;96;91;118;31;27;7;27;4;17;13;3;1;23;87;24;13980;2933;4203
2482;2025;48.8834, 2.30954;70;1379;1775;517;730;251;68;60;8;66;9;47;46;1;0;12;97;19;15252;2933;1389
2483;2025;48.8833, 2.31026;185;1744;797;299;407;465;183;140;41;165;27;105;88;12;5;22;90;26;9289;2933;12614
2484;2025;43.5784, 1.40266;625;2933;4167;1141;4145;1978;663;431;128;611;145;459;348;72;39;19;92;32;4155;919;5105
2485;2025;47.3962, 0.68187;35;137;134;29;134;180;32;21;14;28;4;18;14;2;2;44;88;22;24043;1238;10086
2486;2025;47.3962, 0.68183;40;195;262;78;260;198;39;30;26;37;8;30;28;2;0;67;95;27;24438;1238;195
2487;2025;47.3962, 0.68187;170;790;961;213;957;878;169;121;76;161;26;118;84;20;14;45;95;22;24048;1238;5213
2488;2025;47.3962, 0.6818;40;200;213;70;211;222;39;28;16;24;2;11;7;2;2;41;62;18;24047;1238;2154
2489;2025;48.8452, 2.39666;30;571;705;357;656;74;30;29;20;27;13;20;19;1;0;67;90;65;9235;2838;805
2490;2025;48.8452, 2.39666;70;308;379;124;374;208;69;58;22;68;12;55;48;7;0;32;99;22;9234;2838;12599
2491;2025;48.8452, 2.39666;30;149;202;70;198;78;29;20;25;27;6;24;22;1;1;86;93;25;9232;2838;10849
2492;2025;48.3919, -4.48835;80;89;101;21;101;122;16;12;12;13;3;8;7;1;0;75;81;38;3872;813;6731
2493;2025;48.3924, -4.48864;120;205;190;50;190;260;50;36;36;47;6;31;25;2;4;72;94;19;28761;813;2221
2494;2025;48.5612, -3.1642;45;94;108;12;108;113;4;3;3;3;0;3;1;0;2;75;75;0;3379;634;10983
2495;2025;43.51478, 5.44706;52;202;172;50;172;257;36;20;10;27;0;16;11;4;1;28;75;0;2737;391;2551
2496;2025;47.743, -3.38495;40;59;70;5;70;77;10;9;8;9;3;7;6;0;1;80;90;43;6504;1865;5747
2497;2025;43.51478, 5.44706;70;524;640;286;637;357;67;61;16;49;16;33;20;6;7;24;73;48;2738;391;9230
2498;2025;43.51478, 5.44706;60;295;345;102;345;286;57;43;19;44;14;34;27;7;0;33;77;41;2739;391;10181
2499;2025;43.51478, 5.44706;50;624;713;288;713;198;49;44;15;41;10;35;29;4;2;31;84;29;20513;391;10815
2500;2025;43.51478, 5.44706;343;1380;1548;424;1542;1625;337;225;107;263;61;193;117;51;25;32;78;32;2740;391;967
2501;2025;47.7429, -3.38507;115;399;482;64;482;503;76;54;37;67;12;56;42;7;7;49;88;21;16856;1865;2612
2502;2025;45.558, 5.91097;10;53;43;16;31;29;5;5;3;4;1;2;2;0;0;60;80;50;15005;2718;8144
2503;2025;43.51478, 5.44706;105;475;440;111;435;587;92;61;21;70;15;42;29;9;4;23;76;36;2741;391;270
2504;2025;43.51478, 5.44706;70;427;628;224;627;363;68;40;19;48;8;36;31;1;4;28;71;22;2742;391;7358
2505;2025;43.51478, 5.44706;35;165;147;52;147;167;33;28;5;25;11;21;10;3;8;15;76;52;20509;391;2406
2506;2025;45.558, 5.91097;30;72;85;22;84;98;21;10;9;18;1;14;12;1;1;43;86;7;8807;2718;2371
2507;2025;45.558, 5.91097;100;385;498;113;495;383;99;70;25;92;8;73;55;16;2;25;93;11;8808;2718;9587
2508;2025;45.558, 5.91097;60;241;220;43;219;235;45;36;7;32;5;27;19;5;3;16;71;19;8809;2718;3583
2509;2025;46.1476, -1.15511;70;650;754;247;752;193;70;64;20;69;12;63;61;2;0;29;99;19;14680;504;1227
2510;2025;46.1476, -1.15511;105;357;424;104;424;436;96;70;53;82;14;70;50;15;5;55;85;20;3072;504;6374
2511;2025;46.1476, -1.15511;140;527;653;114;653;487;131;103;95;120;14;106;91;13;2;73;92;13;3076;504;6849
2512;2025;46.1476, -1.15511;35;99;97;29;97;134;32;23;21;26;4;17;12;4;1;66;81;24;3075;504;8280
2513;2025;48.12162, -1.70445;285;1167;1418;293;1417;1160;249;180;55;212;38;162;106;39;17;22;85;23;13990;1176;6004
2514;2025;48.12162, -1.70445;40;115;114;41;114;128;23;20;13;19;4;13;4;4;5;57;83;31;18134;1176;1133
2515;2025;48.12162, -1.70445;40;33;31;9;31;51;14;11;6;11;0;3;1;0;2;43;79;0;18136;1176;6400
2516;2025;48.7885, 2.44418;240;1102;1448;452;1442;1161;297;204;293;297;67;154;108;46;0;99;100;44;11494;3732;3120
2517;2025;48.6269, 2.5607;72;401;550;154;549;327;71;52;42;68;9;55;29;23;3;59;96;16;9936;3091;4711
2518;2025;43.5954, 1.44301;20;28;37;13;37;44;2;1;0;0;0;1;1;0;0;0;0;0;4092;903;5218
2519;2025;45.1918, 5.76752;10;38;30;11;29;33;4;4;3;4;0;3;3;0;0;75;100;0;35458;1318;12384
2520;2025;50.6326, 3.04654;100;102;116;27;115;134;13;10;9;12;1;9;8;0;1;69;92;11;33588;2014;8512
2521;2025;50.6326, 3.04654;240;438;455;103;455;536;52;43;36;44;4;37;35;0;2;69;85;11;33589;2014;3613
2522;2025;49.0388, 2.07414;30;90;112;32;112;136;29;14;3;25;4;13;7;4;2;10;86;31;11635;3830;9569
2523;2025;49.0388, 2.07414;32;234;245;79;172;149;32;28;16;29;7;28;27;1;0;50;91;25;11630;3830;10708
2524;2025;49.0388, 2.07414;153;916;1241;333;1239;621;157;119;82;157;27;109;92;12;5;52;100;25;11644;3830;7496
2525;2025;49.0388, 2.07414;65;735;590;243;300;274;64;45;38;60;11;41;34;2;5;59;94;27;11636;3830;11339
2526;2025;48.579, 7.7663;45;252;322;94;322;225;44;37;33;42;6;31;22;4;5;75;95;19;43318;2450;1146
2527;2025;48.579, 7.7663;60;305;368;99;367;237;60;54;50;54;12;43;39;3;1;83;90;28;43319;2450;5119
2528;2025;48.579, 7.7663;5;54;71;28;71;25;5;5;1;4;0;3;3;0;0;20;80;0;43326;2450;5434
2529;2025;48.579, 7.7663;10;75;95;27;94;32;10;7;1;10;5;7;6;0;1;10;100;71;43321;2450;6883
2530;2025;48.579, 7.7663;75;494;610;189;608;246;73;65;7;70;10;58;51;4;3;10;96;17;43320;2450;3547
2531;2025;48.579, 7.7663;50;405;620;218;619;177;49;34;8;48;11;34;30;2;2;16;98;32;43323;2450;7766
2532;2025;48.579, 7.7663;5;82;109;44;109;30;5;4;0;5;2;3;1;0;2;0;100;67;43325;2450;4316
2533;2025;48.579, 7.7663;35;155;228;76;227;131;35;24;4;33;10;22;17;1;4;11;94;45;43322;2450;6227
2534;2025;48.579, 7.7663;10;96;129;45;129;42;10;9;1;8;1;9;8;0;1;10;80;11;43324;2450;734
2535;2025;48.579, 7.7663;50;255;365;212;359;235;49;32;20;37;4;14;10;3;1;41;76;29;8031;2450;1996
2536;2025;48.7885, 2.44418;85;222;197;58;195;296;83;44;12;63;15;36;16;13;7;14;76;42;15637;3732;4168
2537;2025;43.5954, 1.44301;70;255;260;75;260;329;46;32;22;31;2;25;19;5;1;48;67;8;4090;903;2933
2538;2025;47.73, 7.31131;35;121;158;42;158;134;35;21;5;34;6;22;11;6;5;14;97;27;8152;2479;3504
2539;2025;47.73, 7.31132;20;101;130;42;130;83;20;17;4;15;6;13;8;1;4;20;75;46;20733;2479;5317
2540;2025;47.7299, 7.3114;10;64;81;21;80;39;10;9;0;9;3;8;5;3;0;0;90;38;20734;2479;7442
2541;2025;47.7299, 7.31147;20;56;60;20;59;82;19;10;3;15;2;9;4;5;0;16;79;22;20735;2479;5789
2542;2025;47.73, 7.31137;10;62;66;19;64;61;10;5;0;9;2;3;0;2;1;0;90;67;20736;2479;4868
2543;2025;47.7299, 7.3115;10;43;24;15;22;51;9;4;0;4;1;3;0;3;0;0;44;33;20993;2479;8788
2544;2025;44.7966, -0.61747;75;200;173;41;171;310;66;37;32;47;10;34;28;4;2;48;71;29;4412;1013;5720
2545;2025;44.7966, -0.61747;85;322;418;160;416;416;83;58;81;82;19;49;30;8;11;98;99;39;4402;1013;936
2546;2025;44.7966, -0.61747;40;136;109;24;108;197;39;21;12;29;7;21;13;6;2;31;74;33;47374;1013;1294
2547;2025;44.7966, -0.61747;145;546;480;148;476;706;141;108;67;108;20;73;57;12;4;48;77;27;4418;1013;4190
2548;2025;44.7966, -0.61747;40;740;855;310;850;141;40;36;20;38;3;20;17;1;2;50;95;15;21485;1013;819
2549;2025;44.7966, -0.61747;400;1699;2205;519;2198;2198;428;307;423;427;76;299;235;41;23;99;100;25;4403;1013;12265
2550;2025;44.208, 0.62712;80;396;372;73;370;506;59;41;32;48;13;40;27;8;5;54;81;32;23329;1576;10626
2551;2025;44.7966, -0.61747;40;285;366;126;365;151;38;25;17;34;4;28;22;5;1;45;89;14;4417;1013;5773
2552;2025;44.7966, -0.61747;130;501;766;270;764;486;126;80;113;116;18;79;65;10;4;90;92;23;4397;1013;9579
2553;2025;44.7966, -0.61747;40;220;247;70;246;263;38;34;28;29;4;22;14;5;3;74;76;18;4404;1013;5880
2554;2025;44.7966, -0.61747;85;273;288;83;287;418;82;50;43;66;7;39;29;3;7;52;80;18;4414;1013;5159
2555;2025;50.6326, 3.04654;100;166;210;47;207;218;21;17;20;21;3;15;11;2;2;95;100;20;12634;2014;7704
2556;2025;50.6326, 3.04654;240;644;681;141;680;769;84;69;71;80;7;57;43;7;7;85;95;12;12636;2014;6922
2557;2025;48.8265, 2.38277;37;428;525;218;316;113;37;35;5;33;5;28;26;0;2;14;89;18;47252;2938;7053
2558;2025;48.8265, 2.38277;30;735;1029;470;400;85;29;25;7;29;2;19;19;0;0;24;100;11;47251;2938;9523
2559;2025;48.9035, 2.21449;20;142;191;69;191;83;20;14;1;18;2;9;5;4;0;5;90;22;15140;3578;585
2560;2025;48.9035, 2.21449;20;159;211;58;211;102;20;13;0;16;3;12;9;3;0;0;80;25;15141;3578;6526
2561;2025;48.9035, 2.21449;20;92;108;34;108;83;20;16;4;18;3;14;10;3;1;20;90;21;11094;3578;6566
2562;2025;47.2446, -1.55143;215;964;985;238;985;1172;214;162;109;173;38;120;72;27;21;51;81;32;5569;1506;196
2563;2025;45.72173, 4.91728;7;30;20;6;20;37;7;5;0;5;0;3;2;0;1;0;71;0;35439;2577;11558
2564;2025;45.72173, 4.91728;2;11;10;4;10;12;3;2;0;3;0;1;1;0;0;0;100;0;35282;2577;10007
2565;2025;45.72168, 4.91716;12;118;147;55;145;113;13;9;1;10;2;4;3;1;0;8;77;50;35440;2577;6302
2566;2025;45.72171, 4.91722;110;636;679;222;675;653;111;87;2;84;20;65;32;17;16;2;76;31;35284;2577;5742
2567;2025;45.72166, 4.91718;9;152;194;59;192;78;14;8;1;14;2;10;9;1;0;7;100;20;35285;2577;10035
2568;2025;45.72169, 4.91723;45;712;936;275;933;272;45;38;2;42;5;36;30;3;3;4;93;14;35286;2577;11763
2569;2025;45.72166, 4.91724;29;222;267;65;267;198;33;25;0;28;5;18;12;5;1;0;85;28;35441;2577;6239
2570;2025;45.72169, 4.91729;29;120;93;26;93;151;32;24;4;23;5;12;8;2;2;12;72;42;35290;2577;446
2571;2025;45.72165, 4.9172;2;37;45;12;44;28;4;4;0;2;0;2;1;1;0;0;50;0;35501;2577;5588
2572;2025;45.72166, 4.91722;4;36;40;18;39;34;5;4;1;3;2;3;0;2;1;20;60;67;35292;2577;9580
2573;2025;46.5701, 0.38172;35;477;654;97;653;132;38;30;38;38;7;37;37;0;0;100;100;19;28741;3390;905
2574;2025;46.57, 0.38174;45;257;306;39;306;144;45;37;31;44;9;42;42;0;0;69;98;21;28742;3390;1505
2575;2025;48.9571, 2.33972;120;578;794;278;789;557;108;71;9;94;22;59;47;5;7;8;87;37;11257;3658;6704
2576;2025;50.62895, 3.12601;350;1856;2468;656;2468;1802;346;251;176;329;73;227;191;19;17;51;95;32;7072;2121;7603
2577;2025;43.8423, 4.35646;500;904;885;252;885;1227;200;126;60;155;37;95;56;23;16;30;78;39;4016;876;8636
2578;2025;48.12162, -1.70445;300;1422;1746;465;1742;1317;294;205;70;249;37;154;121;21;12;24;85;24;4751;1176;149
2579;2025;49.4583, 1.06895;360;1163;1387;319;1384;1634;336;218;238;285;47;209;160;27;22;71;85;22;9685;2988;9647
2580;2025;50.2836, 2.79225;173;704;966;189;965;671;173;126;108;171;37;143;133;6;4;62;99;26;7510;2253;4100
2581;2025;50.62893, 3.12637;180;501;493;136;493;638;97;72;57;79;19;51;39;8;4;59;81;37;7075;2121;8772
2582;2025;43.8423, 4.35646;300;303;244;67;244;399;52;35;18;37;14;26;11;7;8;35;71;54;4015;876;11226
2583;2025;50.3627, 3.52793;70;181;196;40;195;219;33;28;20;30;5;19;15;2;2;61;91;26;7033;2116;7890
2584;2025;47.2405, 6.02271;80;44;35;9;35;53;6;4;4;6;1;2;2;0;0;67;100;50;3552;696;9109
2585;2025;50.6292, 3.12408;40;127;106;32;106;138;21;15;10;15;4;9;6;2;1;48;71;44;7077;2121;7128
2586;2025;43.51478, 5.44706;70;254;240;137;240;279;67;57;13;50;10;17;6;7;4;19;75;59;2733;391;7013
2587;2025;43.51478, 5.44706;20;63;55;15;55;89;12;6;3;7;1;5;4;0;1;25;58;20;2736;391;4139
2588;2025;50.6277, 3.12462;35;46;39;20;39;72;14;6;3;5;1;1;1;0;0;21;36;100;7079;2121;12511
2589;2025;50.62891, 3.12656;30;61;57;18;57;89;10;5;6;8;0;4;2;2;0;60;80;0;7081;2121;6919
2590;2025;50.6294, 3.12626;25;71;66;27;66;110;18;10;8;10;2;2;1;1;0;44;56;100;7082;2121;11688
2591;2025;45.7759, 3.09229;50;41;45;19;44;61;5;5;2;4;2;4;3;1;0;40;80;50;7640;2311;3085
2592;2025;48.8274, 2.37623;15;23;15;9;15;29;12;8;5;6;0;3;3;0;0;42;50;0;9388;2872;8861
2593;2025;48.8274, 2.37623;25;57;37;20;37;63;22;16;4;14;0;3;3;0;0;18;64;0;9410;2872;9478
2594;2025;48.8274, 2.37623;15;37;20;14;20;44;13;11;4;7;2;4;1;1;2;31;54;50;9403;2872;12666
2595;2025;48.8274, 2.37623;15;35;11;3;11;37;12;7;2;7;1;4;4;0;0;17;58;25;9392;2872;3977
2596;2025;45.1906, 5.77413;30;21;16;5;16;29;3;2;2;2;1;1;1;0;0;67;67;100;5048;1318;3699
2597;2025;45.74818, 4.86046;36;80;30;11;30;126;32;13;1;14;3;5;2;1;2;3;44;60;43361;2580;2784
2598;2025;47.2405, 6.02271;80;28;27;6;27;38;3;3;2;2;1;2;2;0;0;67;67;50;3548;696;12481
2599;2025;48.9035, 2.21449;34;88;43;22;43;110;29;11;4;8;2;6;4;0;2;14;28;33;11102;3578;12213
2600;2025;43.6308, 3.87033;45;17;13;9;13;37;10;4;2;5;3;4;0;3;1;20;50;75;4566;1100;10969
2601;2025;43.5784, 1.40266;25;102;46;32;46;176;22;15;4;9;2;4;2;2;0;18;41;50;4148;919;6092
2602;2025;49.1889, -0.36388;25;18;20;6;20;24;3;3;2;2;0;2;2;0;0;67;67;0;2894;420;11623
2603;2025;-20.9017, 55.4852;30;51;49;8;49;70;7;4;5;6;2;4;4;0;0;71;86;50;11917;3958;2936
2604;2025;50.62875, 3.12572;35;58;59;17;59;86;18;12;14;16;1;8;5;2;1;78;89;12;7071;2121;2105
2605;2025;50.6313, 3.07527;35;117;62;40;62;182;31;13;8;11;0;3;3;0;0;26;35;0;39603;2121;6844
2606;2025;48.7885, 2.44418;40;111;96;30;96;156;31;16;7;24;3;11;5;3;3;23;77;27;24380;3732;8793
2607;2025;48.12162, -1.70445;70;13;20;6;20;21;0;0;0;0;0;0;0;0;0;0;0;0;4750;1176;4392
2608;2025;48.12162, -1.70445;50;22;21;9;21;35;5;1;3;3;1;1;1;0;0;60;60;100;35479;1176;1257
2609;2025;49.12151, 6.16205;10;19;18;7;18;26;5;3;1;5;0;3;3;0;0;20;100;0;42915;1928;243
2610;2025;45.7758, 3.09229;50;15;15;3;15;21;2;0;0;2;0;0;0;0;0;0;100;0;7642;2311;7421
2611;2025;45.1907, 5.77394;15;29;15;6;15;39;5;5;0;3;2;3;1;1;1;0;60;67;5072;1318;1324
2612;2025;49.4583, 1.06895;40;81;89;11;89;126;5;4;3;4;2;2;2;0;0;60;80;100;9684;2988;11963
2613;2025;43.9499, 4.81762;170;760;822;188;812;953;164;101;68;126;31;94;60;18;16;41;77;33;10447;3328;2527
2614;2025;48.2978, 4.0803;135;371;424;95;424;529;108;72;45;82;15;60;38;11;11;42;76;25;2441;225;8486
2615;2025;47.6476, -2.80572;50;151;188;30;188;197;31;22;29;30;5;24;22;1;1;94;97;21;48182;1863;12329
2616;2025;43.92, 2.139;100;519;607;121;607;516;98;72;23;90;23;58;43;4;11;23;92;40;10300;3248;9660
2617;2025;45.42672, 4.39216;160;731;825;170;825;754;157;117;22;131;28;89;61;13;15;14;83;31;5338;1394;5446
2618;2025;43.6926, 7.23673;180;1112;1447;393;1447;757;173;116;14;168;32;113;93;11;9;8;97;28;22662;167;9221
2619;2025;44.9327, 4.90325;51;317;405;85;405;405;55;46;54;55;13;41;37;1;3;98;100;32;3666;725;10760
2620;2025;45.1906, 5.77418;130;748;892;221;891;823;105;75;72;95;15;61;50;7;4;69;90;25;5071;1318;10192
2621;2025;48.8396, 2.58732;130;640;921;242;921;587;130;86;57;115;20;95;89;6;0;44;88;21;9915;3098;1552
2622;2025;45.74818, 4.86046;240;1620;1998;549;1998;914;237;185;45;219;43;164;151;7;6;19;92;26;43364;2580;9765
2623;2025;49.4959, 0.12911;140;557;637;144;635;666;124;91;59;108;15;81;67;9;5;48;87;19;9749;3007;8091
2624;2025;47.2405, 6.02271;180;566;680;165;680;727;144;90;87;128;24;94;79;9;6;60;89;26;3551;696;8622
2625;2025;48.9035, 2.21449;158;1406;1868;593;1868;774;151;115;9;135;21;85;69;4;12;6;89;25;11103;3578;11971
2626;2025;43.6308, 3.87033;220;1559;2037;619;2024;1128;223;162;88;197;41;144;131;6;7;39;88;28;4563;1100;4792
2627;2025;47.8502, 1.93351;130;741;959;221;953;681;127;87;25;113;24;84;67;8;9;20;89;29;42889;1531;2712
2628;2025;47.7461, -3.39083;140;415;483;96;483;530;77;53;45;71;10;53;45;5;3;58;92;19;6503;1865;8433
2629;2025;49.1889, -0.36388;250;943;1238;254;1237;1143;248;184;187;233;43;185;151;15;19;75;94;23;2892;420;8784
2630;2025;42.30505, 9.15591;60;178;198;41;198;232;36;23;17;28;7;19;15;2;2;47;78;37;11711;3849;6482
2631;2025;4.93198, -52.30111;90;231;221;29;221;278;77;52;44;59;20;51;38;4;9;57;77;39;21093;3938;9188
2632;2025;-20.9017, 55.4852;650;1038;1292;257;1292;1406;421;289;175;377;136;277;212;35;30;42;90;49;11918;3958;3328
2633;2025;45.81724, 1.23039;150;488;566;112;560;626;120;77;70;105;35;87;72;8;7;58;88;40;10715;3419;11890
2634;2025;49.121, 6.16234;160;629;686;150;686;725;135;90;18;105;19;79;59;8;12;13;78;24;6606;1928;10293
2635;2025;48.69423, 6.1663;233;990;1164;270;1161;1019;191;125;19;160;30;115;90;15;10;10;84;26;6338;1793;8310
2636;2025;43.31626, -0.36509;120;522;592;123;587;624;111;81;55;89;19;71;54;10;7;50;80;27;7748;2358;1937
2637;2025;42.6846, 2.89905;80;402;508;115;505;385;86;57;11;72;15;53;40;9;4;13;84;28;7867;2389;3354
2638;2025;46.57, 0.3817;170;781;921;198;921;1032;158;109;122;139;25;107;85;10;12;77;88;23;26569;3390;2212
2639;2025;49.237, 4.00052;270;1028;1301;302;1301;1257;250;173;101;204;41;152;123;20;9;40;82;27;6132;1707;2846
2640;2025;43.1369, 6.01684;135;656;896;213;896;787;133;84;102;119;26;96;78;8;10;77;89;27;10362;3282;6751
2641;2025;48.7804, 2.04427;114;593;783;208;783;530;111;78;15;99;20;83;68;7;8;14;89;24;10003;3121;7617
2642;2025;50.7263, 1.60525;108;340;412;92;411;477;90;56;58;76;10;55;47;7;1;64;84;18;7498;2252;5416
2643;2025;48.8481, 2.32917;110;424;360;75;360;535;101;74;46;74;11;58;55;2;1;46;73;19;9453;2876;10252
2644;2025;48.9035, 2.21449;100;833;1099;730;1099;421;97;79;18;87;8;30;28;1;1;19;90;27;20900;3578;8632
2645;2025;49.1889, -0.36388;40;309;425;244;423;208;40;31;12;37;1;9;8;0;1;30;92;11;19541;420;12111
2646;2025;50.62894, 3.12633;50;572;769;435;769;173;50;33;18;48;6;12;9;0;3;36;96;50;24142;2121;8369
2647;2025;48.12162, -1.70445;50;499;656;408;653;232;49;38;7;42;5;13;10;2;1;14;86;38;26539;1176;7242
2648;2025;48.69403, 6.16638;110;1273;637;391;220;344;117;88;10;98;1;6;6;0;0;9;84;17;6349;1793;3406
2649;2025;48.8481, 2.32917;110;181;89;30;89;261;42;27;4;21;7;22;13;8;1;10;50;32;9456;2876;6008
2650;2025;49.11981, 6.165;15;150;202;50;201;74;15;8;1;12;0;14;9;2;3;7;80;0;42916;1928;7228
2651;2025;48.6948, 6.16615;15;185;225;64;225;120;15;8;0;12;1;5;4;1;0;0;80;20;42917;1793;10030
2652;2025;50.3627, 3.52793;200;618;765;167;762;815;176;109;109;149;35;116;90;13;13;62;85;30;7031;2116;12592
2653;2025;48.8452, 2.39666;65;649;847;328;832;213;65;47;10;59;11;44;37;3;4;15;91;25;9231;2838;8613
2654;2025;48.0487, -1.74492;30;14;14;2;10;10;2;2;2;2;0;2;2;0;0;100;100;0;13722;1197;4828
2655;2025;46.6728, -1.41974;30;70;82;12;81;69;15;12;8;15;3;12;11;1;0;53;100;25;48382;3360;5537
2656;2025;46.6728, -1.41974;30;53;67;13;66;60;6;5;5;6;1;6;6;0;0;83;100;17;48379;3360;389
2657;2025;46.6728, -1.41974;30;61;69;16;69;65;7;7;4;6;2;5;5;0;0;57;86;40;48381;3360;9376
2658;2025;45.74818, 4.86046;40;156;183;87;183;164;40;32;5;33;7;9;5;2;2;12;82;78;43356;2580;7510
2659;2025;50.62875, 3.12627;90;248;193;89;193;338;87;55;28;68;13;19;5;7;7;32;78;68;7073;2121;3312
2660;2025;48.69402, 6.16635;20;87;70;29;69;86;17;15;1;14;3;7;3;2;2;6;82;43;6339;1793;11523
2661;2025;43.5784, 1.40266;50;312;383;207;382;382;94;78;93;94;24;29;8;6;15;99;100;83;35139;919;1329
2662;2025;43.5784, 1.40266;50;174;215;167;203;233;49;34;34;42;3;3;0;1;2;69;86;100;4150;919;1637
2663;2025;48.69429, 6.16634;120;626;313;260;167;379;175;127;30;124;8;13;8;3;2;17;71;62;20088;1793;1534
2664;2025;45.74818, 4.86046;36;156;162;72;162;163;34;25;2;26;7;15;7;6;2;6;76;47;43369;2580;10017
2665;2025;48.8452, 2.39666;61;373;449;256;446;208;59;53;6;57;11;24;14;7;3;10;97;46;24029;2838;10946
2666;2025;48.8274, 2.37623;50;263;340;192;340;272;53;43;52;53;9;21;17;1;3;98;100;43;16723;2872;1649
2667;2025;50.62908, 3.12646;80;442;586;255;586;424;79;62;23;67;12;26;8;12;6;29;85;46;19191;2121;3117
2668;2025;48.8274, 2.37623;150;414;558;258;558;382;148;104;107;135;16;60;48;7;5;72;91;27;9395;2872;10550
2669;2025;48.8274, 2.37623;140;1171;1356;681;800;478;139;131;56;136;23;81;74;0;7;40;98;28;9434;2872;6119
2670;2025;48.8274, 2.37623;320;1154;1521;738;1050;964;318;187;206;304;28;154;151;1;2;65;96;18;9397;2872;6129
2671;2025;48.8274, 2.37623;10;20;19;10;18;28;10;5;4;5;0;2;2;0;0;40;50;0;9407;2872;4441
2672;2025;48.8274, 2.37623;10;15;3;1;3;15;7;2;1;3;0;1;1;0;0;14;43;0;9391;2872;12750
2673;2025;48.8274, 2.37623;10;10;2;2;2;14;3;1;0;2;0;0;0;0;0;0;67;0;9406;2872;8077
2674;2025;48.8274, 2.37623;10;31;5;1;5;27;5;4;2;3;2;4;1;3;0;40;60;50;9402;2872;10466
2675;2025;48.8274, 2.37623;30;74;78;30;78;110;28;16;4;19;3;7;3;2;2;14;68;43;9412;2872;12623
2676;2025;48.8274, 2.37623;15;37;21;12;21;39;13;9;3;8;5;8;3;3;2;23;62;62;9404;2872;1425
2677;2025;48.8274, 2.37623;15;27;17;10;17;33;14;11;4;8;1;3;1;1;1;29;57;33;9408;2872;6335
2678;2025;48.8274, 2.37623;10;17;2;0;2;16;4;3;0;1;1;1;0;1;0;0;25;100;16720;2872;6320
2679;2025;48.8274, 2.37623;10;11;5;4;5;5;0;0;0;0;0;0;0;0;0;0;0;0;9394;2872;12779
2680;2025;48.8274, 2.37623;15;34;17;5;17;47;15;10;1;6;2;3;3;0;0;7;40;67;9386;2872;5501
2681;2025;48.8274, 2.37623;20;47;40;17;40;70;19;12;9;14;0;7;3;2;2;47;74;0;9393;2872;11263
2682;2025;48.8274, 2.37623;30;90;63;31;63;99;28;20;10;18;5;10;6;2;2;36;64;50;9390;2872;4679
2683;2025;48.8274, 2.37623;10;29;12;6;12;28;6;4;1;2;1;2;2;0;0;17;33;50;9389;2872;1014
2684;2025;48.8274, 2.37623;65;148;145;70;145;171;63;55;36;53;7;32;20;6;6;57;84;22;9398;2872;12476
2685;2025;48.8274, 2.37623;45;137;72;33;72;181;41;18;8;28;2;14;9;3;2;20;68;14;9400;2872;1477
2686;2025;43.48885, -1.47195;40;75;79;24;79;104;20;15;13;17;1;10;7;2;1;65;85;10;7771;2357;8165
2687;2025;48.579, 7.7663;50;75;61;20;61;99;20;16;7;9;0;4;2;1;1;35;45;0;14215;2450;2574
2688;2025;43.5784, 1.40266;65;222;131;59;127;334;65;42;16;39;6;13;10;1;2;25;60;46;30786;919;1636
2689;2025;43.5784, 1.40266;25;60;21;7;21;116;17;6;0;8;1;1;1;0;0;0;47;100;30787;919;7280
2690;2025;43.5784, 1.40266;55;148;44;27;44;247;49;27;1;16;3;7;4;0;3;2;33;43;20687;919;9551
2691;2025;43.5784, 1.40266;10;50;15;10;15;72;10;6;3;7;1;3;1;1;1;30;70;33;30908;919;8193
2692;2025;43.5784, 1.40266;14;45;30;10;10;11;5;4;4;5;0;2;2;0;0;80;100;0;39070;919;10901
2693;2025;43.5784, 1.40266;8;25;11;3;3;3;2;0;2;2;0;2;2;0;0;100;100;0;39071;919;2702
2694;2025;48.69401, 6.16651;60;234;223;56;222;238;57;43;14;47;11;30;26;4;0;25;82;37;13916;1793;6698
2695;2025;48.69475, 6.16621;80;241;234;178;225;253;78;61;14;69;1;10;9;1;0;18;88;10;43209;1793;3523
2696;2025;48.69467, 6.16606;5;69;78;26;78;32;5;5;0;5;1;1;1;0;0;0;100;100;42933;1793;7970
2697;2025;14.6479, -61.0995;50;131;130;23;130;150;22;16;5;17;4;14;9;1;4;23;77;29;36156;3913;3175
2698;2025;48.5781, 7.76575;20;40;33;20;33;56;10;10;4;8;1;3;0;2;1;40;80;33;14200;2450;5837
2699;2025;48.12162, -1.70445;40;67;56;24;56;90;13;9;4;10;1;1;1;0;0;31;77;100;35485;1176;3649
2700;2025;48.12162, -1.70445;60;131;67;37;67;187;59;43;16;38;4;13;11;2;0;27;64;31;26541;1176;2650
2701;2025;48.12162, -1.70445;40;33;42;7;42;51;3;2;1;3;1;2;2;0;0;33;100;50;4740;1176;7994
2702;2025;43.5784, 1.40266;20;74;30;16;30;118;20;11;2;7;1;2;2;0;0;10;35;50;4151;919;6060
2703;2025;42.6846, 2.89905;45;53;47;14;47;72;19;15;14;17;3;12;6;4;2;74;89;25;7868;2389;4587
2704;2025;45.74818, 4.86046;60;169;82;35;82;236;56;42;11;29;8;21;8;6;7;20;52;38;43370;2580;3612
2705;2025;43.6308, 3.87033;45;134;121;57;121;192;40;24;8;28;2;10;8;1;1;20;70;20;4567;1100;11584
2706;2025;50.62893, 3.12603;40;136;127;54;127;183;37;26;23;30;3;12;9;1;2;62;81;25;7074;2121;1298
2707;2025;45.74818, 4.86046;30;132;141;58;141;138;30;22;1;25;2;10;7;2;1;3;83;20;43371;2580;5447
2708;2025;50.2836, 2.79225;20;60;51;16;51;79;18;11;3;14;1;7;5;1;1;17;78;14;7513;2253;3368
2709;2025;48.12162, -1.70445;40;55;42;14;42;71;4;3;2;3;0;2;1;1;0;50;75;0;4749;1176;11632
2710;2025;43.9499, 4.81762;120;235;226;57;226;300;58;40;17;39;19;32;12;6;14;29;67;59;10446;3328;9411
2711;2025;45.42671, 4.39217;45;179;125;24;125;215;36;32;2;23;6;16;8;5;3;6;64;38;5339;1394;4440
2712;2025;43.69331, 7.23721;70;278;174;53;174;320;67;43;7;30;10;21;13;3;5;10;45;48;22663;167;10277
2713;2025;45.1906, 5.77464;50;128;124;29;124;171;13;9;6;8;1;5;2;1;2;46;62;20;5061;1318;10319
2714;2025;48.8396, 2.58732;95;230;141;33;141;314;73;50;18;45;7;35;24;7;4;25;62;20;9919;3098;8899
2715;2025;47.2405, 6.02271;80;107;105;26;105;131;21;17;19;20;5;13;13;0;0;90;95;38;3547;696;12428
2716;2025;48.9035, 2.21449;57;259;280;70;280;273;50;29;4;39;7;29;21;7;1;8;78;24;11101;3578;7151
2717;2025;43.6308, 3.87033;120;509;410;107;410;612;121;93;19;73;27;59;34;13;12;16;60;46;4570;1100;8294
2718;2025;48.9571, 2.33972;80;254;160;50;159;336;70;46;5;52;17;30;12;16;2;7;74;57;11261;3658;8395
2719;2025;43.5784, 1.40266;320;999;739;296;730;1307;314;236;116;258;38;105;78;16;11;37;82;36;4152;919;9943
2720;2025;47.8502, 1.93351;40;196;230;45;230;239;39;32;34;34;11;30;24;1;5;87;87;37;42890;1531;6804
2721;2025;47.7429, -3.3849;50;136;126;23;126;143;20;17;13;19;3;16;14;1;1;65;95;19;6502;1865;10621
2722;2025;49.1889, -0.36388;150;221;235;51;235;274;42;31;27;38;4;28;25;1;2;64;90;14;2893;420;12326
2723;2025;-20.9017, 55.4852;220;390;394;71;394;463;81;69;48;72;36;60;49;5;6;59;89;60;11919;3958;600
2724;2025;45.81724, 1.23064;60;160;153;32;153;195;24;18;16;20;6;19;16;1;2;67;83;32;10713;3419;3923
2725;2025;48.69452, 6.1663;35;140;137;34;136;152;24;18;5;20;3;15;12;2;1;21;83;20;6340;1793;6308
2726;2025;43.31626, -0.36509;80;228;240;50;240;287;37;29;24;31;4;21;19;1;1;65;84;19;7750;2358;1895
2727;2025;42.6846, 2.89905;65;237;236;45;236;304;56;46;36;48;22;45;33;10;2;64;86;49;7869;2389;8247
2728;2025;46.57, 0.3817;80;209;199;24;199;252;28;26;13;18;6;20;18;2;0;46;64;30;26570;3390;11947
2729;2025;49.237, 4.00052;60;152;159;30;159;183;26;21;13;24;6;18;16;1;1;50;92;33;6133;1707;6517
2730;2025;49.4583, 1.06895;165;305;290;73;290;379;49;41;35;45;8;30;24;5;1;71;92;27;9687;2988;1576
2731;2025;43.1369, 6.01684;75;229;194;43;194;278;40;34;23;37;7;25;21;3;1;58;92;28;10363;3282;11202
2732;2025;48.7804, 2.0442;78;229;164;34;164;278;72;51;16;45;4;43;25;8;10;22;62;9;10002;3121;2533
2733;2025;50.7263, 1.60525;36;112;132;28;131;137;18;16;11;13;4;12;11;1;0;61;72;33;7499;2252;1544
2734;2025;48.8481, 2.32917;60;63;44;11;44;76;11;9;7;8;0;7;6;1;0;64;73;0;9452;2876;6685
2735;2025;48.9035, 2.21449;65;255;313;194;313;237;64;48;16;58;3;12;10;2;0;25;91;25;20902;3578;7833
2736;2025;50.2836, 2.79225;67;217;217;36;217;236;49;41;29;44;8;30;27;2;1;59;90;27;7511;2253;8221
2737;2025;48.12162, -1.70445;120;285;286;74;286;312;48;42;32;45;7;28;24;1;3;67;94;25;4752;1176;1894
2738;2025;48.12162, -1.70445;40;162;123;88;119;189;40;34;14;35;2;5;3;1;1;35;88;40;26542;1176;10796
2739;2025;48.69481, 6.1661;2;47;50;17;50;11;1;1;0;1;1;1;1;0;0;0;100;100;42919;1793;1760
2740;2025;43.5784, 1.40266;55;257;163;48;161;329;55;40;13;21;13;28;13;8;7;24;38;46;20685;919;9634
2741;2025;46.6728, -1.41974;30;19;22;5;21;22;2;1;2;2;0;1;1;0;0;100;100;0;48385;3360;10370
2742;2025;46.6728, -1.41974;30;11;12;2;12;14;3;2;2;3;1;3;3;0;0;67;100;33;48383;3360;680
2743;2025;46.6728, -1.41974;30;14;19;4;19;20;2;2;1;1;0;1;1;0;0;50;50;0;48384;3360;8659
2744;2025;48.12162, -1.70445;40;184;187;75;186;192;35;27;10;30;7;15;7;6;2;29;86;47;19118;1176;2022
2745;2025;48.12162, -1.70445;40;60;31;15;31;78;22;15;7;12;5;6;0;2;4;32;55;83;4745;1176;7559
2746;2025;49.1889, -0.36388;15;17;21;7;21;27;1;0;0;0;0;0;0;0;0;0;0;0;35391;420;6518
2747;2025;48.5784, 7.76528;40;63;62;25;61;91;14;8;5;12;2;7;5;0;2;36;86;29;14130;2450;9190
2748;2025;48.5783, 7.7654;15;70;68;17;67;77;11;9;8;9;1;7;7;0;0;73;82;14;21484;2450;9179
2749;2025;43.5784, 1.40266;500;1864;2483;914;2461;2461;527;372;521;527;80;301;247;26;28;99;100;27;4149;919;3698
2750;2025;14.6479, -61.0995;200;258;282;60;282;332;71;54;45;58;18;46;35;8;3;63;82;39;15952;3913;7054
2751;2025;48.12162, -1.70445;40;138;165;76;165;169;38;26;11;31;7;13;7;3;3;29;82;54;19119;1176;11060
2752;2025;14.6479, -61.0995;90;77;90;19;90;99;15;13;14;14;10;11;10;0;1;93;93;91;15959;3913;2554
2753;2025;48.9458, 2.36341;65;298;366;114;363;370;63;55;59;60;8;37;30;4;3;94;95;22;17134;3674;7235
2754;2025;48.78042, 2.04422;62;245;320;81;318;244;62;47;18;55;4;44;44;0;0;29;89;9;12863;3121;6559
2755;2025;48.9035, 2.21449;25;252;315;113;260;131;24;20;2;23;4;14;14;0;0;8;96;29;15142;3578;5137
2756;2025;49.1209, 6.1623;12;51;52;11;49;36;5;4;1;5;0;3;3;0;0;20;100;0;6602;1928;4150
2757;2025;48.8452, 2.39666;35;111;68;17;68;113;32;25;6;21;1;16;13;3;0;19;66;6;9224;2838;12689
2758;2025;43.92, 2.139;60;155;138;26;138;181;30;23;21;25;4;21;18;0;3;70;83;19;17805;3248;7186
2759;2025;14.6479, -61.0995;80;89;89;17;89;101;9;6;7;7;8;9;7;1;1;78;78;89;11837;3913;5788
2760;2025;49.1889, -0.36388;25;28;30;11;30;37;4;4;4;4;0;2;2;0;0;100;100;0;20180;420;11470
2761;2025;49.1889, -0.36388;25;22;24;8;24;31;1;0;1;1;0;0;0;0;0;100;100;0;19497;420;9599
2762;2025;49.1889, -0.36388;25;25;28;10;28;33;2;1;1;1;0;0;0;0;0;50;50;0;19498;420;9644
2763;2025;49.1889, -0.36388;25;41;56;17;56;64;11;5;7;9;0;8;7;0;1;64;82;0;19499;420;2628
2764;2025;49.1889, -0.36388;25;60;60;18;60;72;10;5;4;8;0;5;5;0;0;40;80;0;19500;420;2683
2765;2025;48.579, 7.7663;40;115;123;50;123;160;32;26;11;21;3;12;7;2;3;34;66;25;8052;2450;12759
2766;2025;48.5781, 7.76643;20;47;43;13;18;18;8;8;8;8;0;6;6;0;0;100;100;0;35772;2450;6344
2767;2025;48.8274, 2.37623;10;22;20;9;19;23;5;5;1;4;2;4;2;2;0;20;80;50;9441;2872;12724
2768;2025;48.8274, 2.37623;20;32;16;7;16;54;16;10;5;5;3;6;4;0;2;31;31;50;9433;2872;9745
2769;2025;48.8274, 2.37623;20;44;28;15;28;60;17;11;4;13;4;4;2;1;1;24;76;100;9425;2872;497
2770;2025;48.8274, 2.37623;10;21;10;4;10;23;4;3;1;4;1;1;1;0;0;25;100;100;9432;2872;2169
2771;2025;48.8274, 2.37623;50;72;74;40;74;123;47;26;21;34;4;12;6;2;4;45;72;33;9438;2872;6656
2772;2025;48.8274, 2.37623;20;61;43;17;43;70;16;10;1;9;2;9;4;2;3;6;56;22;9435;2872;12783
2773;2025;48.8274, 2.37623;10;19;13;4;13;26;5;4;0;3;0;1;1;0;0;0;60;0;9421;2872;10889
2774;2025;48.8274, 2.37623;10;26;5;2;5;26;4;2;0;1;0;0;0;0;0;0;25;0;9428;2872;8497
2775;2025;48.8274, 2.37623;15;40;32;14;32;42;8;5;2;4;0;3;2;1;0;25;50;0;9427;2872;3480
2776;2025;48.8274, 2.37623;15;38;8;5;8;34;10;5;1;3;2;6;0;2;4;10;30;33;9440;2872;3055
2777;2025;48.8274, 2.37623;10;19;4;2;4;21;6;5;1;1;1;1;0;1;0;17;17;100;9439;2872;4173
2778;2025;48.8274, 2.37623;10;10;4;2;4;10;3;1;1;1;0;1;1;0;0;33;33;0;9424;2872;12698
2779;2025;48.8274, 2.37623;10;9;2;1;2;11;3;1;0;0;0;0;0;0;0;0;0;0;9423;2872;1524
2780;2025;48.8274, 2.37623;10;26;6;2;6;33;6;3;0;0;0;2;0;2;0;0;0;0;9429;2872;8410
2781;2025;48.8274, 2.37623;10;14;3;2;3;21;7;4;0;1;0;0;0;0;0;0;14;0;9419;2872;12725
2782;2025;48.8274, 2.37623;10;21;16;11;16;24;5;3;0;2;1;2;1;1;0;0;40;50;9418;2872;1212
2783;2025;48.8274, 2.37623;25;53;39;16;39;63;22;17;7;13;5;11;6;2;3;32;59;45;9417;2872;12632
2784;2025;47.2405, 6.02271;30;32;35;9;26;26;4;3;3;4;0;3;3;0;0;75;100;0;18426;696;1689
2785;2025;43.6308, 3.87033;45;68;46;27;46;104;14;10;4;9;3;5;3;2;0;29;64;60;4568;1100;12017
2786;2025;50.62914, 3.12586;150;215;333;117;333;287;148;97;97;141;37;113;108;3;2;66;95;33;7076;2121;2466
2787;2025;43.6926, 7.23669;70;226;116;42;114;259;51;38;5;18;4;16;11;2;3;10;35;25;22664;167;2865
2788;2025;45.1906, 5.77465;30;87;76;23;76;94;3;2;2;3;1;1;0;1;0;67;100;100;5063;1318;843
2789;2025;45.74818, 4.86046;60;181;110;38;110;233;57;44;9;45;10;28;13;7;8;16;79;36;43372;2580;7646
2790;2025;48.9035, 2.21449;34;135;83;31;83;165;31;18;1;15;4;11;5;4;2;3;48;36;11100;3578;4509
2791;2025;43.6308, 3.87033;45;109;91;30;91;137;19;17;3;14;3;7;5;0;2;16;74;43;4569;1100;12509
2792;2025;49.1889, -0.36388;60;62;68;21;68;86;17;10;12;12;2;10;9;0;1;71;71;20;2895;420;7162
2793;2025;48.69418, 6.1663;25;64;69;21;68;68;9;8;3;8;2;6;6;0;0;33;89;33;6341;1793;11866
2794;2025;43.5784, 1.40266;70;300;204;101;201;412;79;50;23;57;3;15;9;3;3;29;72;20;35140;919;11359
2795;2025;43.5784, 1.40266;70;124;65;24;64;165;35;27;7;19;9;14;5;4;5;20;54;64;4153;919;707
2796;2025;50.6287, 3.12432;35;109;120;93;120;123;34;25;20;29;0;2;1;1;0;59;85;0;24236;2121;1884
2797;2025;48.12162, -1.70445;40;45;45;16;45;61;4;3;1;4;0;0;0;0;0;25;100;0;4741;1176;5485
2798;2025;48.12162, -1.70445;40;118;110;44;110;141;13;11;5;9;2;5;3;1;1;38;69;40;35484;1176;1130
2799;2025;48.69476, 6.16608;2;27;30;9;30;7;2;2;0;2;0;2;2;0;0;0;100;0;42920;1793;6871
2800;2025;45.7757, 3.09233;50;53;50;15;49;68;9;7;5;8;0;3;3;0;0;56;89;0;7633;2311;1774
2801;2025;45.74818, 4.86046;76;231;382;188;382;310;74;39;7;66;9;27;18;3;6;9;89;33;43373;2580;11207
2802;2025;50.6291, 3.12636;140;379;516;252;516;584;120;61;44;97;15;37;25;7;5;37;81;41;7078;2121;1462
2803;2025;50.6326, 3.04654;200;271;310;68;310;348;27;20;22;25;2;21;20;0;1;81;93;10;12646;2014;607
2804;2025;48.8834, 2.30994;40;85;58;23;58;125;39;28;8;25;2;20;15;3;2;21;64;10;9267;2933;4479
2805;2025;48.85083, 2.34123;60;170;214;142;209;185;60;41;13;49;9;20;12;7;1;22;82;45;9276;2933;5328
2806;2025;47.24569, -1.55082;7;26;16;3;11;13;1;1;0;1;0;1;1;0;0;0;100;0;12804;1506;8255
2807;2025;47.2446, -1.55118;35;33;29;4;29;46;6;3;2;3;0;2;2;0;0;33;50;0;5561;1506;11648
2808;2025;47.2447, -1.55122;9;355;444;87;74;24;9;8;4;9;2;8;8;0;0;44;100;25;19172;1506;2797
2809;2025;47.2458, -1.55126;420;1083;1175;251;1175;1471;326;227;202;263;37;194;152;20;22;62;81;19;5562;1506;5834
2810;2025;48.85083, 2.34123;25;58;58;44;58;74;22;14;7;18;1;2;2;0;0;32;82;50;24315;2933;10307
2811;2025;48.88343, 2.31;140;178;114;52;113;322;124;56;24;50;12;42;34;7;1;19;40;29;9279;2933;8952
2812;2025;47.2448, -1.55122;100;259;227;44;227;328;56;44;32;41;9;36;25;6;5;57;73;25;5563;1506;4265
2813;2025;48.8836, 2.30955;10;57;72;24;72;54;10;6;0;9;1;4;0;0;4;0;90;25;19447;2933;3244
2814;2025;47.2448, -1.55118;6;35;27;10;9;11;2;2;1;2;0;1;1;0;0;50;100;0;18085;1506;4810
2815;2025;47.24476, -1.55108;60;58;53;11;53;90;13;8;6;6;3;7;3;1;3;46;46;43;5564;1506;7270
2816;2025;48.8835, 2.30992;40;136;132;52;130;165;38;21;6;27;3;12;9;2;1;16;71;25;9268;2933;12195
2817;2025;48.8835, 2.30975;55;95;23;12;23;134;53;39;2;13;8;25;22;3;0;4;25;32;9283;2933;3539
2818;2025;48.88343, 2.31003;55;97;69;26;69;152;47;31;7;20;8;20;16;2;2;15;43;40;9278;2933;9467
2819;2025;48.89971, 2.34679;70;161;106;35;106;217;69;45;18;44;7;25;15;6;4;26;64;28;9271;2933;2962
2820;2025;48.88343, 2.31008;80;216;147;70;145;285;77;51;7;50;7;21;16;3;2;9;65;33;9269;2933;6683
2821;2025;43.51478, 5.44706;25;32;22;8;21;52;1;0;0;1;0;0;0;0;0;0;100;0;2727;391;3477
2822;2025;45.558, 5.91097;100;552;645;108;643;509;94;64;22;81;13;73;56;8;9;23;86;18;8804;2718;7443
2823;2025;47.3962, 0.68194;250;1182;1399;334;1399;1117;236;155;26;212;34;159;120;16;23;11;90;21;4891;1238;6104
2824;2025;48.3919, -4.48829;40;46;48;12;48;62;15;10;8;12;1;8;8;0;0;53;80;12;3871;813;4154
2825;2025;43.51478, 5.44706;25;119;102;49;102;149;25;17;1;18;1;7;4;0;3;4;72;14;2729;391;9867
2826;2025;43.51478, 5.44706;25;250;289;164;289;88;26;23;6;24;2;12;9;1;2;23;92;17;42831;391;10220
2827;2025;43.51478, 5.44706;105;425;370;107;368;520;71;56;18;52;15;32;21;5;6;25;73;47;2734;391;4992
2828;2025;45.558, 5.91097;30;118;103;19;103;124;24;19;1;16;4;14;10;3;1;4;67;29;8806;2718;2211
2829;2025;48.392, -4.48827;80;117;123;28;123;140;14;11;9;12;3;7;6;1;0;64;86;43;3868;813;5006
2830;2025;47.3962, 0.68194;100;261;242;45;242;310;42;36;26;38;6;28;17;10;1;62;90;21;4892;1238;6394
2831;2025;48.8289, 2.38223;106;806;903;508;750;341;105;98;18;96;7;56;56;0;0;17;91;12;9330;2938;2109
2832;2025;48.8289, 2.38223;120;1142;815;465;400;410;118;72;18;101;8;38;33;5;0;15;86;21;9331;2938;3856
2833;2025;43.51478, 5.44706;20;36;32;11;32;62;9;4;4;6;1;4;3;0;1;44;67;25;20515;391;9607
2834;2025;45.558, 5.91097;30;72;59;9;59;66;12;10;4;9;2;10;8;1;1;33;75;20;8805;2718;1658
2835;2025;48.85083, 2.34123;40;99;44;24;44;138;39;26;4;11;3;9;9;0;0;10;28;33;47319;2933;7277
2836;2025;43.51478, 5.44706;78;221;308;162;306;334;76;38;42;67;9;22;15;3;4;55;88;41;2745;391;11677
2837;2025;43.51478, 5.44706;20;82;53;20;53;118;12;8;0;6;2;5;3;2;0;0;50;40;2730;391;12594
2838;2025;43.51478, 5.44706;30;162;76;39;76;188;24;22;3;14;2;6;1;2;3;12;58;33;42832;391;4690
2839;2025;42.3002, 9.15389;100;57;92;14;92;106;7;3;5;7;0;4;3;1;0;71;100;0;11714;3849;7584
2840;2025;43.5784, 1.40266;60;257;221;103;220;353;59;39;26;51;7;12;6;4;2;44;86;58;4176;919;9143
2841;2025;43.5784, 1.40266;500;833;824;402;822;1400;408;204;165;261;64;133;74;33;26;40;64;48;4154;919;9832
2842;2025;48.12162, -1.70445;10;25;24;8;24;31;8;4;1;5;0;4;2;1;1;12;62;0;39918;1176;11168
2843;2025;48.579, 7.7663;70;164;65;57;65;255;67;32;10;29;1;7;4;3;0;15;43;14;8038;2450;5676
2844;2025;48.579, 7.7663;35;98;76;24;76;114;14;9;2;12;4;6;3;0;3;14;86;67;8048;2450;5225
2845;2025;48.579, 7.7663;45;84;71;20;71;108;19;14;4;14;1;9;9;0;0;21;74;11;8046;2450;1176
2846;2025;48.579, 7.7663;45;141;128;55;128;173;36;30;19;35;4;14;7;1;6;53;97;29;8047;2450;12763
2847;2025;50.62895, 3.12616;35;39;38;16;38;61;11;3;5;8;1;1;0;0;1;45;73;100;7083;2121;11938
2848;2025;50.6313, 3.07527;35;135;87;67;87;193;33;20;10;22;2;6;4;1;1;30;67;33;39607;2121;8435
2849;2025;42.3002, 9.15389;30;40;47;8;47;53;6;3;4;6;1;5;5;0;0;67;100;20;43455;3849;10379
2850;2025;42.3002, 9.15389;30;44;53;16;53;62;1;1;1;1;0;1;1;0;0;100;100;0;43456;3849;3266
2851;2025;47.7299, 7.31134;25;58;45;15;45;87;22;12;3;8;2;8;4;2;2;14;36;25;8150;2479;5238
2852;2025;47.73, 7.31127;80;373;481;117;476;337;79;55;10;78;13;58;31;15;12;13;99;22;8153;2479;538
2853;2025;49.0388, 2.07414;125;594;837;226;835;574;123;85;65;117;21;93;80;9;4;53;95;23;11647;3830;499
2854;2025;49.0388, 2.07414;40;183;210;45;210;200;38;26;5;25;7;29;23;3;3;13;66;24;11648;3830;2884
2855;2025;48.8452, 2.39666;15;65;76;44;76;48;15;12;1;13;0;5;4;1;0;7;87;0;48380;2838;5059
2856;2025;44.7966, -0.61747;35;38;28;15;28;50;4;3;3;4;2;2;2;0;0;75;100;100;4408;1013;5451
2857;2025;44.7966, -0.61747;500;2058;2439;627;2432;2763;489;332;363;407;64;300;244;27;29;74;83;21;4410;1013;3031
2858;2025;44.7966, -0.61747;40;92;87;33;87;141;11;8;8;10;0;3;3;0;0;73;91;0;18401;1013;2947
2859;2025;44.7966, -0.61747;100;270;159;80;154;329;61;50;19;34;7;17;7;4;6;31;56;41;4400;1013;2516
2860;2025;44.7966, -0.61747;60;166;136;59;135;215;26;20;15;21;3;8;5;0;3;58;81;38;4399;1013;12362
2861;2025;44.7966, -0.61747;40;310;359;184;357;177;40;36;16;34;6;19;13;0;6;40;85;32;43450;1013;777
2862;2025;44.7966, -0.61747;250;651;578;141;577;830;133;96;63;97;22;63;49;6;8;47;73;35;4411;1013;4984
2863;2025;44.7966, -0.61747;40;177;144;56;144;225;29;19;9;21;1;11;8;2;1;31;72;9;35577;1013;2811
2864;2025;44.7966, -0.61747;130;316;390;176;388;531;128;66;65;108;12;50;34;5;11;51;84;24;4405;1013;4674
2865;2025;44.7966, -0.61747;40;121;87;29;87;149;23;18;12;15;2;14;8;3;3;52;65;14;35578;1013;7142
2866;2025;44.7966, -0.61747;40;103;104;23;104;145;18;11;8;16;1;6;5;1;0;44;89;17;4419;1013;81
2867;2025;44.208, 0.62712;80;347;369;81;368;459;50;36;35;41;7;31;20;6;5;70;82;23;5788;1576;5498
2868;2025;48.8452, 2.39666;25;59;44;19;44;96;25;16;3;16;1;7;5;0;2;12;64;14;48251;2838;4163
2869;2025;48.9458, 2.36341;160;589;747;244;728;695;157;96;39;145;26;77;58;9;10;25;92;34;30895;3674;9404
2870;2025;48.9458, 2.36341;75;306;303;159;298;400;84;59;39;63;11;23;9;8;6;46;75;48;30896;3674;5508
2871;2025;48.9458, 2.36341;70;206;80;32;80;240;58;36;6;38;4;15;10;3;2;10;66;27;30898;3674;8777
2872;2025;50.629, 3.12538;35;91;41;30;40;132;33;23;9;18;3;7;6;1;0;27;55;43;24235;2121;12585
2873;2025;43.6308, 3.87033;45;32;18;8;18;64;7;2;5;5;2;4;3;1;0;71;71;50;4572;1100;11186
2874;2025;43.5784, 1.40266;65;211;64;32;61;329;63;41;9;22;8;16;6;5;5;14;35;50;4160;919;7092
2875;2025;48.9035, 2.21449;29;115;60;19;60;135;29;23;2;15;2;12;8;2;2;7;52;17;11099;3578;10696
2876;2025;43.6308, 3.87033;45;72;55;29;55;96;7;6;4;5;0;1;0;1;0;57;71;0;4571;1100;11212
2877;2025;43.5784, 1.40266;45;164;177;105;172;221;44;28;28;41;6;19;9;5;5;64;93;32;35138;919;2621
2878;2025;43.5784, 1.40266;45;162;86;37;83;225;42;33;5;20;3;8;6;1;1;12;48;38;4163;919;9858
2879;2025;50.6313, 3.07527;45;150;87;58;87;201;44;34;15;21;1;8;8;0;0;34;48;12;39664;2121;8131
2880;2025;48.12162, -1.70445;80;48;39;14;39;65;7;3;4;6;1;1;1;0;0;57;86;100;4744;1176;695
2881;2025;45.7758, 3.09231;50;36;26;9;26;44;7;5;3;5;0;2;2;0;0;43;71;0;7639;2311;3072
2882;2025;48.8999, 2.34698;30;518;604;255;602;112;29;27;4;25;3;16;15;1;0;14;86;19;36030;2933;216
2883;2025;45.19085, 5.77457;30;25;20;9;20;31;0;0;0;0;0;0;0;0;0;0;0;0;5067;1318;4252
2884;2025;45.74818, 4.86046;34;97;52;18;52;153;32;15;3;18;5;10;4;2;4;9;56;50;43374;2580;9586
2885;2025;43.5784, 1.40266;130;354;246;152;242;541;129;83;46;94;5;22;13;6;3;36;73;23;4164;919;3704
2886;2025;49.1889, -0.36388;50;58;70;20;70;80;12;9;8;10;1;5;2;0;3;67;83;20;2896;420;8801
2887;2025;48.69412, 6.16634;12;35;45;14;44;48;8;4;2;6;2;2;1;0;1;25;75;100;6344;1793;11498
2888;2025;50.6291, 3.12605;45;143;152;114;152;181;44;28;17;40;2;4;4;0;0;39;91;50;24234;2121;12530
2889;2025;45.74818, 4.86046;10;48;56;15;56;50;10;6;1;10;1;5;1;2;2;10;100;20;43375;2580;11155
2890;2025;48.12162, -1.70445;40;15;20;3;20;25;5;1;4;4;4;5;1;2;2;80;80;80;4738;1176;5466
2891;2025;48.12162, -1.70445;40;110;122;39;122;152;21;13;8;19;3;8;6;0;2;38;90;38;19120;1176;1193
2892;2025;45.1906, 5.7742;20;66;68;18;68;92;11;4;6;10;1;3;3;0;0;55;91;33;5073;1318;4273
2893;2025;48.8452, 2.39666;19;52;38;22;38;68;19;18;7;12;4;5;2;2;1;37;63;80;24083;2838;3571
2894;2025;43.51478, 5.44706;30;122;71;32;68;139;16;14;6;10;0;4;3;0;1;38;62;0;23981;391;10407
2895;2025;43.51478, 5.44706;20;213;257;87;257;126;19;16;5;12;9;13;7;3;3;26;63;69;23984;391;4881
2896;2025;43.51478, 5.44706;25;161;167;68;167;163;24;19;8;18;7;15;13;2;0;33;75;47;23988;391;3034
2897;2025;43.51478, 5.44706;25;321;366;160;366;105;25;23;10;24;2;14;13;1;0;40;96;14;23980;391;10449
2898;2025;43.51478, 5.44706;40;306;364;87;361;217;33;24;11;28;13;23;20;2;1;33;85;57;23990;391;555
2899;2025;43.51478, 5.44706;15;46;25;10;25;71;2;2;0;1;0;0;0;0;0;0;50;0;23991;391;9770
2900;2025;43.51478, 5.44706;35;246;347;121;346;190;33;26;7;31;8;23;16;2;5;21;94;35;23993;391;5336
2901;2025;43.51478, 5.44706;20;97;127;37;127;90;19;14;6;18;3;14;13;1;0;32;95;21;23994;391;1580
2902;2025;47.4797, -0.60283;18;205;230;68;230;139;18;13;1;15;1;12;9;2;1;6;83;8;35793;1618;9613
2903;2025;48.5782, 7.76566;60;67;66;21;63;79;14;10;7;11;1;9;4;2;3;50;79;11;8035;2450;7102
2904;2025;48.579, 7.7663;295;1173;1337;389;1336;1142;280;201;64;231;37;148;118;18;12;23;82;25;8039;2450;203
2905;2025;48.579, 7.7663;50;222;251;118;251;237;45;34;16;33;11;17;7;2;8;36;73;65;8053;2450;4121
2906;2025;48.579, 7.7663;40;136;147;59;144;179;38;24;24;30;3;19;15;2;2;63;79;16;14214;2450;1398
2907;2025;48.579, 7.7663;50;115;100;33;100;145;21;10;6;12;3;8;5;1;2;29;57;38;8041;2450;506
2908;2025;48.579, 7.7663;20;15;11;5;11;30;2;0;1;2;0;0;0;0;0;50;100;0;8042;2450;2373
2909;2025;48.579, 7.7663;40;112;77;30;77;138;22;16;10;14;3;11;5;0;6;45;64;27;8051;2450;11730
2910;2025;48.579, 7.7663;125;249;354;180;354;455;116;51;56;102;9;43;31;5;7;48;88;21;8043;2450;7525
2911;2025;48.579, 7.7663;20;58;40;21;40;71;9;7;4;7;0;2;2;0;0;44;78;0;21486;2450;9070
2912;2025;48.579, 7.7663;30;60;56;41;56;85;16;12;10;14;0;0;0;0;0;62;88;0;8045;2450;3257
2913;2025;48.579, 7.7663;75;204;194;76;194;254;55;48;34;45;11;23;7;6;10;62;82;48;8044;2450;10185
2914;2025;45.72171, 4.91718;6;203;227;94;223;76;8;6;0;6;0;3;2;1;0;0;75;0;35249;2577;10799
2915;2025;45.72166, 4.91714;6;257;291;112;289;93;7;3;0;5;2;5;2;3;0;0;71;40;35247;2577;11917
2916;2025;45.72163, 4.9172;6;203;244;106;243;64;7;7;0;7;0;4;3;0;1;0;100;0;35248;2577;2918
2917;2025;45.72165, 4.91727;59;452;451;164;447;426;62;45;3;54;5;22;19;2;1;5;87;23;35246;2577;3737
2918;2025;45.72169, 4.91714;27;430;476;165;474;240;29;23;0;27;3;14;11;2;1;0;93;21;35431;2577;10941
2919;2025;45.72177, 4.91718;27;404;462;164;461;185;28;25;1;27;2;19;16;2;1;4;96;11;35245;2577;713
2920;2025;46.57, 0.38173;40;185;228;45;228;193;60;49;59;60;10;50;42;5;3;98;100;20;28743;3390;7088
2921;2025;50.6273, 3.12434;300;1250;1228;379;1228;1392;210;174;149;177;30;92;81;8;3;71;84;33;7068;2121;9921
2922;2025;42.6846, 2.89905;9;69;64;16;32;24;3;1;1;2;0;2;1;1;0;33;67;0;18617;2389;2214
2923;2025;;4;12;17;6;0;0;0;0;0;0;0;0;0;0;0;0;0;0;30881;919;6597
2924;2025;47.73, 7.31129;20;84;65;20;65;98;20;18;2;14;2;7;5;0;2;10;70;29;8162;2479;5156
2925;2025;49.1889, -0.36388;30;187;196;66;196;193;30;29;24;28;3;14;8;4;2;80;93;21;44312;420;3944
2926;2025;16.0264, -61.6953;80;122;130;13;130;143;14;14;7;12;3;10;10;0;0;50;86;30;19515;3882;5774
2927;2025;48.12162, -1.70445;40;230;229;87;229;218;40;32;6;32;4;14;9;3;2;15;80;29;35478;1176;5933
2928;2025;48.12162, -1.70445;40;190;206;155;203;160;40;39;5;37;2;8;5;1;2;12;92;25;39868;1176;4578
2929;2025;50.6279, 3.12432;70;389;324;96;324;492;61;44;30;48;6;25;22;3;0;49;79;24;7070;2121;8863
2930;2025;45.7514, 4.82694;35;511;589;178;352;237;30;20;1;25;1;11;11;0;0;3;83;9;35837;2535;1912
2931;2025;48.88338, 2.31009;70;398;470;184;470;372;67;51;6;60;6;27;26;0;1;9;90;22;9285;2933;12629
2932;2025;48.88356, 2.3098;390;1463;1561;611;1554;1530;387;295;19;342;35;154;136;10;8;5;88;23;9286;2933;12378
2933;2025;48.9035, 2.21449;57;306;324;124;324;317;57;37;0;49;5;15;10;4;1;0;86;33;11096;3578;9549
2934;2025;48.9035, 2.21449;75;312;402;344;402;326;73;55;15;66;1;7;6;0;1;21;90;14;20898;3578;3839
2935;2025;45.1907, 5.77425;10;86;77;27;77;55;6;4;0;4;0;2;2;0;0;0;67;0;30914;1318;3757
2936;2025;48.3919, -4.48826;40;72;78;24;78;101;9;7;5;8;1;4;4;0;0;56;89;25;3865;813;4477
2937;2025;48.5782, 7.7627;30;206;192;62;192;229;23;17;8;17;2;7;3;1;3;35;74;29;8032;2450;2954
2938;2025;43.31626, -0.36509;90;268;253;69;253;324;44;34;28;36;3;18;10;2;6;64;82;17;15184;2358;9077
2939;2025;45.1907, 5.77425;70;410;401;106;401;446;54;40;28;46;7;24;20;1;3;52;85;29;30913;1318;8347
2940;2025;48.3919, -4.4883;80;253;272;68;272;302;49;38;31;39;6;24;23;0;1;63;80;25;3869;813;8705
2941;2025;49.0388, 2.07414;110;354;299;104;299;443;107;75;28;88;6;47;33;11;3;26;82;13;11645;3830;10519
2942;2025;47.73, 7.31127;40;193;170;45;170;211;40;26;2;27;6;21;9;6;6;5;68;29;8151;2479;12790
2943;2025;48.57821, 7.76259;115;655;625;195;625;618;96;77;21;74;12;42;32;3;7;22;77;29;8033;2450;2673
2944;2025;48.78042, 2.04423;65;324;236;75;236;295;59;43;3;38;2;27;22;2;3;5;64;7;10001;3121;5991
2945;2025;48.0487, -1.74492;20;12;7;0;7;7;0;0;0;0;0;0;0;0;0;0;0;0;13726;1197;5054
2946;2025;42.3002, 9.15389;50;80;80;14;80;96;13;9;9;13;5;10;8;1;1;69;100;50;43454;3849;5432
2947;2025;47.3129, 5.06603;30;202;201;60;201;235;26;16;5;17;3;12;7;0;5;19;65;25;35771;598;11563
2948;2025;45.7719, 3.09052;40;190;193;56;191;228;13;10;10;12;1;8;7;0;1;77;92;12;7644;2311;8766
2949;2025;47.2405, 6.02271;50;133;140;41;140;165;11;9;8;10;4;7;6;0;1;73;91;57;3546;696;10421
2950;2025;43.5784, 1.40266;60;514;415;216;415;671;69;49;23;43;5;13;8;4;1;33;62;38;4156;919;689
2951;2025;50.628, 3.12414;25;299;291;89;291;367;20;13;9;13;2;9;8;0;1;45;65;22;7069;2121;5091
2952;2025;48.66564, 6.16155;20;188;199;61;198;142;18;12;4;15;1;8;6;1;1;22;83;12;6350;1793;9630
2953;2025;47.24456, -1.55104;230;897;894;244;894;1090;182;136;109;142;21;85;66;11;8;60;78;25;5574;1506;9485
2954;2025;45.42671, 4.39217;40;297;340;87;338;290;40;29;5;29;9;24;20;2;2;12;72;38;12852;1394;12415
2955;2025;43.5784, 1.40266;225;1151;1097;498;1092;1435;258;203;138;191;22;72;51;13;8;53;74;31;17857;919;11780
2956;2025;48.82934, 2.38236;70;1644;674;240;428;426;69;53;53;61;10;38;35;2;1;77;88;26;9335;2938;2983
2957;2025;49.0388, 2.07414;15;153;87;20;27;33;14;10;9;14;0;11;11;0;0;64;100;0;11631;3830;1247
2958;2025;48.8293, 2.3809;105;847;962;317;962;641;102;79;4;79;10;49;46;1;2;4;77;20;47250;2938;7140
2959;2025;45.42671, 4.39217;55;373;296;79;295;351;45;37;2;31;9;23;11;3;9;4;69;39;5342;1394;7476
2960;2025;47.3135, 5.06429;85;447;488;125;487;474;84;67;43;82;11;51;46;2;3;51;98;22;13032;598;4736
2961;2025;45.7718, 3.09059;120;538;547;157;544;626;59;48;46;51;8;32;26;3;3;78;86;25;7643;2311;10925
2962;2025;44.934, 4.90292;45;224;209;61;209;242;36;29;9;27;7;15;11;1;3;25;75;47;3668;725;11620
2963;2025;48.8396, 2.58732;115;435;345;116;342;480;111;91;57;89;13;56;42;9;5;51;80;23;9914;3098;7076
2964;2025;47.2405, 6.02271;130;358;347;90;347;428;66;53;49;59;7;36;28;2;6;74;89;19;3553;696;4306
2965;2025;43.5784, 1.40266;420;1690;1234;574;1230;2134;485;369;151;365;39;111;70;25;16;31;75;35;4157;919;1863
2966;2025;50.2836, 2.79225;118;534;552;130;552;490;117;110;67;103;21;78;69;4;5;57;88;27;7512;2253;1533
2967;2025;49.1889, -0.36388;170;551;533;161;531;574;97;72;65;93;11;43;40;2;1;67;96;26;2886;420;10159
2968;2025;49.1208, 6.16217;50;291;309;85;309;240;46;42;3;42;5;24;20;1;3;7;91;21;6612;1928;10186
2969;2025;48.66564, 6.16155;87;475;439;120;439;444;83;67;6;66;7;36;27;3;6;7;80;19;6351;1793;5024
2970;2025;49.237, 4.00039;150;485;437;122;437;565;84;69;34;67;14;49;31;9;9;40;80;29;6135;1707;1005
2971;2025;50.7263, 1.60525;72;189;194;49;194;221;37;25;26;34;9;22;20;1;1;70;92;41;7501;2252;11715
2972;2025;51.0392, 2.37202;72;224;208;40;208;249;48;42;26;40;9;32;27;3;2;54;83;28;7184;2093;8542
2973;2025;49.1889, -0.36388;70;359;292;229;292;408;69;58;17;52;2;8;7;1;0;25;75;25;19539;420;7773
2974;2025;49.11981, 6.165;17;147;153;43;153;94;17;17;1;13;2;9;7;1;1;6;76;22;42936;1928;11840
2975;2025;48.66564, 6.16155;12;155;166;52;166;63;12;11;0;11;2;8;6;2;0;0;92;25;42935;1793;10521
2976;2025;48.8481, 2.32917;120;196;155;51;155;232;35;26;9;20;2;17;14;0;3;26;57;12;9455;2876;5964
2977;2025;43.8423, 4.35646;300;603;525;173;525;741;127;100;58;92;22;57;38;4;15;46;72;39;4013;876;8284
2978;2025;43.5784, 1.40266;65;425;503;175;499;540;77;54;60;60;12;42;30;2;10;78;78;29;30880;919;7175
2979;2025;50.3627, 3.52793;120;319;301;86;301;387;79;62;36;66;7;35;31;2;2;46;84;20;26419;2116;8706
2980;2025;43.31626, -0.36509;40;439;580;130;580;224;39;30;7;39;7;27;22;1;4;18;100;26;15186;2358;2083
2981;2025;48.8291, 2.38189;30;756;854;355;854;188;30;28;2;28;4;21;20;1;0;7;93;19;47199;2938;12266
2982;2025;43.48885, -1.47195;70;204;205;64;203;243;67;52;29;54;7;39;30;5;4;43;81;18;7770;2357;10648
2983;2025;50.3627, 3.52793;60;230;227;75;227;278;27;21;17;22;4;13;9;0;4;63;81;31;26418;2116;11237
2984;2025;48.9035, 2.21449;35;235;267;109;267;206;34;31;3;28;3;17;15;1;1;9;82;18;15134;3578;5145
2985;2025;45.4267, 4.39197;30;129;107;31;107;172;26;20;7;18;2;11;7;2;2;27;69;18;35607;1394;11295
2986;2025;48.9035, 2.21449;30;146;167;76;167;147;30;25;3;27;2;10;9;1;0;10;90;20;26753;3578;11547
2987;2025;50.2836, 2.79225;44;979;1361;285;1361;207;48;31;3;48;6;33;33;0;0;6;100;18;7514;2253;9303
2988;2025;44.7966, -0.61747;280;1028;877;254;875;1258;214;171;103;163;22;92;74;11;7;48;76;24;4395;1013;8199
2989;2025;44.7966, -0.61747;70;322;345;255;343;398;69;54;50;62;3;9;7;0;2;72;90;33;23355;1013;1739
2990;2025;44.7966, -0.61747;40;361;317;104;315;454;37;22;19;24;4;12;8;2;2;51;65;33;4396;1013;9287
2991;2025;44.7966, -0.61747;45;265;218;156;217;325;45;37;19;35;3;5;5;0;0;42;78;60;23354;1013;6421
2992;2025;43.1369, 6.01684;140;508;480;157;480;597;135;107;32;104;14;52;40;4;8;24;77;27;10365;3282;1985
2993;2025;45.7514, 4.82694;50;90;71;19;62;76;10;9;8;9;0;5;5;0;0;80;90;0;8264;2535;648
2994;2025;50.6326, 3.04654;100;249;267;82;267;301;13;11;12;13;1;9;8;0;1;92;100;11;12640;2014;6533
2995;2025;14.6479, -61.0995;60;100;100;16;100;116;20;16;8;16;2;15;9;5;1;40;80;13;15962;3913;5331
2996;2025;45.74818, 4.86046;30;241;243;90;239;224;27;21;3;15;4;9;4;2;3;11;56;44;43411;2580;1733
2997;2025;45.7514, 4.82694;50;91;75;28;69;83;8;8;3;7;1;3;3;0;0;38;88;33;28008;2535;2814
2998;2025;43.9499, 4.81762;35;460;498;178;498;125;34;33;9;32;6;24;23;1;0;26;94;25;35827;3328;10570
2999;2025;43.69955, 7.2482;35;525;580;222;580;126;35;31;4;33;6;28;28;0;0;11;94;21;32648;167;2838
3000;2025;48.9035, 2.21449;30;558;629;283;629;132;29;25;4;26;8;24;11;6;7;14;90;33;32482;3578;9707
3001;2025;45.558, 5.91097;30;357;403;115;402;116;30;27;7;30;4;25;16;5;4;23;100;16;35941;2718;4848
3002;2025;49.0388, 2.07414;35;265;298;111;298;143;35;32;20;32;7;21;16;3;2;57;91;33;31807;3830;1736
3003;2025;42.3002, 9.15389;30;149;165;52;165;109;31;26;29;31;7;22;19;1;2;94;100;32;32611;3849;1313
3004;2025;4.93198, -52.30111;30;302;354;87;354;107;30;26;21;29;10;22;22;0;0;70;97;45;32673;3938;474
3005;2025;43.31626, -0.36509;35;431;468;138;468;124;36;34;27;33;6;32;32;0;0;75;92;19;33491;2358;5592
3006;2025;46.5706, 0.38199;60;600;805;131;321;239;60;51;48;58;5;59;59;0;0;80;97;8;20738;3390;3920
3007;2025;45.7514, 4.82694;50;126;73;25;66;100;18;18;10;13;1;13;13;0;0;56;72;8;8266;2535;820
3008;2025;48.12162, -1.70445;200;816;792;250;790;923;151;109;64;121;16;65;48;10;7;42;80;25;4746;1176;5376
3009;2025;48.12162, -1.70445;60;286;330;261;326;250;60;45;15;53;1;4;3;1;0;25;88;25;26543;1176;10936
3010;2025;48.579, 7.7663;18;312;363;135;363;56;18;16;6;17;2;15;14;1;0;33;94;13;43168;2450;8017
3011;2025;45.7514, 4.82694;50;108;62;18;56;82;13;13;8;10;0;7;5;2;0;62;77;0;8265;2535;12796
3012;2025;47.2448, -1.55113;55;373;405;104;405;455;52;37;39;45;6;29;23;3;3;75;87;21;16851;1506;10628
3013;2025;48.8481, 2.32917;30;26;27;11;26;42;6;4;3;5;0;3;2;1;0;50;83;0;13242;2876;8328
3014;2025;44.7966, -0.61747;75;457;498;162;497;542;72;64;61;66;4;38;31;3;4;85;92;11;18038;1013;4973
3015;2025;48.8999, 2.34687;30;298;351;123;254;125;28;24;7;25;3;27;27;0;0;25;89;11;9292;2933;274
3016;2025;46.5685, 0.37938;40;205;411;65;410;243;39;18;17;35;3;38;38;0;0;44;90;8;28736;3390;5345
3017;2025;49.0388, 2.0742;15;138;307;76;304;97;15;8;1;15;4;11;11;0;0;7;100;36;48007;3829;5770
3018;2025;48.119, -1.64189;48;300;899;162;559;265;37;14;3;37;4;32;32;0;0;8;100;12;19164;1211;3238
3019;2025;46.6728, -1.41974;50;30;98;23;96;110;13;3;6;13;0;9;8;1;0;46;100;0;48170;3360;1219
3020;2025;44.8081, -0.59556;12;291;742;163;228;74;12;4;4;10;2;10;10;0;0;33;83;20;26335;1055;4449
3021;2025;43.6316, 3.86153;75;543;1670;430;1669;936;74;26;45;72;13;49;49;0;0;61;97;27;31670;1136;8574
3022;2025;43.1369, 6.01684;90;269;802;212;798;773;84;21;38;62;10;35;30;1;4;45;74;29;10372;3282;9197
3023;2025;46.6728, -1.41974;50;26;83;12;83;85;6;0;4;6;0;4;4;0;0;67;100;0;48171;3360;9990
3024;2025;48.3994, -4.49793;20;153;448;75;260;186;20;8;10;20;2;16;16;0;0;50;100;12;3878;813;6289
3025;2025;43.9123, 4.88931;120;205;535;130;535;598;68;19;19;52;8;24;16;5;3;28;76;33;10458;3328;8
3026;2025;47.7326, 7.31432;30;119;322;69;318;271;28;6;9;18;4;17;12;2;3;32;64;24;44307;2479;8711
3027;2025;48.5798, 7.76365;33;315;1008;197;642;418;33;6;28;31;3;31;31;0;0;85;94;10;8061;2450;2385
3028;2025;48.66449, 6.15905;12;61;114;33;114;80;12;6;0;10;0;5;4;1;0;0;83;0;42975;1816;9878
3029;2025;46.6728, -1.41974;50;18;36;4;36;45;6;0;5;6;1;4;4;0;0;83;100;25;48172;3360;8910
3030;2025;45.45109, 4.38848;40;261;352;131;351;181;38;29;4;31;8;32;23;5;4;11;82;25;32739;1394;10807
3031;2025;47.47101, -0.59131;35;266;361;108;359;124;35;29;15;32;5;30;28;1;1;43;91;17;32743;1618;10236
3032;2025;49.89887, 2.29897;30;248;329;98;329;182;30;22;6;24;2;16;12;2;2;20;80;12;35932;3205;11539
3033;2025;4.93198, -52.30111;30;70;68;13;68;80;22;19;16;19;14;16;10;3;3;73;86;88;32675;3938;1092
3034;2025;49.11112, 6.20609;35;178;266;75;262;177;34;26;3;30;4;25;17;5;3;9;88;16;32742;1892;638
3035;2025;42.6846, 2.89905;18;105;144;51;144;120;17;7;16;17;2;13;12;1;0;94;100;15;32741;2389;3723
3036;2025;16.2243, -61.5289;30;95;111;29;111;112;19;15;0;18;2;8;8;0;0;0;95;25;35942;3861;4205
3037;2025;14.6479, -61.0995;40;61;52;12;51;71;5;5;4;5;2;3;3;0;0;80;100;67;32740;3913;10876
3038;2025;51.0392, 2.37202;36;232;318;76;318;193;43;38;29;43;7;38;38;0;0;67;100;18;32417;2093;3967
3039;2025;43.1369, 6.01684;15;58;213;57;169;94;12;2;1;11;0;6;6;0;0;8;92;0;15138;3282;8846
3040;2025;43.2326, 5.44085;20;627;1898;526;1897;728;20;8;12;15;7;12;12;0;0;60;75;58;39222;306;7093
3041;2025;43.5194, 5.44036;40;615;1780;446;1779;829;35;10;4;21;6;24;22;1;1;11;60;25;39220;373;7093
3042;2025;43.3051, 5.37905;55;614;1890;531;1889;1080;46;11;23;38;7;26;25;1;0;50;83;27;39221;389;7093
3043;2025;43.2326, 5.44085;10;384;986;202;985;253;9;5;2;7;4;7;7;0;0;22;78;57;39224;306;6639
3044;2025;45.72168, 4.91722;24;145;320;153;313;192;26;7;0;23;4;8;7;1;0;0;88;50;35448;2577;8128
3045;2025;45.72165, 4.91724;11;155;341;158;334;113;11;0;0;11;1;8;7;1;0;0;100;12;35316;2577;7817
3046;2025;45.72169, 4.91727;25;424;678;313;670;219;29;18;0;23;3;16;12;2;2;0;79;19;35317;2577;10343
3047;2025;45.72168, 4.91718;30;419;751;335;743;245;33;19;0;26;0;19;18;1;0;0;79;0;35420;2577;3282
3048;2025;45.72171, 4.9172;11;249;444;222;432;136;14;9;0;10;2;6;4;1;1;0;71;33;35318;2577;1494
3049;2025;45.72166, 4.91727;25;383;697;282;689;242;27;12;0;22;2;12;12;0;0;0;81;17;35319;2577;973
3050;2025;44.8081, -0.59556;110;479;1089;329;1089;688;115;51;54;115;11;84;78;6;0;47;100;13;19133;1055;5867
3051;2025;47.2354, -1.55555;36;179;471;108;470;419;58;16;58;58;7;42;40;1;1;100;100;17;39127;1506;6122
3052;2025;48.82726, 2.36464;187;1352;3229;1048;3229;982;187;81;107;158;29;138;138;0;0;57;84;21;9217;2837;12712
3053;2025;48.8396, 2.58732;52;207;581;161;581;279;51;18;22;44;10;44;44;0;0;43;86;23;9927;3098;2357
3054;2025;48.81177, 2.14886;50;195;500;164;500;265;49;19;2;38;9;36;36;0;0;4;78;25;9988;3128;9351
3055;2025;47.46217, -0.5459;60;110;212;37;212;242;30;16;22;29;2;22;22;0;0;73;97;9;5886;1651;394
3056;2025;49.213, -0.36849;40;158;208;55;208;173;40;31;17;33;2;26;24;2;0;42;82;8;36265;420;4014
3057;2025;43.31389, -0.36375;35;175;233;75;233;134;34;26;5;32;3;24;24;0;0;15;94;12;32734;2359;7601
3058;2025;50.6089, 3.13891;65;184;387;173;387;331;63;24;39;53;6;26;26;0;0;62;84;23;7089;2121;9034
3059;2025;43.3359, 5.41107;45;353;1169;293;440;188;45;18;31;43;5;44;44;0;0;69;96;11;12611;399;8780
3060;2025;42.6846, 2.89905;8;8;32;9;15;11;9;3;5;9;0;8;6;2;0;56;100;0;47273;2389;1442
3061;2025;47.3961, 0.68152;5;9;13;3;1;1;1;1;1;1;0;1;0;1;0;100;100;0;32136;1238;9866
3062;2025;48.78039, 2.04426;30;65;76;21;0;2;0;0;0;0;0;0;0;0;0;0;0;0;14318;3121;7874
3063;2025;42.6846, 2.89905;13;25;58;15;21;21;14;6;10;14;1;11;11;0;0;71;100;9;47272;2389;11089
3064;2025;47.3961, 0.68152;10;42;130;33;10;10;10;3;10;10;2;9;8;1;0;100;100;22;32133;1238;3141
3065;2025;43.5784, 1.40266;40;34;122;40;67;50;42;12;35;42;5;26;22;3;1;83;100;19;4159;919;12069
3066;2025;44.7966, -0.61747;70;181;320;105;257;228;61;26;18;55;7;37;30;4;3;30;90;19;4416;1013;11028
3067;2025;47.3961, 0.68155;20;20;33;5;26;28;6;1;4;6;0;4;3;1;0;67;100;0;32089;1238;6135
3068;2025;48.8999, 2.34681;230;503;813;279;314;375;152;64;94;127;9;78;68;10;0;62;84;12;9273;2933;8519
3069;2025;49.4583, 1.06895;40;66;90;28;9;12;2;0;0;2;0;0;0;0;0;0;100;0;9691;2988;12037
3070;2025;47.3962, 0.68152;15;26;39;9;15;17;5;4;4;4;0;2;1;1;0;80;80;0;32109;1238;10140
3071;2025;45.752, 4.85464;118;469;903;308;898;501;127;71;25;111;12;88;72;10;6;20;87;14;35250;2573;8505
3072;2025;48.12162, -1.70445;200;317;648;236;648;690;170;51;96;160;19;97;77;14;6;56;94;20;4739;1176;4614
3073;2025;47.3135, 5.06427;80;188;300;94;300;367;60;29;45;53;7;30;17;9;4;75;88;23;3271;598;3165
3074;2025;49.4583, 1.06895;130;213;359;120;354;433;88;38;59;78;10;50;35;12;3;67;89;20;9690;2988;1956
3075;2025;47.3962, 0.68196;160;289;495;150;494;591;114;40;90;109;15;65;48;8;9;79;96;23;4883;1238;12557
3076;2025;43.5784, 1.40266;40;65;94;19;64;75;38;17;14;29;7;24;21;3;0;37;76;29;23925;919;3842
3077;2025;49.11981, 6.165;70;148;238;66;233;256;46;23;12;38;5;27;18;6;3;26;83;19;43204;1928;10685
3078;2025;43.6308, 3.87033;135;401;602;215;602;813;143;63;84;122;14;53;38;11;4;59;85;26;4587;1100;12388
3079;2025;43.5784, 1.40266;40;66;123;36;68;74;32;17;15;30;10;20;20;0;0;47;94;50;4158;919;1856
3080;2025;48.69462, 6.16615;70;165;290;87;290;227;60;24;15;53;10;31;21;4;6;25;88;32;43206;1793;6854
3081;2025;48.5783, 7.76278;60;219;490;189;488;178;56;30;10;54;5;31;28;0;3;18;96;16;15993;2450;5802
3082;2025;49.4583, 1.06895;45;92;344;129;245;179;45;10;13;45;1;24;20;4;0;29;100;4;9692;2988;5500
3083;2025;43.5194, 5.44036;10;71;451;148;450;251;10;2;1;7;0;6;5;1;0;10;70;0;39227;373;7390
3084;2025;43.2326, 5.44085;10;79;459;148;458;220;9;0;6;7;1;5;5;0;0;67;78;20;39229;306;7390
3085;2025;43.3112, 5.37922;20;87;459;161;457;344;18;2;3;12;3;9;7;2;0;17;67;33;39228;389;7390
3086;2025;43.2905, 5.40023;150;3178;4727;953;4712;1617;143;79;27;113;18;139;139;0;0;19;79;13;28013;395;382
3087;2025;48.7015, 2.17988;215;6915;10624;1981;10624;1778;214;112;80;208;16;205;205;0;0;37;97;8;27915;3538;8362
3088;2025;48.7015, 2.17988;100;9178;12298;2297;12298;1101;97;78;3;91;23;85;85;0;0;3;94;27;45076;3538;4401
3089;2025;47.2113, -1.55591;40;1363;1820;360;1820;568;44;38;26;43;5;43;40;3;0;59;98;12;32024;1506;1018
3090;2025;47.2108, -1.55572;108;2086;2762;508;2762;792;119;94;79;119;12;119;114;3;2;66;100;10;28140;1506;7032
3091;2025;44.6086, 4.39464;20;976;1356;248;1356;131;19;12;0;14;3;15;15;0;0;0;74;20;48859;187;629
3092;2025;48.8376, 2.3604;1200;10546;15253;2832;15253;4098;1197;871;163;1107;255;1197;1197;0;0;14;92;21;28451;2933;11152
3093;2025;48.85083, 2.34123;200;6645;9051;1855;9051;766;200;174;26;193;43;200;200;0;0;13;96;22;28675;2933;1681
3094;2025;45.48261, 4.36594;36;1466;2456;391;2437;216;36;11;1;34;2;33;33;0;0;3;94;6;27853;1394;2844
3095;2025;45.48261, 4.36594;36;1460;2178;339;2147;277;36;21;0;34;5;34;34;0;0;0;94;15;27843;1394;6697
3096;2025;45.48261, 4.36594;111;1909;2940;479;2878;726;110;63;6;90;20;78;71;5;2;5;82;26;27847;1394;12202
3097;2025;45.48261, 4.36594;36;2201;3192;505;3161;242;36;25;0;33;7;33;33;0;0;0;92;21;27856;1394;9610
3098;2025;47.488, -0.55103;825;2418;3463;611;3463;1742;812;577;561;799;92;699;670;20;9;69;98;13;28517;1618;2754
3099;2025;47.31946, 5.06615;106;2441;3566;459;3560;552;115;74;24;114;25;108;105;3;0;21;99;23;27682;598;11455
3100;2025;47.7887, 3.59238;5;1297;1877;286;1873;41;5;2;0;5;1;5;5;0;0;0;100;20;40427;3475;11455
3101;2025;46.99129, 3.14283;4;1267;1839;273;1836;30;4;3;0;4;0;4;4;0;0;0;100;0;28061;1947;11455
3102;2025;46.9912, 3.14278;3;680;1106;177;1104;28;3;1;0;3;0;2;2;0;0;0;100;0;28051;1947;8480
3103;2025;47.31941, 5.06606;77;1249;2035;283;2034;575;77;34;13;77;10;65;61;4;0;17;100;15;27679;598;8480
3104;2025;47.7887, 3.59238;5;716;1138;197;1136;44;5;2;0;3;0;4;3;1;0;0;60;0;40426;3475;8480
3105;2025;45.74144, 4.88105;710;6065;8615;1541;8613;2253;708;490;241;697;115;699;695;4;0;34;98;16;28322;2572;4185
3106;2025;45.7413, 4.88053;100;5429;7516;1387;7516;664;106;90;11;106;10;102;101;1;0;10;100;10;28195;2572;259
3107;2025;45.74149, 4.8807;75;3935;5472;1082;5470;924;75;65;49;62;13;71;70;1;0;65;83;18;28180;2572;10745
3108;2025;45.7818, 4.86821;35;2070;3555;768;3555;1212;35;16;24;30;9;32;32;0;0;69;86;28;43394;2572;3730
3109;2025;45.7818, 4.86821;195;3734;5973;1105;5973;2068;194;104;164;186;24;179;179;0;0;85;96;13;28178;2572;3730
3110;2025;45.7415, 4.8806;325;5507;8023;1394;8021;1604;325;239;304;322;65;317;316;1;0;94;99;21;28177;2572;3730
3111;2025;45.7415, 4.88062;35;3539;5637;1124;5637;562;33;18;15;25;4;28;27;1;0;45;76;14;28179;2572;3730
3112;2025;45.7596, 3.08913;80;1263;1891;321;1878;359;79;54;23;79;11;79;79;0;0;29;100;14;26636;2311;11848
3113;2025;45.7596, 3.08913;40;857;1263;228;1258;348;40;31;6;34;4;26;21;5;0;15;85;15;26642;2311;2967
3114;2025;45.7596, 3.08917;80;1040;1756;278;1741;501;80;44;59;76;4;71;71;0;0;74;95;6;26635;2311;4435
3115;2025;45.2019, 5.74534;850;3399;4675;943;4581;3535;802;499;464;560;104;614;557;50;7;58;70;17;30790;1318;1094
3116;2025;48.85186, 2.34015;650;10726;15880;3101;15767;3641;637;407;87;583;108;534;511;22;1;14;92;20;33532;2938;764
3117;2025;48.85186, 2.34015;80;7044;10402;2268;10349;828;80;53;0;73;12;73;72;1;0;0;91;16;33526;2938;9974
3118;2025;48.85186, 2.34015;70;7230;11592;2222;11520;434;70;42;6;68;13;59;59;0;0;9;97;22;33536;2938;12275
3119;2025;48.85186, 2.34015;100;10409;14148;2867;14095;1042;100;87;1;91;25;94;88;6;0;1;91;27;33539;2938;10898
3120;2025;48.85186, 2.34015;80;8628;12145;2352;12097;776;79;63;1;71;13;76;75;1;0;1;90;17;33537;2938;7108
3121;2025;48.85186, 2.34015;100;9869;13976;2676;13928;698;100;73;10;97;7;95;93;2;0;10;97;7;33538;2938;4772
3122;2025;48.85186, 2.34015;470;10393;14440;2876;14364;1871;466;360;124;460;92;447;444;3;0;27;99;21;33527;2938;3660
3123;2025;48.85186, 2.34015;40;11628;15474;3275;15395;260;40;33;3;38;7;31;31;0;0;8;95;23;33540;2938;4376
3124;2025;48.85186, 2.34015;40;8123;12694;2492;12642;338;40;19;1;37;6;37;35;2;0;2;92;16;33534;2938;10955
3125;2025;48.85186, 2.34015;50;9967;14403;2860;14309;477;50;42;4;43;6;39;39;0;0;8;86;15;39874;2938;904
3126;2025;48.916, 2.42229;60;5100;7223;1508;7223;606;60;45;1;46;12;60;60;0;0;2;77;20;28683;3660;1207
3127;2025;48.916, 2.42229;30;5184;7558;1595;7557;278;30;23;1;26;4;30;30;0;0;3;87;13;28685;3660;1207
3128;2025;48.916, 2.42229;10;4576;6460;1325;6460;119;10;9;0;9;2;10;10;0;0;0;90;20;29026;3660;10950
3129;2025;48.916, 2.42229;20;5335;7748;1608;7748;205;20;12;0;17;2;20;20;0;0;0;85;10;28999;3660;10950
3130;2025;48.916, 2.42229;10;5584;7679;1519;7679;110;10;10;0;8;2;10;10;0;0;0;80;20;29028;3660;10950
3131;2025;48.916, 2.42229;30;8262;11523;2101;11523;277;30;24;0;27;5;30;30;0;0;0;90;17;29029;3660;2328
3132;2025;48.916, 2.42229;30;5938;8864;1607;8864;317;28;19;0;25;6;28;28;0;0;0;89;21;29030;3660;2328
3133;2025;48.916, 2.42229;60;9420;13125;2469;13125;388;60;51;0;59;21;60;60;0;0;0;98;35;28681;3660;3717
3134;2025;43.5608, 1.46936;36;2937;4031;786;4031;215;39;31;0;39;9;39;39;0;0;0;100;23;29843;959;4184
3135;2025;43.5608, 1.46936;35;1880;2842;558;2842;259;38;32;0;38;7;37;37;0;0;0;100;19;29847;959;9557
3136;2025;49.899, 2.29897;50;1011;1505;266;1489;733;51;33;39;44;6;45;43;2;0;76;86;13;29571;3205;3931
3137;2025;49.8764, 2.26387;30;912;1392;254;1377;661;27;18;9;24;5;21;16;4;1;33;89;24;43214;3205;9129
3138;2025;49.8764, 2.26387;32;946;1453;265;1436;457;29;22;1;27;5;24;21;3;0;3;93;21;43213;3205;6096
3139;2025;49.8764, 2.26387;600;2881;4350;654;4318;1558;598;375;167;589;100;569;569;0;0;28;98;18;28590;3205;11568
3140;2025;49.8764, 2.26387;100;2893;4149;598;4125;419;104;82;29;104;18;103;103;0;0;28;100;17;43215;3205;8175
3141;2025;48.4005, -4.50073;40;406;698;170;698;349;41;23;0;41;2;15;14;1;0;0;100;13;35885;813;3002
3142;2025;48.4005, -4.50073;80;507;826;172;826;569;77;41;2;72;2;36;33;3;0;3;94;6;35884;813;1933
3143;2025;50.6041, 3.03077;150;2653;3769;730;3743;1352;152;111;5;152;28;111;105;6;0;3;100;25;29180;2121;10977
3144;2025;50.6044, 3.03092;60;5888;7769;1266;7720;415;60;53;41;58;6;58;54;4;0;68;97;10;36433;2121;5846
3145;2025;45.81392, 1.23433;26;1457;2282;327;2247;171;26;14;1;26;3;23;23;0;0;4;100;13;31765;3419;9387
3146;2025;45.81374, 1.2342;26;699;1187;207;1169;212;25;12;0;21;0;24;24;0;0;0;84;0;31766;3419;1388
3147;2025;48.1173, -1.69604;160;3512;4880;736;4880;892;176;132;6;176;19;163;157;4;2;3;100;12;32647;1211;6223
3148;2025;47.75, -3.36667;24;960;1326;238;1326;236;25;17;0;25;4;18;17;1;0;0;100;22;48064;1877;3020
3149;2025;47.75, -3.36667;12;473;752;153;752;126;11;4;0;11;3;5;3;1;1;0;100;60;48065;1877;4882
3150;2025;49.4959, 0.12911;90;1510;2253;348;2216;566;89;70;37;85;13;81;80;1;0;42;96;16;28530;3026;2804
3151;2025;49.438, 1.10831;200;2317;3313;614;3279;919;211;157;46;211;36;201;197;4;0;22;100;18;28835;2990;5556
3152;2025;49.438, 1.10831;153;2414;3598;637;3566;477;153;116;82;150;25;152;151;1;0;54;98;16;32798;2990;4764
3153;2025;49.438, 1.10831;150;2017;3136;578;3103;821;152;85;48;152;18;138;138;0;0;32;100;13;32799;2990;4283
3154;2025;48.7838, 2.03938;40;7343;10376;1721;10153;350;38;24;0;38;4;34;32;2;0;0;100;12;29175;3121;4119
3155;2025;48.7818, 2.04148;80;5072;7768;1312;7607;726;79;52;2;68;7;73;72;1;0;3;86;10;32680;3121;9289
3156;2025;44.7966, -0.61747;40;210;282;90;281;306;39;21;27;35;4;26;20;4;2;69;90;15;18087;1013;5963
3157;2025;48.9001, 2.3469;10;26;29;13;29;35;10;4;0;10;0;1;1;0;0;0;100;0;19362;2933;11404
3158;2025;50.6279, 3.12467;100;525;604;229;602;703;98;61;49;80;11;44;37;4;3;50;82;25;7094;2121;4249
3159;2025;48.8989, 2.36039;30;400;595;260;595;152;30;18;11;27;4;19;18;0;1;37;90;21;18033;2837;2279
3160;2025;43.5784, 1.40266;100;678;1080;585;1075;1075;110;70;108;110;7;30;23;4;3;98;100;23;4161;919;11592
3161;2025;43.5784, 1.40266;120;699;1066;630;1061;1061;146;82;146;146;15;44;36;6;2;100;100;34;30871;919;2077
3162;2025;49.90428, 2.29963;18;191;222;92;222;137;17;15;10;16;4;13;8;3;2;59;94;31;25334;3205;1259
3163;2025;46.5685, 0.37946;40;166;352;42;352;305;40;20;15;34;5;32;25;4;3;38;85;16;28737;3390;10350
3164;2025;49.0388, 2.0742;15;91;197;45;194;69;14;5;0;13;3;13;13;0;0;0;93;23;48008;3829;752
3165;2025;46.6728, -1.41974;25;22;26;17;25;38;0;0;0;0;0;0;0;0;0;0;0;0;48174;3360;1531
3166;2025;48.8287, 2.38241;10;115;221;115;221;55;9;5;0;9;0;6;6;0;0;0;100;0;47255;2938;6823
3167;2025;46.6728, -1.41974;25;13;56;12;56;51;4;1;4;4;0;3;3;0;0;100;100;0;48173;3360;11806
3168;2025;44.8081, -0.59556;12;189;430;107;308;89;11;4;5;9;1;5;5;0;0;45;82;20;26340;1055;10171
3169;2025;43.5608, 1.46936;40;664;1409;366;1409;393;40;18;0;29;6;34;33;1;0;0;72;18;44416;959;12541
3170;2025;45.1916, 5.76534;28;177;535;159;317;186;25;9;8;23;1;21;21;0;0;32;92;5;30909;1318;9371
3171;2025;46.56845, 0.37962;30;97;345;46;236;144;29;5;15;28;4;28;28;0;0;52;97;14;35386;3390;8317
3172;2025;43.3374, 5.41216;15;272;676;284;675;448;14;3;3;9;0;6;6;0;0;21;64;0;39172;399;415
3173;2025;43.3051, 5.37897;10;276;667;277;666;364;8;3;3;5;2;3;3;0;0;38;62;67;39171;389;415
3174;2025;43.5194, 5.44036;15;251;633;249;632;498;14;5;14;14;1;6;6;0;0;100;100;17;39170;373;415
3175;2025;43.3374, 5.41216;10;174;373;104;373;156;10;4;0;9;3;9;9;0;0;0;90;33;39175;399;12389
3176;2025;43.3052, 5.37824;20;295;845;320;845;556;18;2;11;14;6;13;13;0;0;61;78;46;39207;389;8272
3177;2025;43.5194, 5.44036;10;253;716;264;716;290;8;3;3;5;0;4;4;0;0;38;62;0;39206;373;8272
3178;2025;43.2326, 5.44085;10;297;858;314;858;410;8;3;2;6;0;7;7;0;0;25;75;0;39208;306;8272
3179;2025;43.2326, 5.44085;10;205;461;135;461;171;10;5;1;9;3;8;8;0;0;10;90;38;39210;306;7335
3180;2025;48.1191, -1.64189;36;374;825;223;528;498;36;17;23;36;1;30;30;0;0;64;100;3;19166;1211;5082
3181;2025;44.8081, -0.59556;12;323;549;117;337;82;12;6;4;8;2;9;9;0;0;33;67;22;26339;1055;5922
3182;2025;47.2358, -1.55536;50;336;723;189;723;750;49;23;35;40;4;22;17;5;0;71;82;18;39128;1506;7192
3183;2025;43.47913, -1.50876;80;232;416;94;415;423;50;26;13;42;8;31;26;4;1;26;84;26;7798;2361;3552
3184;2025;47.7281, 7.30818;60;220;456;120;454;400;60;29;29;53;13;39;21;12;6;48;88;33;8157;2479;12806
3185;2025;47.7283, 7.30823;15;82;99;16;38;34;8;5;5;7;1;6;6;0;0;62;88;17;8161;2479;10584
3186;2025;45.83704, 1.23554;36;152;271;96;268;316;19;10;12;16;3;8;6;2;0;63;84;38;20743;3419;1546
3187;2025;48.8396, 2.58732;15;201;274;67;143;117;15;7;4;10;1;10;10;0;0;27;67;10;9924;3098;5099
3188;2025;43.1369, 6.01684;15;65;146;40;116;88;12;4;0;9;2;5;5;0;0;0;75;40;15133;3282;7310
3189;2025;43.3374, 5.41216;15;548;1016;368;1016;638;14;9;13;13;1;4;4;0;0;93;93;25;43582;399;1055
3190;2025;43.5194, 5.44036;10;488;915;302;915;225;10;7;3;8;0;5;5;0;0;30;80;0;43580;373;1055
3191;2025;43.3112, 5.37922;10;565;1048;373;1048;553;9;5;3;5;0;5;5;0;0;33;56;0;43581;389;1055
3192;2025;50.6326, 3.04654;24;394;585;166;585;168;23;15;0;17;2;19;19;0;0;0;74;11;39089;2014;2125
3193;2025;50.6322, 3.04492;45;76;90;23;70;88;26;15;9;20;1;17;14;3;0;35;77;6;29153;2125;5334
3194;2025;50.6329, 3.04528;50;103;71;15;71;134;9;8;2;8;2;7;6;0;1;22;89;29;44309;2043;10705
3195;2025;50.3627, 3.52793;36;72;203;72;117;51;43;15;35;43;2;32;28;4;0;81;100;6;44148;2116;6914
3196;2025;50.6328, 3.04502;40;218;286;29;285;267;39;25;7;26;3;32;31;1;0;18;67;9;44310;2013;5397
3197;2025;48.3995, -4.50561;180;774;1074;217;1070;1229;176;104;66;141;22;87;52;29;6;38;80;25;28758;813;3046
3198;2025;47.9723, -4.0933;80;481;709;146;705;748;76;35;25;54;8;46;32;11;3;33;71;17;28757;821;3610
3199;2025;48.4005, -4.50073;20;159;231;70;229;211;18;10;8;14;2;5;2;2;1;44;78;40;28828;813;4518
3200;2025;43.519, 5.44921;459;2385;4671;1096;4606;3781;551;226;547;551;112;417;375;35;7;99;100;27;12528;390;10154
3201;2025;43.5189, 5.44922;45;677;1127;296;1102;467;44;31;19;39;7;34;33;0;1;43;89;21;28492;390;8019
3202;2025;50.62054, 3.07158;30;682;1028;222;226;90;30;21;6;29;4;26;25;1;0;20;97;15;24490;2121;2329
3203;2025;43.6063, 1.43672;630;2706;4740;1329;4740;3005;667;354;328;620;130;481;360;109;12;49;93;27;4135;957;6073
3204;2025;43.6063, 1.43672;60;795;1192;388;1192;381;60;41;43;60;10;49;49;0;0;72;100;20;27932;957;11506
3205;2025;43.3004, 5.37444;476;2302;4346;1331;4252;3700;459;215;293;360;104;266;169;73;24;64;78;39;20745;378;521
3206;2025;43.3004, 5.37444;45;868;1431;473;1399;428;43;27;27;37;12;29;28;0;1;63;86;41;28490;378;3715
3207;2025;48.4005, -4.50073;315;1230;1761;531;1760;1731;286;182;180;254;14;170;160;9;1;63;89;8;36234;813;4657
3208;2025;48.4005, -4.50073;80;584;833;130;833;643;77;53;30;67;3;58;47;10;1;39;87;5;36236;813;11895
3209;2025;45.7606, 3.11368;160;994;1406;238;1385;810;160;118;92;150;27;139;124;14;1;58;94;19;26648;2311;10446
3210;2025;45.77994, 4.8718;560;3594;5279;1953;5279;3001;558;379;212;441;77;298;283;13;2;38;79;26;8345;2572;2594
3211;2025;45.7818, 4.86821;150;2534;3597;792;3597;800;149;95;7;146;44;127;127;0;0;5;98;35;27057;2572;11951
3212;2025;45.4229, 4.42567;35;220;282;125;281;254;35;17;1;20;2;15;10;4;1;3;57;13;35615;1394;969
3213;2025;45.4229, 4.42569;10;174;244;36;241;101;9;6;0;5;1;6;6;0;0;0;56;17;35623;1394;6347
3214;2025;45.7605, 3.11352;300;1400;1453;491;1435;1936;278;176;133;232;19;125;99;24;2;48;83;15;32771;2311;1663
3215;2025;47.8502, 1.93351;40;167;146;62;146;246;38;22;12;23;2;18;13;5;0;32;61;11;39279;1531;4866
3216;2025;47.8502, 1.93351;10;36;27;16;27;53;10;4;3;6;1;5;5;0;0;30;60;20;47174;1531;3964
3217;2025;47.23604, -1.55564;36;734;1118;353;1118;1116;47;27;47;47;5;21;19;2;0;100;100;24;32033;1506;10761
3218;2025;47.2358, -1.55549;36;648;961;136;961;481;36;26;27;36;3;30;30;0;0;75;100;10;32035;1506;4540
3219;2025;45.1916, 5.76533;115;1143;1653;756;1611;1124;101;60;24;60;4;18;14;3;1;24;59;22;31921;1318;4362
3220;2025;45.1915, 5.76533;45;657;908;174;880;677;42;27;25;29;8;34;30;3;1;60;69;24;31923;1318;2326
3221;2025;45.7606, 3.11356;50;256;380;107;376;466;31;20;24;28;4;17;15;2;0;77;90;24;30990;2311;7317
3222;2025;50.6106, 3.14097;50;76;115;40;60;89;33;12;15;25;3;13;1;11;1;45;76;23;39396;2121;9367
3223;2025;47.8502, 1.93351;40;210;421;159;419;444;38;18;34;34;4;13;10;3;0;89;89;31;39185;1531;11723
3224;2025;47.8502, 1.93351;10;40;60;24;60;60;10;6;1;8;0;3;3;0;0;10;80;0;47171;1531;5143
3225;2025;45.83752, 1.23554;50;273;343;174;338;387;20;11;16;17;4;7;5;2;0;80;85;57;20742;3419;9479
3226;2025;45.83659, 1.23785;24;209;190;35;185;278;20;14;8;16;2;9;9;0;0;40;80;22;27209;3419;2116
3227;2025;46.1148, 5.81717;24;163;377;151;377;145;23;10;2;16;2;10;7;3;0;9;70;20;48860;1;8811
3228;2025;45.7606, 3.11355;50;253;424;117;416;528;40;7;17;36;2;11;8;3;0;42;90;18;30988;2311;828
3229;2025;48.7015, 2.17988;20;167;317;174;314;99;20;6;2;18;0;17;17;0;0;10;90;0;39184;3538;11441
3230;2025;44.9173, 4.91557;75;688;873;346;872;772;51;31;36;40;2;21;15;3;3;71;78;10;35758;725;1673
3231;2025;44.9173, 4.91557;35;481;641;137;641;426;34;27;25;29;11;30;22;8;0;74;85;37;35760;725;3881
3232;2025;48.85083, 2.34123;12;338;252;83;33;36;12;10;9;9;2;8;8;0;0;75;75;25;30873;2933;535
3233;2025;47.3132, 5.07254;415;920;2463;698;2404;2518;298;72;134;267;23;151;140;7;4;45;90;15;13003;598;3194
3234;2025;47.3132, 5.07257;55;413;824;193;797;486;53;26;2;45;5;33;28;4;1;4;85;15;27640;598;8387
3235;2025;48.85083, 2.34123;95;690;1241;750;1241;622;93;46;34;70;12;51;50;1;0;37;75;24;47325;2933;10544
3236;2025;48.85083, 2.34123;15;356;614;190;614;153;14;10;1;8;4;10;10;0;0;7;57;40;47327;2933;10867
3237;2025;48.7885, 2.44418;175;2342;3215;1344;3133;840;171;134;6;117;1;4;4;0;0;4;68;25;28503;3732;7734
3238;2025;48.7885, 2.44418;30;1791;2498;550;2445;158;29;16;2;23;3;5;5;0;0;7;79;60;48612;3732;3063
3239;2025;42.6846, 2.89905;130;653;957;225;957;646;127;81;29;111;21;93;72;15;6;23;87;23;31755;2389;1399
3240;2025;42.6846, 2.89905;30;514;746;130;746;121;31;26;6;27;8;31;31;0;0;19;87;26;31757;2389;7232
3241;2025;44.2082, 0.62735;190;2730;3544;606;3542;1294;188;141;6;170;31;135;106;19;10;3;90;23;26328;1580;3134
3242;2025;45.19652, 0.71795;165;2687;3487;591;3484;1244;158;113;11;135;25;121;96;21;4;7;85;21;26329;661;6820
3243;2025;44.797, -0.61799;1285;8302;10913;1917;10906;3655;1280;986;299;1218;204;1119;1070;42;7;23;95;18;26330;1055;287
3244;2025;-20.9017, 55.4852;500;1327;1598;300;1598;1633;344;246;255;303;99;258;194;49;15;74;88;38;26495;3958;6046
3245;2025;-21.2698, 55.507;410;1038;1232;246;1232;1172;241;185;136;219;61;163;127;30;6;56;91;37;26494;3990;4983
3246;2025;50.7263, 1.60525;180;780;816;114;816;883;178;139;42;150;22;125;104;19;2;24;84;18;39871;2252;11719
3247;2025;51.0392, 2.37202;180;757;854;119;854;946;168;127;95;152;32;128;107;16;5;57;90;25;39870;2093;2818
3248;2025;44.2082, 0.62735;30;580;813;199;808;251;24;19;1;23;4;18;11;5;2;4;96;22;26607;1580;9185
3249;2025;45.19652, 0.71795;30;618;863;192;859;286;15;11;1;15;1;12;7;4;1;7;100;8;27099;661;277
3250;2025;44.7971, -0.61808;30;1317;1807;412;1800;244;29;26;2;29;6;26;19;4;3;7;100;23;27100;1055;4232
3251;2025;-20.9017, 55.4852;50;341;465;88;465;390;42;32;39;42;14;29;21;6;2;93;100;48;27543;3958;10065
3252;2025;-21.2698, 55.507;50;270;365;80;365;308;27;20;20;27;6;21;14;4;3;74;100;29;27542;3990;1931
3253;2025;50.7263, 1.60525;43;293;194;31;194;357;40;27;1;25;5;25;16;7;2;2;62;20;39872;2252;4676
3254;2025;50.3694, 3.0739;35;916;1316;218;1315;207;35;25;1;33;9;34;34;0;0;3;94;26;32167;2096;2216
3255;2025;50.3694, 3.0739;435;1963;2677;393;2675;1880;434;318;220;421;77;380;324;49;7;51;97;20;7190;2096;4379
3256;2025;43.29818, 5.38262;30;824;1077;215;1074;169;30;19;2;26;10;27;27;0;0;7;87;37;42860;377;1754
3257;2025;43.5192, 5.44757;40;1194;1526;274;1522;143;40;34;24;35;8;36;36;0;0;60;88;22;42861;336;3259
3258;2025;43.614, 3.87448;1000;6566;8687;1757;8679;3243;997;779;455;895;195;823;782;31;10;46;90;24;4541;1136;4916
3259;2025;43.6138, 3.87447;30;1149;1572;380;1571;261;28;24;5;22;5;21;20;1;0;18;79;24;28693;1136;533
3260;2025;45.1891, 5.77189;533;2628;3465;657;3448;2221;535;408;353;475;88;465;410;44;11;66;89;19;31043;1318;1446
3261;2025;45.1891, 5.7719;30;409;542;114;537;330;29;27;14;20;7;23;14;7;2;48;69;30;31045;1318;5553
3262;2025;14.6479, -61.0995;250;549;613;92;613;642;171;135;54;160;43;138;104;28;6;32;94;31;11839;3913;2064
3263;2025;14.6479, -61.0995;20;131;115;17;115;121;13;12;3;9;2;10;7;3;0;23;69;20;28284;3913;1350
3264;2025;44.9333, 4.90331;243;1252;1602;270;1594;1073;240;187;147;206;45;210;168;36;6;61;86;21;31040;725;8530
3265;2025;44.9334, 4.90329;15;234;290;65;289;154;12;9;3;10;5;10;7;2;1;25;83;50;31042;725;775
3266;2025;45.1542, 1.50998;80;339;444;54;443;282;80;63;20;75;15;71;63;6;2;25;94;21;3172;554;2853
3267;2025;45.1541, 1.51;20;127;90;22;90;152;16;11;0;13;0;9;5;3;1;0;81;0;27741;554;3043
3268;2025;45.8249, 1.26035;400;1412;1756;289;1752;1496;385;270;144;355;61;302;239;56;7;37;92;20;10718;3419;7411
3269;2025;45.8249, 1.26038;45;253;240;54;238;268;39;25;2;28;6;20;18;2;0;5;72;30;27743;3419;8867
3270;2025;47.8502, 1.93351;250;1645;2251;374;2234;1138;274;206;94;272;54;231;231;0;0;34;99;23;5703;1531;3588
3271;2025;47.8502, 1.93351;25;307;411;90;408;165;24;20;0;17;7;19;15;4;0;0;71;37;47458;1531;30
3272;2025;48.3995, -4.50568;335;1499;1934;348;1931;1619;336;258;201;336;42;280;244;28;8;60;100;15;28754;813;11689
3273;2025;47.9723, -4.0933;145;962;1229;214;1227;999;145;112;75;144;19;114;95;17;2;52;99;17;28753;821;12149
3274;2025;48.4005, -4.50073;25;250;305;61;304;250;23;13;1;16;4;15;15;0;0;4;70;27;28826;813;4895
3275;2025;47.9723, -4.0933;15;184;214;45;213;188;12;8;1;8;2;7;6;0;1;8;67;29;32733;821;8027
3276;2025;46.2082, 5.21965;130;1617;2017;378;2004;622;131;105;15;130;15;109;93;12;4;11;99;14;2037;22;1240
3277;2025;45.7482, 4.86045;1205;8694;11419;2378;11302;3888;1233;975;663;1231;209;1074;1011;53;10;54;100;19;8530;2580;12761
3278;2025;46.2082, 5.21965;20;305;379;97;378;105;20;17;2;18;3;12;12;0;0;10;90;25;28559;22;6206
3279;2025;45.74818, 4.86046;60;1740;2261;563;2236;400;65;58;2;65;13;53;53;0;0;3;100;25;28564;2580;10059
3280;2025;48.3996, -4.50553;35;443;534;72;427;136;33;31;13;31;2;32;32;0;0;39;94;6;19229;813;7672
3281;2025;47.9723, -4.09354;80;228;294;78;294;275;79;66;65;79;3;58;55;3;0;82;100;5;26489;821;9792
3282;2025;43.54, 6.46002;160;590;789;126;789;605;156;117;44;136;27;126;97;21;8;28;87;21;10398;3302;9119
3283;2025;43.54, 6.46002;5;92;124;33;124;29;5;5;0;3;1;2;1;1;0;0;60;50;31837;3302;3333
3284;2025;43.12208, 5.9387;600;2227;2968;546;2967;2268;592;431;159;505;137;482;357;86;39;27;85;28;10366;3282;12238
3285;2025;43.12225, 5.9386;25;426;556;138;556;189;25;21;8;22;5;18;11;7;0;32;88;28;30856;3282;6301
3286;2025;48.7015, 2.17988;155;3161;4213;1039;4196;1395;162;132;21;136;29;143;133;9;1;13;84;20;25014;3538;4182
3287;2025;48.78164, 2.28598;335;3942;5291;1176;5275;1845;335;278;59;306;51;296;273;17;6;18;91;17;11118;3540;8008
3288;2025;48.7015, 2.17988;20;645;867;270;859;122;19;17;3;18;3;16;16;0;0;16;95;19;35413;3538;760
3289;2025;48.0161, 0.15928;220;1125;1526;271;1523;1046;238;171;149;215;50;216;189;19;8;63;90;23;8736;2689;7023
3290;2025;48.0868, -0.75922;100;472;637;104;637;422;111;84;61;109;10;102;84;15;3;55;98;10;6229;1760;10801
3291;2025;48.0161, 0.15928;15;138;178;46;177;97;14;13;3;12;0;10;6;4;0;21;86;0;26861;2689;7572
3292;2025;48.0868, -0.75922;10;74;104;31;104;62;10;7;1;9;2;9;7;1;1;10;90;22;26780;1760;5363
3293;2025;44.00912, 1.36048;140;1211;1532;234;1532;624;136;104;62;131;26;125;108;15;2;46;96;21;10326;3260;7933
3294;2025;43.6063, 1.43672;1200;8005;10653;2194;10644;3634;1237;944;901;1236;251;1094;973;94;27;73;100;23;17908;957;55
3295;2025;44.0091, 1.36061;10;212;276;65;276;49;10;8;3;10;3;5;4;1;0;30;100;60;39644;3260;8476
3296;2025;43.6063, 1.43672;70;1328;1813;443;1810;404;68;61;5;62;20;47;37;8;2;7;91;43;28420;957;10109
3297;2025;48.9035, 2.21449;25;1023;1243;216;110;60;25;23;6;23;0;22;22;0;0;24;92;0;38449;3578;971
3298;2025;48.9035, 2.21449;115;1958;2397;403;2342;447;113;93;14;101;18;91;91;0;0;12;89;20;11074;3578;6927
3299;2025;48.7015, 2.17978;15;88;109;50;71;64;16;13;2;16;1;7;7;0;0;12;100;14;33111;3545;1098
3300;2025;48.7015, 2.17978;10;137;78;25;41;39;8;6;3;7;1;7;7;0;0;38;88;14;28941;3545;12309
3301;2025;43.6036, 3.8995;370;1514;3577;1085;3511;2372;378;123;156;378;66;234;210;21;3;41;100;28;17165;1136;8594
3302;2025;43.6035, 3.8991;30;617;1088;342;1069;175;22;13;18;19;6;18;18;0;0;82;86;33;28724;1136;12070
3303;2025;48.2978, 4.0803;140;364;503;108;499;793;133;47;20;79;13;66;47;13;6;15;59;20;43262;225;10502
3304;2025;48.2978, 4.0803;140;393;508;121;502;730;136;62;25;96;24;66;38;25;3;18;71;36;43261;225;6808
3305;2025;49.2327, 4.00789;160;774;1764;421;1749;976;158;53;29;152;27;108;98;8;2;18;96;25;43259;1707;5980
3306;2025;49.2327, 4.00789;160;795;1662;414;1644;873;159;61;28;157;39;122;100;20;2;18;99;32;43258;1707;6348
3307;2025;45.7693, 3.09355;60;418;867;212;481;252;59;30;14;56;7;46;46;0;0;24;95;15;27507;2311;8837
3308;2025;50.6337, 3.04508;45;239;369;30;292;164;43;37;31;43;2;41;40;1;0;72;100;5;32267;2012;3884
3309;2025;50.6337, 3.04508;150;579;1069;88;855;771;135;72;68;129;8;111;109;2;0;50;96;7;32283;2012;1696
3310;2025;47.8502, 1.93351;10;30;78;23;78;72;9;6;0;9;0;4;2;0;2;0;100;0;47172;1531;8067
3311;2025;48.8296, 2.38076;85;1809;3530;1169;3530;679;86;62;20;68;13;71;71;0;0;23;79;18;9352;2938;12757
3312;2025;48.8296, 2.38076;6;552;855;347;855;50;6;4;0;5;3;5;5;0;0;0;83;60;32337;2938;6417
3313;2025;45.7695, 3.09347;40;228;373;99;367;241;39;25;25;34;7;25;23;1;1;64;87;28;26671;2311;7223
3314;2025;48.7804, 2.04419;152;897;2047;553;2047;777;150;48;7;131;29;111;111;0;0;5;87;26;28616;3121;5651
3315;2025;48.7803, 2.04431;9;238;436;140;436;51;9;6;1;8;0;7;7;0;0;11;89;0;29271;3121;4424
3316;2025;-20.9017, 55.4852;280;997;1511;357;1505;1807;245;102;86;181;64;123;46;45;32;35;74;52;26501;3958;4400
3317;2025;-21.2698, 55.507;180;688;1125;247;1122;1132;139;53;37;108;41;65;21;25;19;27;78;63;26500;3990;6071
3318;2025;-20.9017, 55.4852;50;335;594;148;591;497;40;23;32;39;15;29;14;7;8;80;98;52;28309;3958;12450
3319;2025;-21.2698, 55.507;100;251;459;104;457;338;28;17;7;28;12;20;11;2;7;25;100;60;28308;3990;10169
3320;2025;14.6479, -61.0995;250;348;603;112;603;632;149;63;42;135;37;92;62;26;4;28;91;40;39998;3913;7018
3321;2025;14.6479, -61.0995;20;132;234;39;234;126;18;11;2;15;5;13;7;5;1;11;83;38;40000;3913;2710
3322;2025;16.2243, -61.5289;250;327;571;83;570;610;125;62;39;101;46;79;62;12;5;31;81;58;39484;3861;7945
3323;2025;16.2243, -61.5289;40;158;228;19;228;213;28;21;2;24;13;24;15;6;3;7;86;54;39486;3861;5051
3324;2025;49.4959, 0.12911;100;473;1010;243;979;865;98;31;61;84;9;45;37;7;1;62;86;20;9731;3007;1421
3325;2025;49.4959, 0.12911;24;187;312;79;300;156;23;15;7;22;7;19;18;1;0;30;96;37;27023;3007;10043
3326;2025;48.3996, -4.50552;30;260;485;90;360;243;29;14;11;27;1;26;26;0;0;38;93;4;19318;813;5499
3327;2025;45.1893, 5.77276;520;1818;4009;1041;3926;3126;517;195;229;408;81;358;254;88;16;44;79;23;31046;1318;8785
3328;2025;45.1893, 5.77276;30;447;810;243;798;455;29;19;27;27;7;23;19;3;1;93;93;30;31048;1318;10797
3329;2025;44.9332, 4.90334;77;448;1013;187;1002;737;75;22;32;50;10;60;56;3;1;43;67;17;31049;725;12228
3330;2025;44.9333, 4.90317;5;88;166;42;165;41;4;1;0;3;0;3;3;0;0;0;75;0;31051;725;3915
3331;2025;50.6102, 3.14245;570;2406;5213;1412;5139;3214;558;202;222;547;103;384;329;48;7;40;98;27;7043;2121;5804
3332;2025;50.6098, 3.14329;35;784;1387;347;1373;420;36;22;8;36;7;32;31;1;0;22;100;22;29711;2121;4932
3333;2025;44.797, -0.61796;680;3163;7344;2038;7103;3038;662;217;42;607;86;462;417;36;9;6;92;19;4462;1055;7354
3334;2025;44.797, -0.61802;30;856;1680;456;1622;215;27;13;0;25;3;25;25;0;0;0;93;12;26670;1055;5316
3335;2025;47.6451, -2.7454;200;1451;2928;581;2860;1383;204;90;87;204;17;181;175;6;0;43;100;9;6508;1866;1322
3336;2025;47.6451, -2.7454;20;267;527;156;505;137;20;12;5;17;2;14;11;2;1;25;85;14;26728;1866;9805
3337;2025;48.3995, -4.5055;180;585;1044;302;1030;1058;144;50;70;112;8;72;56;12;4;49;78;11;3873;813;5467
3338;2025;48.4005, -4.50073;20;115;206;83;202;179;19;16;14;14;2;6;2;2;2;74;74;33;27830;813;12499
3339;2025;48.8452, 2.39666;120;724;1053;387;1053;550;118;76;6;108;11;77;72;5;0;5;92;14;48682;2838;8464
3340;2025;48.8452, 2.39666;40;1029;1550;512;1550;201;39;28;3;35;5;27;22;5;0;8;90;19;48684;2838;11011
3341;2025;48.8452, 2.39666;30;527;740;252;740;285;30;21;0;25;1;19;19;0;0;0;83;5;48685;2838;468
3342;2025;48.8452, 2.39666;120;756;1098;336;1098;545;118;83;8;109;21;89;86;3;0;7;92;24;48681;2838;8365
3343;2025;14.6479, -61.0995;70;55;85;15;85;110;17;9;7;12;2;9;7;1;1;41;71;22;43463;3913;1832
3344;2025;14.6479, -61.0995;50;78;58;7;58;121;21;12;8;15;3;14;8;3;3;38;71;21;43465;3913;1565
3345;2025;50.628, 3.12475;60;1315;2056;485;508;189;60;42;19;54;4;56;56;0;0;32;90;7;29032;2121;4344
3346;2025;48.7885, 2.44418;90;207;340;125;324;397;89;39;27;74;10;41;33;4;4;30;83;24;24389;3732;3889
3347;2025;48.7885, 2.44418;25;86;127;60;122;72;25;17;13;19;5;15;14;1;0;52;76;33;28279;3732;5126
3348;2025;45.192, 5.77437;190;606;1075;288;1074;1017;138;52;49;109;15;79;66;10;3;36;79;19;31061;1318;10767
3349;2025;45.1919, 5.7743;25;142;166;55;166;191;22;16;3;13;0;8;5;2;1;14;59;0;31063;1318;11073
3350;2025;47.9723, -4.09361;75;238;311;69;311;379;51;25;37;44;4;30;25;1;4;73;86;13;3888;821;4985
3351;2025;47.9723, -4.0933;15;121;49;14;49;163;13;7;0;8;1;4;4;0;0;0;62;25;35548;821;1242
3352;2025;45.7717, 3.09063;40;189;139;50;137;241;37;26;5;27;6;17;13;4;0;14;73;35;26678;2311;6203
3353;2025;47.9723, -4.09354;75;333;357;92;357;348;39;29;13;36;3;24;20;1;3;33;92;12;3887;821;3267
3354;2025;47.9723, -4.0933;15;101;53;15;53;128;11;6;0;5;0;8;7;1;0;0;45;0;35546;821;3835
3355;2025;45.1919, 5.77413;95;604;767;225;764;699;70;50;46;55;10;45;39;3;3;66;79;22;31064;1318;2047
3356;2025;45.1919, 5.77413;9;114;144;44;142;51;7;5;0;6;0;6;5;0;1;0;86;0;31066;1318;6915
3357;2025;47.4427, -0.53254;60;220;346;42;270;218;55;38;36;52;7;46;45;1;0;65;95;15;26069;1628;2203
3358;2025;45.77, 4.82012;60;247;357;55;265;245;60;36;31;58;3;47;47;0;0;52;97;6;26070;2624;2203
3359;2025;48.4005, -4.50073;150;143;655;198;648;770;138;22;45;112;8;38;30;5;3;33;81;21;35595;813;10984
3360;2025;48.4005, -4.50073;40;105;137;60;133;256;35;20;4;25;2;14;13;1;0;11;71;14;35683;813;6175
3361;2025;14.6479, -61.0995;100;229;267;75;267;266;49;32;13;40;10;20;8;9;3;27;82;50;19466;3913;46
3362;2025;14.6479, -61.0995;40;125;96;14;96;148;28;23;2;24;8;19;10;9;0;7;86;42;26843;3913;12338
3363;2025;50.6278, 3.12515;120;401;521;199;519;616;116;56;75;101;9;45;32;9;4;65;87;20;15700;2121;3396
3364;2025;50.628, 3.12459;35;212;309;99;309;187;33;19;14;30;5;24;24;0;0;42;91;21;29713;2121;995
3365;2025;45.6415, 5.87052;40;93;610;162;602;305;39;3;16;32;4;32;29;2;1;41;82;12;8826;2725;1959
3366;2025;45.6415, 5.87052;5;45;135;44;132;40;5;0;0;4;1;5;5;0;0;0;80;20;29665;2725;10721
3367;2025;16.2243, -61.5289;200;80;266;44;266;294;59;10;39;53;11;41;25;14;2;66;90;27;19626;3861;868
3368;2025;16.2243, -61.5289;20;40;73;11;73;91;13;1;4;9;2;6;3;2;1;31;69;33;36238;3861;5649
3369;2025;44.9173, 4.91557;60;117;491;166;473;388;44;10;19;35;3;25;23;1;1;43;80;12;35777;725;6625
3370;2025;44.9173, 4.91557;5;33;102;42;99;30;2;0;0;2;0;0;0;0;0;0;100;0;35779;725;6848
3371;2025;48.1152, -1.63859;160;247;1348;471;1266;879;158;20;61;135;21;96;83;12;1;39;85;22;19304;1211;4705
3372;2025;49.3871, 1.06872;216;191;1143;463;1089;972;209;35;95;194;35;101;68;25;8;45;93;35;39465;3018;3030
3373;2025;47.8502, 1.93351;10;35;176;51;176;59;9;2;2;8;2;8;8;0;0;22;89;25;47168;1531;10916
3374;2025;48.8396, 2.58732;192;477;2154;773;2154;856;189;35;102;166;31;146;146;0;0;54;88;21;14836;3098;11701
3375;2025;43.92, 2.139;57;121;656;212;656;452;52;8;19;48;10;38;32;5;1;37;92;26;10310;3248;1626
3376;2025;43.92, 2.139;3;53;162;80;162;32;3;0;0;2;0;0;0;0;0;0;67;0;35917;3248;9272
3377;2025;48.1157, -1.63859;24;68;475;123;458;139;23;3;5;20;2;20;19;1;0;22;87;10;39288;1211;11932
3378;2025;47.6451, -2.7454;75;185;617;131;605;625;53;12;14;42;4;24;23;0;1;26;79;17;35541;1866;11356
3379;2025;47.6451, -2.7454;18;97;141;32;138;136;11;5;0;7;3;6;5;1;0;0;64;50;35543;1866;12514
3380;2025;45.1915, 5.76538;215;472;1850;643;1741;1328;191;43;90;147;13;101;97;4;0;47;77;13;31939;1318;135
3381;2025;45.1915, 5.76529;10;146;382;137;358;110;8;2;0;7;0;2;2;0;0;0;88;0;31941;1318;5164
3382;2025;47.24638, -1.55111;40;227;279;77;279;192;51;47;43;51;7;37;27;7;3;84;100;19;32021;1506;11401
3383;2025;44.35624, 2.56417;50;440;636;137;628;468;47;33;21;45;8;32;27;3;2;45;96;25;2516;269;3426
3384;2025;44.35624, 2.56417;10;138;191;49;186;67;11;9;1;9;2;9;9;0;0;9;82;22;39960;269;10681
3385;2025;47.4629, -0.54627;15;28;38;8;38;41;5;4;5;5;0;5;4;1;0;100;100;0;17385;1651;2674
3386;2025;47.4629, -0.54627;5;30;10;3;10;37;3;3;0;2;0;1;0;1;0;0;67;0;28968;1651;1056
3387;2025;47.4629, -0.54627;60;301;347;43;346;369;41;37;32;36;2;32;24;5;3;78;88;6;17387;1651;1782
3388;2025;47.4629, -0.54627;6;45;52;11;52;41;5;4;0;4;0;3;3;0;0;0;80;0;28971;1651;5419
3389;2025;47.47974, -0.60286;35;173;210;54;210;237;29;14;17;21;4;16;12;4;0;59;72;25;5927;1618;1059
3390;2025;47.47944, -0.60364;5;37;45;7;45;18;5;4;0;4;0;4;3;1;0;0;80;0;26806;1618;3183
3391;2025;47.47968, -0.60297;200;978;1124;188;1124;1065;191;144;89;165;24;141;101;33;7;47;86;17;5928;1618;2599
3392;2025;47.47949, -0.60317;5;144;171;25;171;25;5;3;1;5;1;5;5;0;0;20;100;20;26953;1618;1359
3393;2025;47.47976, -0.60281;36;165;164;60;164;199;29;25;20;26;4;15;10;2;3;69;90;27;5929;1618;5828
3394;2025;47.47958, -0.60321;5;29;46;18;46;22;5;2;0;4;0;2;1;1;0;0;80;0;26985;1618;1104
3395;2025;48.3924, -4.4883;200;554;633;125;632;711;89;65;46;75;13;57;38;12;7;52;84;23;28764;813;12496
3396;2025;47.9723, -4.0933;75;344;415;81;414;441;47;34;23;41;11;38;24;10;4;49;87;29;28763;821;3316
3397;2025;47.9723, -4.0933;15;111;107;31;107;124;15;13;7;11;2;9;8;1;0;47;73;22;35586;821;3338
3398;2025;48.0171, 0.15753;80;155;149;30;147;205;28;18;15;25;5;17;14;2;1;54;89;29;8737;2689;12342
3399;2025;48.0171, 0.15753;5;31;31;6;30;27;4;4;0;4;1;3;1;2;0;0;100;33;43232;2689;1175
3400;2025;48.0171, 0.15753;120;516;630;124;628;667;125;90;96;105;26;94;55;24;15;77;84;28;8738;2689;12811
3401;2025;48.0171, 0.15753;2;74;85;16;84;10;2;2;0;2;0;2;2;0;0;0;100;0;43234;2689;581
3402;2025;49.4312, 2.08925;150;547;625;135;623;701;139;90;32;110;33;91;47;30;14;23;79;36;23565;2160;9429
3403;2025;48.8265, 2.38277;40;117;113;46;113;129;40;29;2;31;1;19;13;5;1;5;78;5;47268;2938;423
3404;2025;48.8265, 2.38277;15;98;120;43;119;37;16;12;5;14;5;12;10;2;0;31;88;42;47270;2938;9728
3405;2025;48.8265, 2.38277;70;612;756;346;752;314;68;60;5;56;8;35;24;7;4;7;82;23;47259;2938;4186
3406;2025;48.8265, 2.38277;30;609;715;276;707;135;30;30;1;24;9;23;23;0;0;3;80;39;47261;2938;12313
3407;2025;43.51478, 5.44706;40;777;1007;541;999;194;40;33;2;35;3;18;10;4;4;5;88;17;24002;391;10935
3408;2025;43.51478, 5.44706;321;1633;1831;548;1828;1757;319;211;85;242;52;176;133;21;22;27;76;30;2728;391;10935
3409;2025;47.47967, -0.60269;36;21;18;4;18;28;5;2;1;1;0;1;1;0;0;20;20;0;13996;1618;7564
3410;2025;49.1205, 6.16243;12;42;39;12;39;43;3;3;0;3;0;1;1;0;0;0;100;0;6605;1928;11698
3411;2025;47.47944, -0.60322;10;46;15;3;15;49;7;5;1;4;0;1;1;0;0;14;57;0;27313;1618;4446
3412;2025;49.1206, 6.16247;10;47;58;17;58;44;9;7;0;7;1;3;2;0;1;0;78;33;26929;1928;11843
3413;2025;47.4629, -0.54627;55;261;298;43;298;338;20;15;15;20;3;12;11;0;1;75;100;25;27509;1651;6013
3414;2025;47.47968, -0.60275;165;1023;1276;266;1276;672;165;132;85;154;20;126;115;4;7;52;93;16;5932;1618;3837
3415;2025;48.7885, 2.44418;136;859;1153;322;1150;764;134;91;28;134;19;97;80;14;3;21;100;20;24381;3732;4661
3416;2025;48.7885, 2.44418;14;625;846;231;844;114;14;10;0;11;0;10;10;0;0;0;79;0;43249;3732;2171
3417;2025;47.4629, -0.54627;5;47;53;6;53;36;4;4;0;4;0;4;3;1;0;0;100;0;28947;1651;11159
3418;2025;47.47966, -0.60305;10;181;214;37;214;46;10;9;0;8;2;10;10;0;0;0;80;20;28327;1618;6632
3419;2025;47.4629, -0.54627;30;83;97;11;97;105;8;8;8;8;1;7;6;0;1;100;100;14;5884;1651;5722
3420;2025;47.4629, -0.54627;4;36;15;0;15;31;3;3;0;1;0;3;3;0;0;0;33;0;28950;1651;7515
3421;2025;47.4797, -0.60279;70;306;266;56;266;335;59;43;27;36;13;36;20;12;4;46;61;36;13997;1618;9755
3422;2025;48.7885, 2.44418;60;243;219;60;217;295;57;33;7;32;17;32;21;7;4;12;56;53;24382;3732;4079
3423;2025;48.7885, 2.44418;10;122;160;46;158;67;10;8;1;9;4;7;5;2;0;10;90;57;43250;3732;5809
3424;2025;47.47958, -0.60339;10;114;122;26;122;50;10;10;1;7;2;6;5;1;0;10;70;33;28330;1618;3028
3425;2025;48.8999, 2.34691;145;2043;2594;874;2583;675;142;122;11;124;19;85;83;2;0;8;87;22;9272;2933;6155
3426;2025;48.8997, 2.3467;17;751;896;269;892;115;16;15;0;14;2;13;13;0;0;0;88;15;28335;2933;9701
3427;2025;48.8834, 2.31009;90;172;83;48;82;245;88;66;5;25;7;18;11;6;1;6;28;39;9284;2933;9735
3428;2025;48.8834, 2.31002;40;96;71;30;70;114;34;29;6;29;4;14;12;1;1;18;85;29;28444;2933;7949
3429;2025;48.8999, 2.34683;120;448;391;115;391;493;119;90;11;88;19;64;53;7;4;9;74;30;9280;2933;9903
3430;2025;48.89968, 2.34676;17;239;277;86;276;58;16;16;2;16;3;11;11;0;0;12;100;27;28439;2933;3434
3431;2025;48.88341, 2.31035;55;127;106;42;106;177;40;28;4;22;3;10;8;2;0;10;55;30;9282;2933;12683
3432;2025;48.88337, 2.30997;12;59;70;20;70;51;12;10;1;7;2;9;9;0;0;8;58;22;28442;2933;8602
3433;2025;48.8289, 2.38223;200;2643;3438;1122;3438;1019;197;150;5;172;48;136;122;6;8;3;87;35;9328;2938;6065
3434;2025;48.3922, -4.48845;260;568;706;177;706;746;122;84;69;116;15;69;54;4;11;57;95;22;28644;813;11786
3435;2025;47.9723, -4.0933;75;373;471;105;471;470;61;42;39;55;13;37;30;2;5;64;90;35;28643;821;252
3436;2025;48.8289, 2.38223;19;822;1007;333;1007;107;19;17;1;17;2;14;13;0;1;5;89;14;35814;2938;12374
3437;2025;48.4005, -4.50073;20;187;239;65;239;191;23;19;23;23;4;17;15;0;2;100;100;24;35655;813;10989
3438;2025;47.9723, -4.0933;15;129;158;44;158;160;14;12;3;14;2;11;8;3;0;21;100;18;35587;821;11861
3439;2025;45.7758, 3.09233;80;404;549;317;542;541;102;78;102;102;11;23;17;6;0;100;100;48;27534;2311;7857
3440;2025;45.7758, 3.09233;275;760;851;208;845;990;169;124;123;153;30;105;88;3;14;73;91;29;27535;2311;5891
3441;2025;45.72173, 4.91728;15;110;120;62;118;94;16;16;0;15;2;5;2;2;1;0;94;40;43240;2577;5438
3442;2025;45.72173, 4.91728;15;194;232;118;230;142;18;17;0;18;5;8;2;5;1;0;100;62;35287;2577;941
3443;2025;45.7759, 3.09248;50;215;155;104;152;265;49;37;15;37;1;4;4;0;0;31;76;25;27538;2311;4773
3444;2025;45.776, 3.09244;150;168;173;44;172;205;26;21;18;22;4;16;14;2;0;69;85;25;27539;2311;9725
3445;2025;48.8289, 2.38223;135;432;516;252;516;470;130;95;14;103;16;63;49;10;4;11;79;25;9329;2938;572
3446;2025;48.8289, 2.38223;20;208;254;90;254;93;20;17;1;18;3;15;14;1;0;5;90;20;29400;2938;12122
3447;2025;48.8289, 2.38223;37;96;62;35;62;130;36;20;8;25;2;11;8;0;3;22;69;18;9334;2938;3114
3448;2025;48.8289, 2.38223;5;40;52;29;52;17;5;5;0;5;1;2;1;0;1;0;100;50;29394;2938;2454
3449;2025;43.51478, 5.44706;49;210;161;53;161;251;33;25;8;23;3;12;7;4;1;24;70;25;2735;391;12146
3450;2025;43.51478, 5.44706;35;150;129;94;128;160;35;26;5;26;2;5;5;0;0;14;74;40;43300;391;4930
3451;2025;48.017, 0.15753;80;23;22;8;21;31;0;0;0;0;0;0;0;0;0;0;0;0;8739;2689;1129
3452;2025;48.0171, 0.15753;10;43;4;0;4;53;0;0;0;0;0;0;0;0;0;0;0;0;26879;2689;4600
3453;2025;48.0171, 0.15753;140;649;745;150;745;824;136;104;100;111;22;88;67;11;10;74;82;25;8740;2689;11230
3454;2025;48.0171, 0.15753;5;87;113;29;113;26;5;5;0;2;2;3;3;0;0;0;40;67;43236;2689;10750
3455;2025;48.0171, 0.15753;80;148;139;30;139;172;24;21;18;22;2;16;13;2;1;75;92;12;8741;2689;6512
3456;2025;48.017, 0.15753;5;36;39;11;39;19;5;5;0;5;0;3;2;1;0;0;100;0;26884;2689;11864
3457;2025;48.8452, 2.39666;30;62;37;13;36;95;30;19;9;12;2;10;8;1;1;30;40;20;48269;2838;9091
3458;2025;48.8452, 2.39666;30;65;18;7;17;87;28;16;0;4;2;8;4;2;2;0;14;25;48268;2838;9708
3459;2025;48.8452, 2.39666;8;146;198;82;198;67;8;8;0;7;3;6;4;2;0;0;88;50;47910;2838;3265
3460;2025;48.8452, 2.39666;40;461;567;235;567;172;40;37;3;39;1;28;26;1;1;8;98;4;47912;2838;5356
3461;2025;48.8452, 2.39666;50;654;851;317;851;261;49;40;6;44;10;32;21;5;6;12;90;31;47913;2838;9151
3462;2025;48.8452, 2.39666;50;1442;1800;552;1800;233;50;44;5;44;12;41;39;0;2;10;88;29;47914;2838;7227
3463;2025;48.8452, 2.39666;6;46;68;36;68;32;6;5;0;5;0;2;2;0;0;0;83;0;47915;2838;10492
3464;2025;48.8452, 2.39666;14;256;320;133;320;83;14;13;0;11;0;9;9;0;0;0;79;0;47916;2838;10279
3465;2025;48.8452, 2.39666;36;823;1030;338;1030;300;35;28;0;34;10;29;20;3;6;0;97;34;47917;2838;11380
3466;2025;48.8452, 2.39666;8;127;180;67;180;33;8;5;2;8;1;6;4;0;2;25;100;17;47918;2838;2062
3467;2025;48.8452, 2.39666;20;723;937;329;937;142;20;14;0;14;2;15;13;0;2;0;70;13;47911;2838;5071
3468;2025;48.8452, 2.39666;130;1675;2176;638;2176;574;128;103;9;120;20;100;82;8;10;7;94;20;47919;2838;8564
3469;2025;48.8452, 2.39666;35;509;649;443;649;180;34;31;4;31;4;12;9;0;3;12;91;33;48019;2838;6369
3470;2025;48.8452, 2.39666;19;564;728;501;728;108;18;16;1;18;0;7;6;0;1;6;100;0;48021;2838;7368
3471;2025;48.8452, 2.39666;20;643;836;549;836;140;20;19;3;17;3;7;6;0;1;15;85;43;48020;2838;5214
3472;2025;48.8452, 2.39666;85;978;1274;830;1274;360;85;70;15;75;4;31;22;3;6;18;88;13;48022;2838;1657
3473;2025;48.8452, 2.39666;2;140;165;102;155;5;2;2;1;2;0;2;2;0;0;50;100;0;47617;2838;9612
3474;2025;48.8452, 2.39666;3;76;92;57;85;24;3;3;0;3;0;2;1;1;0;0;100;0;47618;2838;10835
3475;2025;48.8452, 2.39666;8;123;142;82;133;42;8;6;0;6;1;4;3;0;1;0;75;25;47619;2838;3448
3476;2025;48.8452, 2.39666;5;33;40;23;40;29;5;5;0;4;2;2;1;0;1;0;80;100;47620;2838;5574
3477;2025;48.8452, 2.39666;12;129;155;100;145;79;12;9;1;8;0;1;1;0;0;8;67;0;47621;2838;5175
3478;2025;48.8452, 2.39666;37;229;296;89;295;166;37;28;1;34;7;27;19;4;4;3;92;26;47632;2838;5961
3479;2025;48.8452, 2.39666;20;126;121;37;120;130;19;14;0;13;0;7;4;1;2;0;68;0;47633;2838;1893
3480;2025;48.8452, 2.39666;20;224;281;87;279;93;20;18;0;19;2;15;14;0;1;0;95;13;47634;2838;5108
3481;2025;48.8452, 2.39666;10;125;151;46;150;73;10;7;0;10;2;7;7;0;0;0;100;29;47636;2838;9026
3482;2025;48.8452, 2.39666;15;153;168;52;167;130;15;11;0;11;2;7;6;1;0;0;73;29;47635;2838;5887
3483;2025;48.8452, 2.39666;19;111;117;42;116;107;19;14;0;14;4;11;10;1;0;0;74;36;47637;2838;11480
3484;2025;48.8452, 2.39666;8;99;107;38;107;58;8;6;0;7;0;4;4;0;0;0;88;0;47638;2838;8885
3485;2025;48.8452, 2.39666;95;327;294;81;293;395;92;72;4;81;18;44;29;10;5;4;88;41;47639;2838;12254
3486;2025;48.8452, 2.39666;15;58;69;24;69;62;15;10;2;9;1;7;3;3;1;13;60;14;47611;2838;8591
3487;2025;48.8452, 2.39666;11;66;72;28;72;52;11;8;2;10;1;6;6;0;0;18;91;17;47612;2838;10990
3488;2025;48.8452, 2.39666;5;20;14;5;14;25;5;2;1;3;1;3;2;0;1;20;60;33;47613;2838;467
3489;2025;48.8452, 2.39666;52;147;64;21;64;191;51;32;2;25;6;13;5;3;5;4;49;46;47614;2838;11852
3490;2025;48.8452, 2.39666;8;50;58;21;58;51;8;7;0;7;1;3;2;0;1;0;88;33;47623;2838;10080
3491;2025;48.8452, 2.39666;1;9;20;7;20;7;1;1;0;1;0;1;1;0;0;0;100;0;47624;2838;461
3492;2025;48.8452, 2.39666;5;48;57;21;57;26;5;5;0;5;0;5;3;2;0;0;100;0;47625;2838;400
3493;2025;48.8452, 2.39666;5;48;64;22;64;18;5;5;0;4;0;2;2;0;0;0;80;0;47626;2838;7075
3494;2025;48.8452, 2.39666;8;39;52;22;52;38;8;5;2;6;1;4;3;1;0;25;75;25;47627;2838;120
3495;2025;48.8452, 2.39666;68;155;62;20;62;222;68;48;6;32;6;25;17;4;4;9;47;24;47628;2838;4489
3496;2025;47.3135, 5.06425;15;45;35;12;35;52;2;1;0;0;1;2;1;0;1;0;0;50;3249;598;11935
3497;2025;47.3135, 5.06425;5;37;29;4;29;34;5;5;1;2;0;2;2;0;0;20;40;0;28571;598;9386
3498;2025;47.3135, 5.06427;105;716;954;299;946;506;102;72;57;100;20;75;67;4;4;56;98;27;3263;598;6769
3499;2025;47.3135, 5.0643;5;235;301;60;298;44;5;5;0;5;3;5;5;0;0;0;100;60;27112;598;11598
3500;2025;47.3135, 5.06424;42;207;224;61;224;234;40;31;20;32;7;24;21;2;1;50;80;29;3264;598;11887
3501;2025;47.3136, 5.06425;5;114;137;24;137;32;5;4;0;4;3;5;5;0;0;0;80;60;28573;598;7814
3502;2025;48.8274, 2.37623;30;108;49;28;49;112;28;21;5;15;6;9;6;3;0;18;54;67;9387;2872;3563
3503;2025;48.8274, 2.37623;10;46;55;25;55;35;12;12;0;12;2;5;4;1;0;0;100;40;32127;2872;4198
3504;2025;48.8274, 2.37623;10;43;15;3;15;37;6;4;0;2;2;2;0;0;2;0;33;100;9413;2872;4039
3505;2025;48.8274, 2.37623;10;45;36;12;36;40;10;10;2;7;3;5;3;1;1;20;70;60;36446;2872;138
3506;2025;48.8274, 2.37623;150;615;779;523;768;535;145;121;118;126;19;33;29;3;1;81;87;58;9416;2872;10645
3507;2025;48.8274, 2.37623;15;389;464;241;459;70;12;11;5;10;3;5;5;0;0;42;83;60;29606;2872;4075
3508;2025;48.8274, 2.37623;55;303;365;220;365;253;54;47;2;44;3;11;8;2;1;4;81;27;9414;2872;3365
3509;2025;48.8274, 2.37623;15;260;294;142;294;54;15;14;1;13;5;9;9;0;0;7;87;56;29602;2872;4879
3510;2025;48.8274, 2.37623;30;88;98;45;98;116;29;21;14;22;5;10;5;2;3;48;76;50;9401;2872;3278
3511;2025;48.8274, 2.37623;10;76;96;41;96;32;11;9;0;11;3;5;5;0;0;0;100;60;32129;2872;343
3512;2025;48.8274, 2.37623;10;36;36;23;36;42;9;3;3;6;1;2;2;0;0;33;67;50;9422;2872;7262
3513;2025;48.8274, 2.37623;10;27;29;14;29;29;10;7;5;9;0;5;4;0;1;50;90;0;29614;2872;6190
3514;2025;48.8274, 2.37623;110;314;299;147;299;375;106;79;47;78;24;43;32;5;6;44;74;56;9437;2872;5775
3515;2025;48.8274, 2.37623;15;175;201;80;201;48;15;15;5;11;2;6;5;0;1;33;73;33;29638;2872;4561
3516;2025;48.8274, 2.37623;10;28;21;15;21;33;9;5;3;4;1;3;0;2;1;33;44;33;9436;2872;12694
3517;2025;48.8274, 2.37623;10;26;18;12;18;28;10;7;0;6;2;5;5;0;0;0;60;40;29636;2872;6561
3518;2025;48.8274, 2.37623;30;102;88;44;88;133;26;14;8;14;2;3;1;1;1;31;54;67;9415;2872;8979
3519;2025;48.8274, 2.37623;10;64;81;40;80;22;10;6;5;9;2;5;5;0;0;50;90;40;29604;2872;860
3520;2025;48.8274, 2.37623;30;98;90;39;90;143;28;16;11;18;2;10;8;2;0;39;64;20;9431;2872;11566
3521;2025;48.8274, 2.37623;10;36;43;17;43;39;11;10;11;11;4;9;7;1;1;100;100;44;29630;2872;3275
3522;2025;48.8274, 2.37623;30;103;84;38;84;140;29;22;6;16;4;19;12;1;6;21;55;21;9420;2872;376
3523;2025;48.8274, 2.37623;10;70;80;26;80;35;11;10;2;11;3;9;8;0;1;18;100;33;29612;2872;10586
3524;2025;48.8274, 2.37623;60;121;99;51;99;147;44;26;8;25;3;10;8;0;2;18;57;30;9426;2872;7611
3525;2025;48.8274, 2.37623;15;79;116;36;116;63;17;10;2;17;0;10;10;0;0;12;100;0;29620;2872;12091
3526;2025;48.8274, 2.37623;90;227;209;96;209;275;76;47;41;53;10;30;18;7;5;54;70;33;9430;2872;12616
3527;2025;48.8274, 2.37623;15;78;105;42;105;47;16;13;13;16;2;12;11;0;1;81;100;17;29628;2872;11224
3528;2025;48.8274, 2.37623;20;74;44;24;44;77;18;11;2;12;3;3;3;0;0;11;67;100;9405;2872;9902
3529;2025;48.8274, 2.37623;10;25;26;12;26;21;10;8;4;9;2;4;2;1;1;40;90;50;29590;2872;1708
3530;2025;48.8274, 2.37623;35;122;147;67;147;133;33;24;7;26;2;9;4;2;3;21;79;22;9411;2872;11601
3531;2025;48.8274, 2.37623;10;71;93;45;93;31;10;10;4;10;4;5;4;1;0;40;100;80;29596;2872;10100
3532;2025;48.8274, 2.37623;25;69;45;26;45;85;25;18;4;15;3;7;5;1;1;16;60;43;9409;2872;8081
3533;2025;48.8274, 2.37623;10;55;64;31;64;34;10;7;3;10;2;4;3;1;0;30;100;50;29592;2872;7025
3534;2025;48.8274, 2.37623;20;49;42;15;42;74;19;14;4;12;1;7;2;1;4;21;63;14;9399;2872;4851
3535;2025;48.8274, 2.37623;10;25;32;11;32;32;10;7;1;8;1;5;3;0;2;10;80;20;29588;2872;9541
3536;2025;48.8452, 2.39666;190;958;972;333;972;1045;189;136;0;152;18;69;57;8;4;0;80;26;48518;2838;5662
3537;2025;48.8452, 2.39666;20;157;190;87;190;137;20;15;0;17;2;7;7;0;0;0;85;29;48698;2838;3996
3538;2025;48.8452, 2.39666;20;204;249;117;249;144;20;18;0;18;1;8;7;1;0;0;90;12;48525;2838;3353
3539;2025;48.8452, 2.39666;28;473;590;208;590;217;28;23;0;25;1;18;11;5;2;0;89;6;48528;2838;10859
3540;2025;48.8452, 2.39666;53;637;818;323;818;324;53;42;2;49;5;25;23;1;1;4;92;20;48527;2838;5374
3541;2025;48.8452, 2.39666;14;343;452;179;452;130;14;10;0;14;1;7;6;1;0;0;100;14;48530;2838;5017
3542;2025;48.8452, 2.39666;28;558;752;250;752;219;27;17;0;24;2;16;12;2;2;0;89;12;48529;2838;4050
3543;2025;48.8452, 2.39666;33;762;942;321;942;276;32;28;0;27;4;18;17;0;1;0;84;22;48523;2838;9354
3544;2025;48.8452, 2.39666;27;1084;1496;536;1496;180;26;19;2;23;4;16;14;0;2;8;88;25;48524;2838;11196
3545;2025;48.8452, 2.39666;15;138;236;126;236;104;14;4;1;13;3;6;3;0;3;7;93;50;48526;2838;2311
3546;2025;48.8452, 2.39666;30;243;308;260;308;159;30;23;1;24;0;1;1;0;0;3;80;0;48533;2838;12258
3547;2025;48.8452, 2.39666;9;319;398;326;398;41;9;7;0;8;0;1;0;0;1;0;89;0;48534;2838;1781
3548;2025;48.8452, 2.39666;18;373;473;368;473;90;18;17;4;17;0;3;2;1;0;22;94;0;48532;2838;8566
3549;2025;48.8452, 2.39666;100;463;601;480;601;378;99;71;20;93;1;9;9;0;0;20;94;11;48531;2838;2624
3550;2025;48.88342, 2.31017;345;1232;1475;600;1468;1035;341;284;61;317;46;213;201;6;6;18;93;22;9274;2933;310
3551;2025;48.88343, 2.31002;15;223;270;118;269;73;15;15;0;15;5;13;12;1;0;0;100;38;28337;2933;1246
3552;2025;49.90427, 2.2996;175;492;435;115;434;539;104;85;30;80;12;55;46;4;5;29;77;22;28679;3205;4296
3553;2025;48.9461, 2.36258;130;735;909;387;901;921;124;95;113;115;16;47;34;2;11;91;93;34;15407;3674;6550
3554;2025;48.9458, 2.36341;40;236;292;126;291;143;40;34;2;36;10;30;23;6;1;5;90;33;28416;3674;9826
3555;2025;47.24616, -1.55095;35;1012;1118;363;1118;135;35;31;24;35;5;30;24;3;3;69;100;17;36058;1506;865
3556;2025;48.7885, 2.44418;16;312;421;174;415;119;19;14;0;19;2;12;10;1;1;0;100;17;43248;3732;9982
3557;2025;48.7885, 2.44418;114;611;569;235;559;620;112;83;15;99;13;41;26;5;10;13;88;32;24384;3732;12001
3558;2025;48.7885, 2.44418;27;225;289;121;286;126;27;21;12;27;6;19;19;0;0;44;100;32;28294;3732;10404
3559;2025;48.8835, 2.30956;85;366;385;210;381;365;83;68;3;67;11;31;28;2;1;4;81;35;24313;2933;11153
3560;2025;48.8835, 2.30958;15;275;328;121;326;78;15;12;0;13;2;14;14;0;0;0;87;14;28445;2933;8950
3561;2025;50.6284, 3.12454;22;950;1261;303;285;87;22;14;3;20;5;21;21;0;0;14;91;24;24741;2121;4755
3562;2025;43.6318, 3.86363;290;1373;3188;1074;3188;2630;334;120;332;334;40;175;164;10;1;99;100;23;31260;1136;11037
3563;2025;43.6158, 3.87189;90;766;1455;374;1455;1064;90;44;42;70;11;48;45;1;2;47;78;23;31263;1136;12515
3564;2025;48.66441, 6.15915;130;760;1334;394;1328;954;83;42;3;66;6;34;27;6;1;4;80;18;42985;1816;4071
3565;2025;49.11606, 6.2139;90;431;768;212;767;612;58;32;0;44;6;21;19;1;1;0;76;29;42986;1919;4177
3566;2025;48.66441, 6.15917;36;516;846;137;842;246;33;21;0;30;5;32;32;0;0;0;91;16;43060;1816;11966
3567;2025;49.11606, 6.2139;36;353;557;114;555;223;36;20;2;32;8;32;30;2;0;6;89;25;43058;1919;12103
3568;2025;49.4583, 1.06895;108;747;1240;333;1238;1149;104;48;13;78;11;47;34;9;4;12;75;23;39466;2988;517
3569;2025;49.4583, 1.06895;36;620;997;151;991;573;36;22;5;34;6;30;27;3;0;14;94;20;39472;2988;10474
3570;2025;49.4583, 1.06895;360;1951;2957;848;2942;2087;356;233;101;333;27;207;184;18;5;28;94;13;39467;2988;9696
3571;2025;49.4583, 1.06895;72;1510;2255;378;2241;683;70;46;9;67;7;62;62;0;0;13;96;11;39475;2988;4406
3572;2025;47.48025, -0.59974;80;612;1517;422;1510;550;80;31;6;72;6;50;48;2;0;8;90;12;31942;1618;10553
3573;2025;47.48023, -0.59963;20;282;551;99;545;137;19;10;0;17;1;9;9;0;0;0;89;11;32225;1618;268
3574;2025;48.4005, -4.50073;140;298;806;188;795;835;83;27;46;75;7;40;38;2;0;55;90;18;35602;813;11774
3575;2025;48.4005, -4.50073;40;171;214;46;211;351;32;8;2;22;1;12;12;0;0;6;69;8;35685;813;9556
3576;2025;45.6415, 5.87052;18;122;518;107;517;223;17;4;5;14;4;14;14;0;0;29;82;29;18360;2725;11433
3577;2025;45.6415, 5.87052;3;51;141;39;141;39;3;1;0;2;1;1;1;0;0;0;67;100;29659;2725;9342
3578;2025;45.6415, 5.87052;17;256;765;153;764;267;15;7;3;15;2;14;14;0;0;20;100;14;8827;2725;4556
3579;2025;45.6415, 5.87052;4;87;187;42;187;42;4;0;0;4;0;3;3;0;0;0;100;0;29653;2725;8325
3580;2025;45.7613, 3.11455;40;288;393;79;389;381;40;25;7;29;5;23;22;0;1;18;72;22;27506;2311;11195
3581;2025;45.7707, 3.08769;200;222;853;275;816;1088;200;34;97;189;19;72;58;13;1;48;94;26;47455;2311;8141
3582;2025;47.8502, 1.93351;130;144;844;265;844;569;126;21;5;114;15;66;57;8;1;4;90;23;39188;1531;6076
3583;2025;47.4802, -0.59965;100;201;915;310;874;538;100;19;24;90;17;57;50;5;2;24;90;30;31687;1618;9998
3584;2025;47.8502, 1.93351;80;230;758;183;757;850;78;17;43;55;11;39;37;2;0;55;71;28;39189;1531;11753
3585;2025;47.8502, 1.93351;10;41;136;38;136;57;9;6;0;8;1;8;8;0;0;0;89;12;47170;1531;4231
3586;2025;45.7606, 3.11352;50;320;370;104;370;479;41;20;25;37;8;20;20;0;0;61;90;40;30989;2311;3344
3587;2025;45.7607, 3.11356;80;261;916;189;906;964;79;28;61;73;12;44;43;1;0;77;92;27;30987;2311;8001
3588;2025;14.6479, -61.0995;50;54;129;30;129;124;16;11;2;10;1;6;6;0;0;12;62;17;39820;3913;2927
3589;2025;14.6479, -61.0995;25;60;87;16;87;98;5;2;0;3;1;2;2;0;0;0;60;50;39822;3913;919
3590;2025;50.6105, 3.13827;145;476;2190;831;2094;930;146;24;67;146;41;101;101;0;0;46;100;41;39387;2121;10090
3591;2025;49.04304, 2.08458;158;595;2482;700;2397;1161;157;35;73;150;40;123;123;0;0;46;96;33;11638;3830;11384
3592;2025;50.6104, 3.13777;35;166;657;196;434;288;36;7;14;36;4;28;28;0;0;39;100;14;39549;2121;2190
3593;2025;50.6105, 3.13809;90;419;852;246;851;654;88;37;33;77;7;43;43;0;0;38;88;16;39392;2121;4523
3594;2025;16.2243, -61.5289;120;74;157;30;157;159;14;3;13;14;3;5;5;0;0;93;100;60;19627;3861;10271
3595;2025;16.2243, -61.5289;15;53;74;9;74;80;3;3;1;3;1;2;2;0;0;33;100;50;36146;3861;6334
3596;2025;48.0161, 0.16431;55;129;339;74;339;318;49;15;6;36;5;29;27;1;1;12;73;17;8745;2689;6436
3597;2025;48.0161, 0.16431;5;61;128;25;128;49;4;0;0;4;0;1;1;0;0;0;100;0;26994;2689;6181
3598;2025;48.8555, 2.33138;200;1563;5990;2123;5990;961;199;137;42;167;36;113;113;0;0;21;84;32;47258;2938;594
3599;2025;48.579, 7.7663;285;731;2605;1112;2549;1249;283;72;32;255;38;151;147;4;0;11;90;25;39956;2450;11126
3600;2025;48.8294, 2.38159;63;1180;3153;1102;3153;1200;58;33;51;52;5;43;43;0;0;88;90;12;47262;2938;2808
3601;2025;48.8294, 2.38159;15;523;1110;270;1110;240;15;9;0;12;2;14;14;0;0;0;80;14;47264;2938;8870
3602;2025;48.6249, 2.42598;110;345;1777;653;1777;467;106;18;4;97;16;74;74;0;0;4;92;22;27048;3522;7028
3603;2025;48.6249, 2.42598;45;206;904;252;904;299;45;5;1;37;8;23;22;1;0;2;82;35;27049;3522;7254
3604;2025;47.8502, 1.93351;60;115;259;65;259;294;60;22;1;49;6;24;19;3;2;2;82;25;39190;1531;932
3605;2025;45.83692, 1.236;75;234;557;137;556;631;42;12;26;35;4;23;20;3;0;62;83;17;10706;3419;7046
3606;2025;45.8371, 1.23836;18;130;167;19;167;238;16;8;6;11;3;12;11;1;0;38;69;25;31103;3419;1285
3607;2025;45.7607, 3.11399;40;208;277;52;271;369;34;17;2;27;4;19;15;3;1;6;79;21;27503;2311;1424
3608;2025;48.81177, 2.14886;78;376;1708;573;1678;461;76;10;2;69;17;64;64;0;0;3;91;27;32593;3128;10784
3609;2025;48.81177, 2.14886;15;143;406;146;397;108;15;6;0;12;3;14;14;0;0;0;80;21;32595;3128;11675
3610;2025;48.81177, 2.14886;120;1053;2602;615;2597;1035;115;40;0;80;17;80;78;0;2;0;70;21;32596;3128;798
3611;2025;48.81177, 2.14886;25;495;948;163;946;238;25;17;0;23;6;21;21;0;0;0;92;29;32599;3128;974
3612;2025;50.6105, 3.13794;320;1157;3290;850;3226;2850;310;77;129;265;36;142;136;4;2;42;85;25;39389;2121;2076
3613;2025;50.6105, 3.13816;64;586;1275;274;1252;771;63;28;8;56;13;38;34;4;0;13;89;34;39391;2121;2506
3614;2025;43.6308, 3.87033;110;357;863;364;860;596;107;41;40;89;9;50;44;5;1;37;83;18;15196;1100;3892
3615;2025;43.6308, 3.87033;10;190;396;146;393;82;10;5;1;8;3;3;3;0;0;10;80;100;28894;1100;12447
3616;2025;43.305, 5.37884;65;226;514;185;514;474;64;22;48;57;15;33;30;1;2;75;89;45;12610;389;450
3617;2025;43.3051, 5.37892;10;152;295;97;295;67;10;5;1;8;2;6;6;0;0;10;80;33;28584;389;6392
3618;2025;45.1926, 5.77329;90;312;731;265;716;615;83;25;26;66;3;32;29;2;1;31;80;9;32005;1318;11791
3619;2025;45.1925, 5.77336;10;125;243;81;239;68;8;8;0;7;2;6;6;0;0;0;88;33;32007;1318;2812
3620;2025;50.609, 3.13891;140;491;1396;473;1396;975;137;32;59;129;20;84;78;5;1;43;94;24;7044;2121;9905
3621;2025;50.6089, 3.13898;35;278;607;175;607;356;34;11;11;29;6;21;20;1;0;32;85;29;35489;2121;7581
3622;2025;48.85083, 2.34123;200;2242;8360;3012;8360;1331;197;65;83;171;24;101;96;5;0;42;87;24;47331;2933;6763
3623;2025;48.85083, 2.34123;5;879;2233;872;2233;60;5;0;0;4;1;1;1;0;0;0;80;100;47333;2933;8389
3624;2025;48.85083, 2.34123;155;2397;8038;2149;8038;1360;153;50;28;112;14;63;62;1;0;18;73;22;47334;2933;8276
3625;2025;48.85083, 2.34123;5;778;2053;558;2053;47;5;2;0;5;0;4;4;0;0;0;100;0;47336;2933;7170
3626;2025;48.7015, 2.17988;75;815;3591;1138;3591;772;93;19;32;93;11;72;72;0;0;34;100;15;27930;3538;3394
3627;2025;48.7015, 2.17988;15;278;851;295;851;174;21;6;0;21;7;16;16;0;0;0;100;44;28471;3538;3170
3628;2025;48.7015, 2.17988;105;1764;5616;1386;5616;1762;108;29;47;108;19;72;72;0;0;44;100;26;10916;3538;10349
3629;2025;48.7015, 2.17988;15;613;1487;331;1487;212;16;11;0;16;4;11;11;0;0;0;100;36;28473;3538;7939
3630;2025;45.192, 5.77413;45;168;264;89;261;252;36;15;16;33;1;8;6;1;1;44;92;12;31067;1318;730
3631;2025;45.192, 5.77409;7;65;69;25;66;70;3;3;0;1;1;2;1;1;0;0;33;50;31069;1318;7297
3632;2025;47.7461, -3.39083;45;102;474;106;468;361;40;6;3;36;2;25;19;6;0;8;90;8;35539;1865;9363
3633;2025;42.6846, 2.89905;10;56;72;19;72;65;9;7;0;5;1;4;3;1;0;0;56;25;45810;2389;2663
3634;2025;42.6846, 2.89905;105;187;409;96;409;535;69;22;32;49;12;35;21;7;7;46;71;34;47630;2389;4795
3635;2025;42.6846, 2.89905;15;97;214;49;214;73;15;7;0;11;4;13;13;0;0;0;73;31;47819;2389;3633
3636;2025;44.7966, -0.61747;135;527;728;268;725;822;131;79;87;111;10;54;45;5;4;66;85;19;4424;1013;2260
3637;2025;44.7966, -0.61747;45;267;377;116;376;168;45;30;1;37;6;28;27;1;0;2;82;21;26922;1013;9667
3638;2025;48.7885, 2.44418;50;233;264;92;264;317;47;28;20;32;7;20;17;1;2;43;68;35;24388;3732;1516
3639;2025;48.7885, 2.44418;28;154;215;76;214;119;28;21;11;28;4;17;17;0;0;39;100;24;28280;3732;1439
3640;2025;45.1918, 5.76752;55;292;413;156;411;415;37;23;21;29;4;17;16;1;0;57;78;24;35495;1318;12158
3641;2025;45.1918, 5.76752;7;102;150;50;150;48;6;3;0;4;0;1;1;0;0;0;67;0;35497;1318;3252
3642;2025;49.90468, 2.29932;22;176;243;102;243;193;22;14;6;18;4;12;8;3;1;27;82;33;25335;3205;8051
3643;2025;49.90426, 2.29961;20;148;210;54;210;112;20;16;2;18;4;16;10;3;3;10;90;25;28706;3205;8089
3644;2025;47.2357, -1.5555;55;320;1189;241;1189;1188;59;16;59;59;4;31;28;2;1;100;100;13;32046;1506;11319
3645;2025;47.23549, -1.55499;36;171;408;68;408;411;36;20;35;35;3;20;13;4;3;97;97;15;32048;1506;10313
3646;2025;43.63229, 3.86497;20;266;554;307;554;200;20;6;3;10;0;9;9;0;0;15;50;0;32431;1136;11298
3647;2025;43.6158, 3.87189;20;571;700;278;700;184;19;17;0;6;3;13;9;2;2;0;32;23;47733;1136;11236
3648;2025;49.3871, 1.06872;136;267;777;236;762;947;97;25;44;74;8;32;27;4;1;45;76;25;15259;3018;4094
3649;2025;50.6105, 3.13834;30;442;1170;307;716;323;28;7;3;25;5;19;19;0;0;11;89;26;39399;2121;3367
3650;2025;45.83738, 1.23606;32;105;254;86;253;297;20;6;8;16;1;4;4;0;0;40;80;25;20741;3419;6984
3651;2025;45.8369, 1.23862;18;106;93;16;92;185;14;6;3;7;1;6;4;2;0;21;50;17;31105;3419;6591
3652;2025;43.5608, 1.46936;105;542;1470;416;1469;1047;103;34;44;81;11;70;64;5;1;43;79;16;4185;959;11004
3653;2025;43.5608, 1.46936;36;268;533;133;530;256;34;23;0;25;2;19;14;3;2;0;74;11;27529;959;728
3654;2025;48.5807, 7.7665;227;501;1390;464;1387;1259;208;65;27;169;18;79;69;9;1;13;81;23;8059;2450;3443
3655;2025;44.9173, 4.91557;50;212;568;154;565;586;44;12;37;37;3;25;23;2;0;84;84;12;35786;725;9636
3656;2025;44.9173, 4.91557;5;70;144;36;144;41;4;1;0;3;0;2;2;0;0;0;75;0;35788;725;2573
3657;2025;48.6249, 2.42598;80;222;505;172;488;410;76;24;19;60;10;43;41;2;0;25;79;23;26346;3522;2898
3658;2025;45.191, 5.76538;32;322;677;213;290;160;12;7;0;12;0;12;12;0;0;0;100;0;28653;1318;3658
3659;2025;45.77998, 4.87179;480;2601;5914;2108;5914;3996;467;197;252;352;69;235;195;33;7;54;75;29;8344;2572;7695
3660;2025;45.7818, 4.86821;106;1538;2741;721;2741;1147;102;62;30;86;35;63;61;2;0;29;84;56;27059;2572;5209
3661;2025;48.85083, 2.34123;165;2977;5462;2019;5462;1384;162;105;30;112;20;88;82;6;0;19;69;23;47347;2933;754
3662;2025;48.85083, 2.34123;15;1702;2797;592;2797;140;13;10;0;12;3;13;6;7;0;0;92;23;47349;2933;3570
3663;2025;45.1915, 5.76529;135;653;1904;521;1904;1419;107;28;32;84;13;55;51;2;2;30;79;24;31928;1318;7609
3664;2025;45.1916, 5.76533;15;208;469;100;469;398;10;3;3;7;1;5;5;0;0;30;70;20;31930;1318;12168
3665;2025;48.1156, -1.63703;170;785;1558;467;1519;1458;158;51;31;130;13;70;61;6;3;20;82;19;26776;1211;1888
3666;2025;48.1156, -1.63703;80;397;642;136;626;594;79;38;9;64;10;44;33;9;2;11;81;23;26778;1211;11553
3667;2025;50.9527, 1.87896;72;193;324;80;324;354;26;11;18;23;0;11;9;1;1;69;88;0;39689;2210;11303
3668;2025;51.0392, 2.37202;72;210;337;81;337;374;23;10;11;15;5;11;8;2;1;48;65;45;39688;2093;9488
3669;2025;50.9527, 1.87896;18;155;173;26;173;214;16;11;3;6;3;5;4;1;0;19;38;60;39690;2210;6542
3670;2025;51.0392, 2.37202;18;143;170;25;170;205;13;8;4;7;0;8;6;1;1;31;54;0;44141;2093;6752
3671;2025;48.66447, 6.15907;16;77;101;40;100;109;7;3;0;6;0;1;1;0;0;0;86;0;42983;1816;1540
3672;2025;49.11606, 6.2139;10;39;44;15;43;49;5;2;1;5;0;1;1;0;0;20;100;0;42984;1919;2676
3673;2025;43.1369, 6.01684;80;366;646;179;645;692;76;36;37;58;7;42;23;17;2;49;76;17;10370;3282;4579
3674;2025;43.1369, 6.01684;15;195;344;88;342;194;16;7;15;15;5;15;14;1;0;94;94;33;31843;3282;5660
3675;2025;14.6479, -61.0995;75;73;147;43;147;154;15;4;3;12;2;6;4;2;0;20;80;33;11840;3913;4334
3676;2025;14.6479, -61.0995;25;74;90;10;90;119;7;5;1;4;1;6;4;1;1;14;57;17;28292;3913;7990
3677;2025;45.6415, 5.87052;26;209;384;112;383;254;26;15;3;20;0;13;12;1;0;12;77;0;8824;2725;12650
3678;2025;45.6415, 5.87052;20;131;145;30;144;158;18;10;1;9;3;10;10;0;0;6;50;30;28717;2725;12085
3679;2025;45.6415, 5.87052;24;207;549;142;548;235;24;9;7;24;1;18;18;0;0;29;100;6;8829;2725;12354
3680;2025;45.6415, 5.87052;4;90;169;44;168;35;4;3;0;3;1;3;3;0;0;0;75;33;29646;2725;9662
3681;2025;48.0158, 0.16216;55;146;304;92;304;286;30;9;4;27;2;9;8;1;0;13;90;22;15152;2689;160
3682;2025;48.0158, 0.16216;5;63;107;20;107;38;4;1;0;2;1;4;3;1;0;0;50;25;26996;2689;2725
3683;2025;16.2243, -61.5289;150;128;232;51;232;251;26;12;7;22;4;13;10;3;0;27;85;31;43223;3861;2989
3684;2025;16.2243, -61.5289;40;133;142;21;142;174;13;10;0;10;6;9;1;1;7;0;77;67;43225;3861;6007
3685;2025;49.01683, 2.07456;135;528;1052;351;1035;753;132;56;68;112;20;82;82;0;0;52;85;24;32498;3830;9758
3686;2025;48.7015, 2.17988;75;737;1217;506;1182;637;75;36;4;61;5;61;61;0;0;5;81;8;10915;3538;7802
3687;2025;48.7015, 2.17988;30;589;898;169;880;277;30;15;0;30;2;27;27;0;0;0;100;7;27922;3538;9337
3688;2025;50.3285, 3.51433;25;129;160;54;98;79;26;18;8;21;5;13;9;2;2;31;81;38;28422;2116;9168
3689;2025;50.3285, 3.51408;20;176;150;30;34;62;18;14;2;4;1;9;8;1;0;11;22;11;32814;2116;8674
3690;2025;49.4959, 0.12911;190;806;889;218;880;1098;162;107;40;117;8;75;60;13;2;25;72;11;23659;3007;11691
3691;2025;49.4959, 0.12911;48;520;771;118;760;393;47;36;10;41;12;42;39;2;1;21;87;29;27025;3007;8084
3692;2025;48.81177, 2.14886;101;642;1073;518;1052;484;99;47;1;79;10;73;73;0;0;1;80;14;9984;3128;6785
3693;2025;48.81177, 2.14886;10;380;624;181;609;66;10;7;0;10;4;9;9;0;0;0;100;44;27118;3128;2776
3694;2025;48.1176, -1.63941;390;2311;3263;1003;3260;2352;380;226;140;320;37;225;205;16;4;37;84;16;19310;1211;3663
3695;2025;48.1176, -1.63941;160;1390;2016;340;2014;853;158;106;30;150;15;152;152;0;0;19;95;10;27346;1211;1407
3696;2025;48.7015, 2.17988;300;3303;4575;1759;4552;1929;295;224;16;256;34;210;210;0;0;5;87;16;10914;3538;11551
3697;2025;48.7015, 2.17988;30;1880;2544;594;2522;292;28;23;2;28;5;22;22;0;0;7;100;23;28474;3538;11378
3698;2025;48.81177, 2.14886;257;2351;3182;1287;3152;1493;245;185;2;168;41;148;147;1;0;1;69;28;9985;3128;1503
3699;2025;48.81177, 2.14886;30;1587;2142;413;2119;229;29;21;1;29;6;29;29;0;0;3;100;21;27116;3128;7785
3700;2025;48.1179, -1.67004;840;4692;6559;1239;6521;2444;839;618;330;823;111;747;724;19;4;39;98;15;19302;1211;9269
3701;2025;48.1179, -1.67004;40;526;776;191;769;292;36;23;4;36;7;22;17;5;0;11;100;32;27343;1211;12171
3702;2025;48.1165, -1.67651;485;1790;3993;975;3881;2432;474;165;143;455;52;358;326;32;0;30;96;15;19303;1211;6058
3703;2025;48.1165, -1.67651;20;425;744;200;721;122;20;16;0;20;3;15;15;0;0;0;100;20;29329;1211;10598
3704;2025;48.0161, 0.15928;150;471;1026;260;1024;830;157;54;91;135;20;94;80;11;3;58;86;21;23801;2689;7579
3705;2025;48.0161, 0.15928;10;90;166;46;165;53;10;5;1;9;1;9;8;0;1;10;90;11;26866;2689;2307
3706;2025;48.1193, -1.64189;175;673;1849;394;1819;1668;127;43;49;96;9;67;62;3;2;39;76;13;19305;1211;82
3707;2025;48.1191, -1.64189;40;337;709;119;693;279;44;25;1;44;4;41;40;0;1;2;100;10;28719;1211;7774
3708;2025;43.92, 2.139;4;155;280;25;280;34;4;1;0;3;1;4;4;0;0;0;75;25;23967;3248;1621
3709;2025;43.92, 2.139;12;331;569;46;569;72;12;4;0;11;0;12;12;0;0;0;92;0;23965;3248;11127
3710;2025;43.92, 2.139;4;278;407;32;407;29;4;4;0;4;0;4;4;0;0;0;100;0;23966;3248;9783
3711;2025;43.51478, 5.44706;223;7000;8217;5675;8074;1056;223;198;12;196;15;52;39;8;5;5;88;29;24013;391;9164
3712;2025;45.7514, 4.82694;170;1440;1539;522;876;560;171;160;29;154;20;139;125;14;0;17;90;14;36029;2535;8439
3713;2025;45.7514, 4.82694;30;1192;1334;435;745;134;29;28;3;27;5;24;22;2;0;10;93;21;36271;2535;5382
3714;2025;48.829, 2.3818;160;8575;9996;4639;9996;399;157;133;75;144;17;76;55;12;9;48;92;22;9348;2938;9739
3715;2025;48.829, 2.3818;15;3827;4458;1699;4458;70;15;12;0;14;0;9;3;3;3;0;93;0;29396;2938;3999
3716;2025;48.8346, 2.24801;620;13418;15677;7124;15677;2473;618;570;59;473;54;402;369;9;24;10;77;13;9320;2938;12777
3717;2025;48.8346, 2.24801;80;7049;8170;2541;8170;444;80;75;2;74;12;63;62;0;1;2;92;19;29392;2938;2877
3718;2025;44.83152, -0.57062;300;6775;7887;3038;7886;1253;297;269;75;248;63;222;214;4;4;25;84;28;35121;1056;9543
3719;2025;44.83152, -0.59556;20;2798;3305;957;3304;141;20;20;1;16;5;17;16;0;1;5;80;29;35211;1056;2541
3720;2025;47.48033, -0.59969;280;1715;2414;844;2378;1354;254;155;45;214;22;128;113;13;2;18;84;17;5939;1618;10701
3721;2025;47.4803, -0.59979;30;934;1354;229;1328;183;28;22;0;25;4;25;25;0;0;0;89;16;27337;1618;3362
3722;2025;48.9035, 2.21449;35;1285;1482;643;1482;254;35;33;0;29;3;12;11;1;0;0;83;25;28857;3578;3193
3723;2025;48.9035, 2.21449;35;1590;1839;557;1839;196;35;34;1;34;7;22;20;1;1;3;97;32;28859;3578;3778
3724;2025;48.4039, 2.6947;75;1651;2408;705;2408;342;74;65;10;70;3;59;59;0;0;14;95;5;17332;3100;7112
3725;2025;48.4039, 2.6947;20;269;379;141;379;106;19;12;0;16;3;11;10;1;0;0;84;27;28281;3100;7841
3726;2025;14.6479, -61.0995;50;182;211;54;211;209;34;26;6;31;8;19;17;2;0;18;91;42;19482;3913;6734
3727;2025;14.6479, -61.0995;20;81;52;9;52;113;9;5;0;5;0;5;3;2;0;0;56;0;26895;3913;5953
3728;2025;16.2243, -61.5289;40;219;304;70;304;208;38;26;2;30;7;22;20;2;0;5;79;32;19506;3861;4727
3729;2025;16.2243, -61.5289;30;122;94;13;94;152;17;9;1;10;3;9;7;2;0;6;59;33;29038;3861;8204
3730;2025;48.85083, 2.34123;155;686;2721;1087;2721;875;154;32;107;136;28;124;120;4;0;69;88;23;47355;2933;9412
3731;2025;48.85083, 2.34123;5;279;814;348;814;57;5;2;0;4;1;5;5;0;0;0;80;20;47357;2933;827
3732;2025;43.5784, 1.40266;120;1584;1781;803;1776;490;126;112;11;114;18;69;42;17;10;9;90;26;30709;919;184
3733;2025;43.5784, 1.40266;90;899;1007;474;1004;529;99;91;6;82;14;45;32;9;4;6;83;31;30707;919;2607
3734;2025;43.5784, 1.40266;35;1079;1226;550;1223;298;39;36;0;35;8;21;16;2;3;0;90;38;30708;919;4601
3735;2025;14.6479, -61.0995;100;336;332;113;332;332;87;77;19;72;14;32;22;6;4;22;83;44;19467;3913;3422
3736;2025;14.6479, -61.0995;40;199;200;34;200;190;34;28;2;31;4;30;15;11;4;6;91;13;26846;3913;9954
3737;2025;48.0158, 0.16386;130;828;1181;317;1181;796;127;79;47;106;10;80;75;5;0;37;83;12;8744;2689;12607
3738;2025;48.0158, 0.16386;30;465;715;95;715;163;30;16;1;25;6;28;25;2;1;3;83;21;26889;2689;705
3739;2025;48.85083, 2.34123;320;6221;8675;3757;8675;1531;316;243;65;270;20;136;122;14;0;21;85;15;47351;2933;4418
3740;2025;48.85083, 2.34123;100;4378;6133;1356;6133;870;100;66;5;82;14;68;59;9;0;5;82;21;47353;2933;5743
3741;2025;45.7606, 3.11356;50;154;199;75;195;263;29;13;20;22;1;13;12;1;0;69;76;8;30986;2311;5140
3742;2025;48.8292, 2.38215;20;910;962;517;516;142;20;11;1;6;3;6;6;0;0;5;30;50;32392;2938;427
3743;2025;48.8292, 2.38215;10;448;662;188;251;54;10;5;0;8;4;7;7;0;0;0;80;57;32398;2938;7594
3744;2025;47.23584, -1.55499;36;1253;1741;643;1741;278;36;32;3;22;3;21;19;2;0;8;61;14;47935;1506;4746
3745;2025;46.1476, -1.15511;20;655;927;134;923;159;20;11;3;17;2;20;20;0;0;15;85;10;44208;504;9570
3746;2025;43.83943, 4.36469;200;1530;2110;672;2105;1281;198;140;30;185;33;114;78;31;5;15;93;29;4021;876;1584
3747;2025;43.8423, 4.35646;30;1199;1617;350;1613;212;28;23;1;23;7;21;21;0;0;4;82;33;28881;876;6834
3748;2025;47.8502, 1.93351;10;94;131;67;128;42;10;7;1;9;2;6;6;0;0;10;90;33;47173;1531;5128
3749;2025;42.29855, 9.15283;80;555;756;243;756;391;66;48;9;61;5;39;30;7;2;14;92;13;11724;3849;2161
3750;2025;42.2987, 9.15298;40;401;584;105;584;152;37;21;5;34;7;34;34;0;0;14;92;21;30085;3849;193
3751;2025;48.7015, 2.17988;20;732;1130;529;1127;143;19;12;0;14;2;17;17;0;0;0;74;12;39183;3538;3844
3752;2025;45.7607, 3.11373;145;709;1073;297;1072;1136;157;91;138;151;9;105;97;7;1;88;96;9;30984;2311;4222
3753;2025;50.1893, 3.24567;50;364;429;122;421;327;35;20;7;28;2;16;14;2;0;20;80;12;7006;2119;12578
3754;2025;50.1893, 3.24567;40;249;342;70;334;223;39;19;0;33;4;28;22;4;2;0;85;14;28668;2119;5546
3755;2025;42.6846, 2.89905;10;299;499;159;499;35;10;10;3;9;2;10;10;0;0;30;90;20;43363;2389;1217
3756;2025;43.63126, 3.86146;450;3466;5003;1676;5003;2646;444;294;334;397;55;278;262;14;2;75;89;20;31261;1136;6855
3757;2025;43.6314, 3.86522;90;2417;3424;777;3424;775;93;62;36;83;17;68;68;0;0;39;89;25;31265;1136;10223
3758;2025;49.0182, 1.13522;60;608;897;228;893;623;61;38;35;61;9;43;35;7;1;57;100;21;9715;751;12795
3759;2025;49.0182, 1.13522;36;519;760;101;758;312;36;20;7;35;5;33;32;1;0;19;97;15;26801;751;8230
3760;2025;43.1369, 6.01684;167;1669;2347;638;2347;1400;161;110;159;159;28;121;111;8;2;99;99;23;10369;3282;11921
3761;2025;43.1369, 6.01684;25;1015;1451;279;1451;199;20;13;7;17;5;15;15;0;0;35;85;33;31841;3282;7367
3762;2025;45.7465, 4.82643;72;1012;1309;530;1273;901;82;64;31;70;4;44;39;3;2;38;85;9;16169;2535;8671
3763;2025;45.7466, 4.82647;80;1007;1322;253;1260;631;105;84;51;105;8;99;89;10;0;49;100;8;27793;2535;11961
3764;2025;49.2435, 4.06241;128;883;1265;368;1259;882;125;91;52;112;22;80;71;5;4;42;90;28;23348;1707;4687
3765;2025;49.2437, 4.06262;120;745;1073;341;1065;894;115;69;37;96;5;66;61;4;1;32;83;8;23346;1707;3339
3766;2025;50.6082, 3.14389;40;366;149;43;80;125;39;22;19;30;7;26;0;25;1;49;77;27;16549;2121;12567
3767;2025;45.1915, 5.76538;210;2256;3166;1186;3164;1552;210;150;106;147;23;134;125;8;1;50;70;17;31723;1318;2570
3768;2025;45.1915, 5.76533;60;1376;1896;328;1891;709;55;36;27;44;2;50;48;0;2;49;80;4;31725;1318;9029
3769;2025;44.1856, 0.62429;40;202;299;86;299;261;37;25;25;34;2;22;19;3;0;68;92;9;27810;1577;8384
3770;2025;47.8502, 1.93351;240;1053;1301;452;1273;1435;235;169;152;188;18;106;82;20;4;65;80;17;43280;1531;2548
3771;2025;50.6337, 3.04509;120;308;284;59;208;273;58;42;30;51;2;34;34;0;0;52;88;6;12553;2012;2008
3772;2025;50.6337, 3.04509;48;289;239;27;167;197;43;37;19;40;2;33;33;0;0;44;93;6;28854;2012;6975
3773;2025;47.3159, 5.06565;360;1887;2748;871;2747;1727;354;240;72;310;30;203;179;19;5;20;88;15;3266;598;8953
3774;2025;47.3159, 5.06571;50;1065;1565;206;1564;426;51;33;7;51;9;46;45;1;0;14;100;20;27642;598;9103
3775;2025;47.4629, -0.54627;92;680;896;218;893;865;74;52;50;71;2;50;41;7;2;68;96;4;5885;1651;3116
3776;2025;47.4629, -0.54627;20;418;619;87;615;103;20;17;2;18;1;16;16;0;0;10;90;6;28801;1651;8890
3777;2025;14.6479, -61.0995;150;438;466;161;466;485;131;89;31;99;25;68;45;20;3;24;76;37;39492;3913;11479
3778;2025;14.6479, -61.0995;13;322;437;49;437;75;12;9;0;11;3;12;11;1;0;0;92;25;39495;3913;5571
3779;2025;16.2243, -61.5289;100;412;483;156;483;435;68;52;5;55;7;37;30;7;0;7;81;19;11749;3861;1905
3780;2025;16.2243, -61.5289;40;275;336;44;336;245;38;27;1;31;8;32;27;5;0;3;82;25;36148;3861;12488
3781;2025;49.01685, 2.07457;244;1212;1816;677;1773;902;237;150;140;211;32;179;173;6;0;59;89;18;27374;3830;614
3782;2025;47.7461, -3.39083;112;878;1099;295;1090;986;92;61;30;66;5;49;39;7;3;33;72;10;6498;1865;10365
3783;2025;47.6451, -2.7454;144;1206;1631;432;1623;1019;131;86;45;116;6;99;94;4;1;34;89;6;6510;1866;3033
3784;2025;47.7461, -3.39083;36;449;625;89;620;323;39;27;9;39;6;33;28;5;0;23;100;18;26695;1865;7328
3785;2025;47.6451, -2.7454;40;660;936;126;929;253;35;25;1;32;3;33;33;0;0;3;91;9;28507;1866;9460
3786;2025;14.6479, -61.0995;50;239;312;107;312;251;32;18;4;27;4;12;8;4;0;12;84;33;39272;3913;1074
3787;2025;14.6479, -61.0995;12;114;185;17;185;68;12;8;1;11;7;12;11;1;0;8;92;58;39274;3913;7527
3788;2025;48.7885, 2.44418;155;2970;4245;1565;4175;1336;153;114;54;99;19;67;63;2;2;35;65;28;28270;3732;8159
3789;2025;48.7885, 2.44418;30;2375;3342;786;3284;499;30;24;13;23;9;20;20;0;0;43;77;45;28290;3732;9017
3790;2025;-12.8582, 45.1958;30;334;476;142;476;139;30;24;12;26;14;23;23;0;0;40;87;61;13886;4018;5411
3791;2025;-12.8582, 45.1958;20;437;568;126;568;64;22;19;21;21;10;18;17;1;0;95;95;56;28817;4018;6386
3792;2025;50.6083, 3.14389;80;1327;2136;735;2135;955;79;39;3;75;11;43;36;4;3;4;95;26;43328;2121;7224
3793;2025;50.6082, 3.14389;310;2939;4278;1403;4277;1939;301;188;62;293;35;155;150;5;0;21;97;23;43330;2121;10999
3794;2025;50.6082, 3.14389;120;2081;3164;1032;3163;1254;116;60;17;107;13;58;55;3;0;15;92;22;43329;2121;11350
3795;2025;50.6082, 3.14389;64;2249;3299;556;3298;712;68;51;18;68;19;52;52;0;0;26;100;37;43331;2121;5674
3796;2025;48.6249, 2.42598;140;1174;1659;613;1659;775;134;86;5;99;17;79;79;0;0;4;74;22;27051;3522;3946
3797;2025;48.6249, 2.42598;30;951;1302;352;1302;175;30;20;1;26;6;22;22;0;0;3;87;27;35899;3522;7951
3798;2025;47.7461, -3.39083;20;19;123;38;117;99;18;2;8;17;0;8;8;0;0;44;94;0;36361;1865;3790
3799;2025;47.7461, -3.39083;10;57;36;14;32;100;8;4;0;3;1;3;1;0;2;0;38;33;36387;1865;3251
3800;2025;48.8554, 2.3314;75;382;415;226;415;374;75;64;3;70;4;23;20;3;0;4;93;17;47169;2938;10778
3801;2025;48.8554, 2.3314;10;237;286;111;286;56;9;9;0;9;1;5;4;1;0;0;100;20;47195;2938;11248
3802;2025;43.5608, 1.46936;30;400;535;229;532;263;29;21;3;22;6;19;17;2;0;10;76;32;39375;959;6610
3803;2025;43.5608, 1.46936;15;427;543;172;539;99;15;13;0;12;1;13;13;0;0;0;80;8;39377;959;12562
3804;2025;47.8488, 1.9308;390;704;2468;489;2463;980;389;99;93;360;37;338;287;36;15;24;93;11;23301;1531;4605
3805;2025;47.1036, 2.42545;60;404;1409;262;1407;457;59;16;2;43;3;51;45;4;2;3;73;6;21762;526;11969
3806;2025;48.12162, -1.70445;120;1150;2756;549;2756;310;119;63;42;113;13;117;115;2;0;35;95;11;29023;1176;11779
3807;2025;47.8502, 1.93351;60;452;1259;212;1255;179;58;22;7;55;9;55;51;4;0;12;95;16;33279;1531;10986
3808;2025;47.1036, 2.42545;50;310;855;137;853;242;48;19;0;46;4;44;41;3;0;0;96;9;31782;526;10383
3809;2025;16.2243, -61.5289;260;288;679;111;677;708;206;59;126;175;41;139;104;24;11;61;85;29;36150;3861;3720
3810;2025;16.2243, -61.5289;50;165;447;45;447;170;50;17;18;45;9;48;45;3;0;36;90;19;36152;3861;11134
3811;2025;43.1369, 6.01684;300;751;2519;473;2519;896;299;94;229;278;48;258;210;37;11;77;93;19;10368;3282;9823
3812;2025;43.1369, 6.01684;30;454;1237;194;1237;113;30;16;11;27;9;28;26;1;1;37;90;32;31839;3282;1746
3813;2025;45.781, 4.86343;610;1723;5660;1184;5610;1611;608;207;431;518;83;538;490;31;17;71;85;15;8342;2572;3145
3814;2025;45.7818, 4.86821;30;1037;2851;504;2832;124;30;20;10;24;4;27;27;0;0;33;80;15;35991;2572;5321
3815;2025;49.3811, 3.32264;177;169;586;94;585;558;173;37;71;149;15;135;99;28;8;41;86;11;32585;60;9390
3816;2025;49.3811, 3.32264;10;83;257;39;256;57;10;2;0;9;0;9;9;0;0;0;90;0;32587;60;7728
3817;2025;44.5626, 6.0788;70;260;916;138;912;475;68;15;31;61;6;59;54;5;0;46;90;10;2178;108;7065
3818;2025;45.7604, 3.10767;315;699;2440;387;2434;851;318;94;198;294;32;285;246;28;11;62;92;11;23303;2311;3604
3819;2025;46.1196, 3.42526;80;428;1424;222;1421;773;86;15;85;86;4;67;49;14;4;99;100;6;21091;84;6756
3820;2025;45.6415, 5.87052;307;865;2981;450;2978;881;306;88;132;268;28;285;245;32;8;43;88;10;8823;2725;1943
3821;2025;48.401, -4.50215;400;877;2570;437;2570;1187;396;146;156;395;41;366;330;25;11;39;100;11;3876;813;11687
3822;2025;43.6158, 3.87189;540;1562;5560;1212;5532;1365;532;143;325;526;86;472;413;36;23;61;99;18;4544;1136;4494
3823;2025;44.5626, 6.0788;10;140;411;43;407;41;10;4;0;10;2;10;7;2;1;0;100;20;27978;108;10940
3824;2025;45.6415, 5.87052;20;431;1245;155;1244;81;19;11;1;19;2;17;16;0;1;5;100;12;27086;2725;603
3825;2025;48.4005, -4.50073;40;472;1159;152;1159;264;40;15;5;39;5;35;34;1;0;12;98;14;32768;813;1308
3826;2025;43.6415, 3.85406;10;726;2075;415;2066;63;10;6;0;7;5;10;9;0;1;0;70;50;29054;1136;10176
3827;2025;47.25102, -1.55486;440;1495;4632;781;4632;1193;439;141;264;431;43;402;353;44;5;60;98;11;13850;1506;1917
3828;2025;47.2516, -1.55563;120;992;2451;284;2451;330;120;58;70;116;6;119;117;1;1;58;97;5;27011;1506;2302
3829;2025;50.3268, 3.51617;356;559;2116;354;2116;1447;354;83;105;312;63;309;247;45;17;30;88;20;12795;2116;7690
3830;2025;50.3268, 3.51626;60;413;1300;158;1300;276;60;23;26;59;9;59;59;0;0;43;98;15;29128;2116;11005
3831;2025;48.7686, 2.45755;206;1067;4305;1119;4289;896;201;65;4;183;30;179;170;9;0;2;91;17;11469;3732;12543
3832;2025;48.7885, 2.44418;25;731;2326;567;2320;137;25;12;1;25;1;24;24;0;0;4;100;4;28727;3732;5118
3833;2025;43.5608, 1.46936;426;1713;5993;1288;5951;1160;423;125;87;397;47;383;341;32;10;21;94;12;4182;959;6101
3834;2025;43.5608, 1.46936;40;826;2316;421;2301;181;40;22;3;35;4;39;36;3;0;8;88;10;27531;959;12498
3835;2025;45.19632, 5.77762;480;1080;3429;677;3429;1942;472;116;221;345;37;373;302;54;17;47;73;10;31002;1318;8937
3836;2025;45.1958, 5.77786;70;642;1663;240;1663;318;70;39;56;60;7;68;64;4;0;80;86;10;31004;1318;2369
3837;2025;44.9142, 4.9187;176;421;1379;210;1379;540;165;45;83;148;21;146;130;13;3;50;90;14;31005;725;4175
3838;2025;44.9141, 4.91883;20;241;684;78;684;75;20;10;7;19;2;20;19;1;0;35;95;10;31007;725;2764
3839;2025;43.2314, 5.44235;480;1203;3978;860;3956;1418;479;134;286;462;73;424;378;32;14;60;96;17;12770;306;4939
3840;2025;43.2326, 5.44085;40;791;2185;343;2171;185;41;25;29;41;5;39;37;2;0;71;100;13;28458;306;12310
3841;2025;48.916, 2.42229;300;1147;4542;1298;4542;1390;289;74;29;249;41;236;209;16;11;10;86;17;11267;3660;11754
3842;2025;48.916, 2.42229;60;933;2847;717;2847;332;59;26;1;53;10;54;52;2;0;2;90;19;28411;3660;7498
3843;2025;48.7015, 2.17988;320;810;3312;811;3312;1090;320;94;111;308;31;275;275;0;0;35;96;11;10922;3538;539
3844;2025;48.7015, 2.17988;20;449;1485;356;1485;127;20;15;2;18;2;18;18;0;0;10;90;11;35406;3538;5940
3845;2025;48.579, 7.7663;80;350;545;241;537;549;74;39;7;51;7;21;17;4;0;9;69;33;44821;2450;1326
3846;2025;44.8081, -0.59556;135;1877;3252;1141;3252;2070;133;88;34;111;11;56;54;2;0;26;83;20;31077;1055;9407
3847;2025;44.8081, -0.59556;160;718;2712;954;2712;1145;158;30;53;145;26;116;115;1;0;34;92;22;31074;1055;11801
3848;2025;44.8081, -0.59556;155;1297;3633;910;3633;2321;148;29;51;130;21;98;95;2;1;34;88;21;31081;1055;11798
3849;2025;44.8081, -0.59556;95;1297;3319;963;3319;2276;92;17;33;79;8;66;66;0;0;36;86;12;31076;1055;2526
3850;2025;44.8081, -0.59556;80;1617;3384;1005;3384;2158;74;33;39;65;8;43;41;2;0;53;88;19;31078;1055;3764
3851;2025;44.8081, -0.59556;90;1467;2487;865;2487;1449;87;46;22;70;8;59;58;1;0;25;80;14;31080;1055;4859
3852;2025;44.8081, -0.59556;400;3799;5688;1844;5687;2484;359;249;155;311;27;237;232;5;0;43;87;11;31079;1055;5496
3853;2025;44.8081, -0.59556;40;593;1202;427;1202;720;39;13;5;30;1;19;18;1;0;13;77;5;41053;1055;3744
3854;2025;44.8081, -0.59556;140;1191;3494;1073;3494;2024;137;37;42;119;17;97;91;5;1;31;87;18;31075;1055;113
3855;2025;44.8081, -0.59556;40;1492;2394;477;2394;925;30;17;4;23;2;23;22;1;0;13;77;9;31162;1055;8762
3856;2025;44.8081, -0.59556;80;2816;4246;756;4245;935;71;45;19;63;14;63;60;3;0;27;89;22;31163;1055;9148
3857;2025;45.1915, 5.76542;90;370;1373;454;1314;908;78;24;34;51;6;43;39;3;1;44;65;14;31943;1318;6801
3858;2025;45.1916, 5.76533;5;102;271;90;258;60;5;2;0;4;2;4;4;0;0;0;80;50;31945;1318;12034
3859;2025;45.6415, 5.87052;36;66;320;82;314;265;33;8;10;31;2;19;18;0;1;30;94;11;8825;2725;4702
3860;2025;45.6415, 5.87052;4;19;61;22;58;30;4;1;0;2;0;3;3;0;0;0;50;0;29663;2725;5454
3861;2025;48.7015, 2.17988;30;208;664;172;79;59;30;11;16;30;4;22;14;8;0;53;100;18;14309;3538;1037
3862;2025;49.1889, -0.36388;90;1354;1814;477;1810;1033;89;54;38;78;8;57;55;2;0;43;88;14;19196;420;11162
3863;2025;50.6328, 3.04502;220;1198;1676;130;1671;933;237;178;150;237;7;237;237;0;0;63;100;3;35756;2013;2975
3864;2025;50.6328, 3.04502;220;1153;1562;116;1558;1333;228;178;33;198;11;210;208;2;0;14;87;5;46353;2013;9537
3865;2025;46.1476, -1.15511;20;725;1002;158;998;142;18;12;5;16;1;18;18;0;0;28;89;6;44207;504;2591
3866;2025;16.2243, -61.5289;150;334;305;98;305;375;89;74;23;73;17;33;18;9;6;26;82;52;11742;3861;1508
3867;2025;16.2243, -61.5289;40;293;374;33;374;187;40;35;2;37;19;37;25;9;3;5;92;51;27414;3861;1762
3868;2025;45.759, 3.08926;40;1584;2068;871;2064;361;40;33;11;37;0;40;39;1;0;28;92;0;36394;2311;10121
3869;2025;45.7591, 3.08927;55;1301;2106;726;2102;231;55;20;23;51;5;55;55;0;0;42;93;9;36436;2311;6900
3870;2025;45.7591, 3.08925;40;1435;1918;796;1913;368;40;23;16;36;2;40;39;1;0;40;90;5;36393;2311;7396
3871;2025;45.7592, 3.08924;40;1652;2347;912;2343;322;40;26;16;38;5;40;40;0;0;40;95;12;36392;2311;112
3872;2025;44.83333, -0.56667;280;2293;2806;998;2806;1109;274;237;65;227;32;196;167;16;13;24;83;16;35122;1056;4193
3873;2025;50.6288, 3.12406;80;490;499;171;499;640;76;50;28;54;8;29;21;7;1;37;71;28;15719;2121;10695
3874;2025;50.6284, 3.12476;20;427;566;129;566;172;19;14;5;17;4;15;13;1;1;26;89;27;29049;2121;7895
3875;2025;47.479, -0.55125;140;787;932;245;926;486;139;121;26;122;16;105;78;20;7;19;88;15;35644;1618;3910
3876;2025;47.4771, -0.54994;5;136;173;46;170;30;5;4;0;5;1;5;3;1;1;0;100;20;35729;1618;10788
3877;2025;45.77996, 4.87171;315;1279;4531;1708;4470;2155;312;81;181;266;83;193;175;12;6;58;85;43;8343;2572;1497
3878;2025;45.7818, 4.86821;35;667;1598;592;1577;240;39;24;4;39;6;20;20;0;0;10;100;30;27055;2572;10141
3879;2025;48.85083, 2.34123;65;522;2560;1204;2560;337;65;15;53;65;8;47;43;4;0;82;100;17;47328;2933;5682
3880;2025;48.85083, 2.34123;5;183;630;324;630;39;6;4;0;6;1;3;3;0;0;0;100;33;47330;2933;9247
3881;2025;45.72174, 4.91722;215;6773;7828;3087;7798;1091;227;198;25;198;32;172;149;17;6;11;87;19;35421;2577;1366
3882;2025;45.72177, 4.91722;65;3512;4180;1800;4163;616;71;61;1;58;11;51;45;3;3;1;82;22;35447;2577;7406
3883;2025;45.72172, 4.91722;87;4900;5525;2165;5509;753;86;83;2;78;17;71;64;4;3;2;91;24;35310;2577;6161
3884;2025;45.72168, 4.9172;63;6291;7309;2713;7285;485;66;50;3;62;14;50;41;3;6;5;94;28;35311;2577;11483
3885;2025;45.1926, 5.7734;414;4211;4965;1700;4965;1652;412;362;246;349;61;324;315;8;1;60;85;19;31717;1318;6641
3886;2025;45.72163, 4.91727;54;2686;3601;1099;3596;384;55;48;1;54;6;51;50;1;0;2;98;12;35308;2577;8841
3887;2025;45.72168, 4.91714;172;3974;5637;1508;5632;972;179;140;5;164;24;169;166;2;1;3;92;14;35446;2577;10735
3888;2025;45.72165, 4.91718;33;3369;5174;1506;5168;314;37;20;0;34;3;32;32;0;0;0;92;9;35307;2577;7684
3889;2025;14.6479, -61.0995;20;89;111;9;111;63;19;16;5;18;3;18;18;0;0;26;95;17;19987;3913;2090
3890;2025;46.6728, -1.41974;40;113;146;22;146;133;32;24;11;30;4;27;27;0;0;34;94;15;48169;3360;21
3891;2025;50.6326, 3.04654;190;1240;1829;390;1501;946;223;168;107;190;6;194;194;0;0;48;85;3;17175;2107;7647
3892;2025;50.6326, 3.04654;125;455;742;192;742;591;136;69;66;120;1;99;99;0;0;49;88;1;39204;2107;6609
3893;2025;48.4039, 2.6947;35;275;344;144;344;134;33;29;12;25;4;14;10;2;2;36;76;29;35934;3100;4179
3894;2025;50.6326, 3.04654;190;2463;3415;732;3415;904;218;173;89;198;25;186;186;0;0;41;91;13;20886;2107;11485
3895;2025;43.6138, 3.87449;70;3421;4934;1295;4933;392;70;50;14;64;13;64;64;0;0;20;91;20;12448;1136;1126
3896;2025;50.62047, 3.07163;50;2999;4611;1107;1020;139;51;25;10;47;6;50;50;0;0;20;92;12;21081;2121;4861
3897;2025;46.6728, -1.41974;140;409;594;85;544;519;88;46;11;84;5;67;66;0;1;12;95;7;13022;3360;5628
3898;2025;48.9571, 2.33972;120;1611;2317;896;2289;599;104;75;9;89;10;72;72;0;0;9;86;14;11246;3658;4680
3899;2025;48.4005, -4.50073;35;633;965;247;962;139;35;22;3;33;4;35;35;0;0;9;94;11;47424;813;10657
3900;2025;45.72165, 4.91729;67;2682;3100;1365;3086;404;74;67;7;62;11;60;53;3;4;9;84;18;35456;2577;9697
3901;2025;45.72169, 4.91718;65;444;602;270;599;399;67;44;8;58;4;37;36;1;0;12;87;11;35444;2577;7407
3902;2025;45.72168, 4.91724;77;880;1120;460;1116;437;84;67;6;73;15;66;60;5;1;7;87;23;35302;2577;11223
3903;2025;43.5784, 1.40266;220;974;1309;771;1302;1302;253;191;252;253;24;85;76;3;6;100;100;28;4175;919;7433
3904;2025;43.6308, 3.87033;105;548;693;306;686;495;114;79;14;100;17;56;49;4;3;12;88;30;15216;1100;9157
3905;2025;45.7514, 4.82694;25;348;377;123;377;106;27;27;6;25;2;23;19;4;0;22;93;9;48377;2535;1869
3906;2025;45.7514, 4.82694;10;193;216;68;216;102;10;8;1;6;0;5;2;3;0;10;60;0;43316;2535;5751
3907;2025;45.7514, 4.82694;63;502;517;165;517;343;67;60;25;44;4;40;32;4;4;37;66;10;43314;2535;7068
3908;2025;45.72168, 4.91725;131;1737;1943;804;1938;871;139;121;8;109;22;68;47;15;6;6;78;32;35445;2577;3485
3909;2025;45.72166, 4.91727;200;3051;3366;1239;3357;995;210;201;21;182;27;151;114;25;12;10;87;18;35313;2577;6622
3910;2025;45.72168, 4.91724;66;2073;2271;909;2268;555;68;67;2;61;8;50;38;7;5;3;90;16;35314;2577;8947
3911;2025;47.0041, 3.15504;30;271;303;87;303;156;33;32;11;33;4;23;16;2;5;33;100;17;18641;1947;11415
3912;2025;49.25, 4.03333;80;252;191;60;191;264;65;56;10;55;4;34;26;4;4;15;85;12;32866;1726;353
3913;2025;48.9035, 2.21449;90;1464;1602;815;1602;297;87;83;13;79;20;37;27;9;1;15;91;54;19088;3578;2272
3914;2025;47.38333, 0.68333;30;159;138;47;138;137;26;23;6;21;4;11;6;0;5;23;81;36;49046;1258;1003
3915;2025;43.3374, 5.41216;75;998;1086;457;1080;290;73;72;27;69;16;53;39;11;3;37;95;30;42866;399;4542
3916;2025;48.7965, 2.44904;250;1512;1704;874;1684;781;248;230;116;216;60;207;162;41;4;47;87;29;28260;3732;5142
3917;2025;48.9593, 4.3567;40;373;411;132;410;215;40;36;6;36;2;19;16;3;0;15;90;11;20694;1694;6838
3918;2025;47.316, 5.06573;90;939;1061;396;1061;315;90;82;31;85;13;66;55;6;5;34;94;20;17345;598;8820
3919;2025;49.0315, 2.07513;55;357;79;27;61;147;55;50;24;40;4;29;21;6;2;44;73;14;25370;3812;8716
3920;2025;48.8481, 2.32917;120;410;408;197;408;429;118;104;69;100;2;43;33;7;3;58;85;5;17273;2876;5378
3921;2025;49.43333, 1.08333;60;228;158;50;158;246;39;35;12;33;2;24;14;8;2;31;85;8;39966;3028;7794
3922;2025;48.8554, 2.3314;25;1290;1416;786;1416;105;25;23;10;22;2;15;14;1;0;40;88;13;47256;2938;2929
3923;2025;45.771, 3.07321;120;966;1085;382;1081;392;120;110;50;107;15;89;73;9;7;42;89;17;30768;2311;895
3924;2025;49.03213, 2.07819;35;685;783;376;777;189;41;37;21;33;4;26;23;3;0;51;80;15;27547;3830;7012
3925;2025;48.7956, 2.44793;50;812;886;467;874;277;50;49;38;40;14;40;35;5;0;76;80;35;11499;3732;44
3926;2025;48.579, 7.7663;32;490;541;252;540;171;32;28;3;28;2;19;16;2;1;9;88;11;43173;2450;4336
3927;2025;49.90427, 2.29964;8;208;238;83;238;56;8;8;0;6;2;5;5;0;0;0;75;40;25336;3205;6999
3928;2025;49.7395, 4.71565;40;434;495;152;495;115;40;36;31;40;6;40;32;5;3;78;100;15;26427;195;1229
3929;2025;48.9593, 4.3567;40;476;520;167;519;143;40;39;22;39;7;40;37;3;0;55;98;18;23599;1694;10617
3930;2025;47.33489, 5.05389;30;192;209;87;209;115;34;32;12;29;1;26;24;2;0;35;85;4;31196;587;1930
3931;2025;48.8554, 2.3314;55;1596;1758;956;1758;197;57;55;36;57;5;37;32;4;1;63;100;14;32521;2938;10232
3932;2025;48.69452, 6.16628;60;911;1007;384;1005;198;60;58;7;52;8;41;37;2;2;12;87;20;43074;1819;9319
3933;2025;48.579, 7.7663;90;1074;1186;491;1183;338;88;84;59;78;8;55;47;5;3;67;89;15;43171;2450;1380
3934;2025;46.5737, 3.33527;35;879;959;293;958;135;34;33;14;30;7;31;27;3;1;41;88;23;35966;78;12088
3935;2025;48.73495, 2.30667;34;1064;1195;539;1185;188;31;29;24;31;6;21;13;4;4;77;100;29;35962;3604;2177
3936;2025;48.1119, 5.14502;30;654;723;239;723;162;30;25;8;28;3;24;18;5;1;27;93;12;35955;1733;1360
3937;2025;45.1918, 5.76752;30;1002;1105;403;1105;120;30;26;18;29;9;28;28;0;0;60;97;32;32576;1318;526
3938;2025;48.79603, 2.44811;35;1677;1867;898;1855;124;35;32;4;32;7;33;30;3;0;11;91;21;32737;3732;8740
3939;2025;43.6308, 3.87033;30;1796;1964;769;1958;154;34;30;3;34;1;13;13;0;0;9;100;8;35944;1100;7194
3940;2025;46.9971, 3.17296;30;568;632;207;632;162;31;28;10;31;4;24;22;2;0;32;100;17;40400;1947;5038
3941;2025;49.4583, 1.06895;36;1208;1342;459;1341;130;35;33;16;34;21;34;28;4;2;46;97;62;35529;2988;11605
3942;2025;48.4005, -4.50073;30;265;304;95;304;102;30;25;25;29;3;30;28;2;0;83;97;10;35956;813;6444
3943;2025;49.90429, 2.29963;172;1013;1156;404;1156;566;173;155;46;164;24;110;78;22;10;27;95;22;25337;3205;1485
3944;2025;43.5784, 1.40266;90;594;683;339;683;358;94;81;8;83;13;43;26;6;11;9;88;30;30971;919;3579
3945;2025;48.7453, 2.28783;35;204;231;116;231;182;38;29;12;28;0;15;9;6;0;32;74;0;36335;3604;10805
3946;2025;43.5784, 1.40266;80;2351;2633;1071;2633;387;84;76;7;77;13;53;25;10;18;8;92;25;30965;919;8213
3947;2025;46.5685, 0.37942;40;409;642;79;642;260;40;28;18;35;3;39;39;0;0;45;88;8;28738;3390;7822
3948;2025;43.6318, 3.86708;60;365;676;276;676;424;56;26;31;44;8;42;41;1;0;55;79;19;31266;1136;9618
3949;2025;45.1915, 5.76529;55;273;437;161;432;379;47;24;8;34;3;29;23;5;1;17;72;10;31729;1318;5755
3950;2025;48.5807, 7.76648;105;352;509;213;508;557;87;47;32;67;8;30;22;6;2;37;77;27;8058;2450;11560
3951;2025;43.5608, 1.46936;32;357;569;241;569;217;30;18;5;21;1;14;14;0;0;17;70;7;35062;959;3490
3952;2025;47.7326, 7.31432;20;63;82;33;82;68;20;16;6;20;1;4;4;0;0;30;100;25;48275;2479;11364
3953;2025;47.7461, -3.39083;50;115;135;45;135;149;20;11;9;18;2;8;7;1;0;45;90;25;36351;1865;8158
3954;2025;46.5685, 0.37942;160;1471;2115;285;2114;404;160;113;70;159;22;160;160;0;0;44;99;14;28739;3390;568
3955;2025;43.92, 2.139;9;382;606;234;606;55;9;7;0;7;2;5;5;0;0;0;78;40;43211;3248;2771
3956;2025;48.5842, 7.76661;660;3144;4331;1595;4156;2726;644;422;105;498;70;361;303;42;16;16;77;19;8056;2450;10823
3957;2025;48.4005, -4.50073;20;521;718;282;717;169;18;14;0;10;0;11;11;0;0;0;56;0;47420;813;9574
3958;2025;45.191, 5.76541;32;855;1013;401;340;195;26;17;17;24;1;23;23;0;0;65;92;4;19241;1318;2737
3959;2025;48.5842, 7.76658;15;139;181;32;85;40;16;13;6;12;0;16;16;0;0;38;75;0;8062;2450;12833
3960;2025;44.8081, -0.59556;12;1027;1315;388;220;59;12;12;8;11;1;6;6;0;0;67;92;17;31201;1055;1384
3961;2025;43.6317, 3.86504;36;557;808;278;808;122;36;23;8;30;4;27;27;0;0;22;83;15;31728;1136;11367
3962;2025;43.6322, 3.86517;20;761;1214;499;1214;115;20;15;9;10;3;12;12;0;0;45;50;25;32430;1136;8812
3963;2025;48.66445, 6.15913;16;164;196;77;192;105;16;13;1;11;2;11;9;2;0;6;69;18;42989;1816;1263
3964;2025;49.11606, 6.2139;18;158;179;53;178;110;16;14;1;13;0;9;8;1;0;6;81;0;42990;1919;4650
3965;2025;46.6728, -1.41974;20;44;30;7;30;55;7;4;4;7;1;6;4;2;0;57;100;17;48177;3360;379
3966;2025;50.434, 2.82362;36;691;798;230;798;96;34;33;12;33;8;25;25;0;0;35;97;32;35943;2250;11981
3967;2025;47.8502, 1.93351;35;486;554;233;550;166;34;32;2;27;2;23;22;1;0;6;79;9;32168;1531;7757
3968;2025;46.6728, -1.41974;40;109;114;25;110;147;16;10;0;12;3;11;9;2;0;0;75;27;48176;3360;1910
3969;2025;46.6728, -1.41974;40;628;759;135;755;236;37;32;1;29;0;34;33;1;0;3;78;0;48175;3360;5736
3970;2025;47.4954, 6.80407;50;282;362;99;362;315;46;31;3;35;7;28;22;5;1;7;76;25;3593;691;1145
3971;2025;48.1176, -1.63941;76;1016;1312;428;737;356;68;46;16;58;11;50;49;1;0;24;85;22;18561;1211;1953
3972;2025;50.6082, 3.14383;64;499;525;162;313;248;61;48;39;51;4;40;40;0;0;64;84;10;15531;2121;2708
3973;2025;43.5194, 5.44036;90;2867;4017;1472;3963;2439;86;60;82;83;9;44;44;0;0;95;97;20;39241;373;8447
3974;2025;43.2326, 5.44085;200;3159;4480;1659;4419;3445;208;137;206;208;36;159;156;3;0;99;100;23;39243;306;8447
3975;2025;43.3048, 5.37862;160;3139;4431;1706;4368;2253;157;112;110;123;21;39;36;3;0;70;78;54;39242;389;8447
3976;2025;43.3054, 5.3791;40;2550;3625;647;3575;432;40;27;6;38;18;32;32;0;0;15;95;56;39247;389;12392
3977;2025;43.2326, 5.44085;60;2574;3657;624;3608;597;60;32;1;51;20;43;43;0;0;2;85;47;39246;306;12392
3978;2025;43.5194, 5.44036;40;2268;3218;561;3176;389;40;32;4;36;9;31;31;0;0;10;90;29;39245;373;12392
3979;2025;48.5612, -3.1642;55;287;312;67;311;352;37;23;24;30;0;25;22;3;0;65;81;0;3382;634;4840
3980;2025;47.2357, -1.55549;55;213;443;119;443;379;55;21;23;46;2;37;34;2;1;42;84;5;35850;1506;1671
3981;2025;48.7885, 2.44418;25;1506;1376;614;416;166;25;23;2;13;6;16;16;0;0;8;52;38;23850;3732;6418
3982;2025;42.6846, 2.89905;10;151;182;67;182;65;10;8;0;8;1;8;7;1;0;0;80;12;45809;2389;1625
3983;2025;43.3052, 5.37892;85;1113;1618;627;1598;1148;85;51;24;61;10;48;43;5;0;28;72;21;39250;389;8285
3984;2025;43.2326, 5.44085;110;1197;1729;627;1712;999;106;76;67;98;13;74;74;0;0;63;92;18;39251;306;8285
3985;2025;43.5194, 5.44036;50;1062;1521;539;1509;1202;46;33;45;45;2;36;36;0;0;98;98;6;39249;373;8285
3986;2025;45.72166, 4.91718;5;145;172;78;169;51;6;5;0;5;1;6;1;1;4;0;83;17;35256;2577;6563
3987;2025;45.72174, 4.9171;6;63;67;30;65;58;7;5;0;5;1;5;3;2;0;0;71;20;35257;2577;5724
3988;2025;45.72183, 4.91712;14;184;204;79;202;121;14;9;1;12;0;6;4;1;1;7;86;0;35255;2577;9426
3989;2025;45.72162, 4.91729;3;98;119;45;117;46;6;4;0;6;4;4;0;2;2;0;100;100;35258;2577;5636
3990;2025;45.72162, 4.91714;2;50;49;19;48;35;2;1;0;1;1;1;1;0;0;0;50;100;35259;2577;6389
3991;2025;45.72166, 4.9172;3;67;65;30;64;45;3;2;0;3;0;1;0;0;1;0;100;0;35254;2577;10594
3992;2025;45.72163, 4.91721;5;215;244;94;243;76;7;7;0;7;1;1;0;1;0;0;100;100;35252;2577;3998
3993;2025;45.72162, 4.91722;19;233;252;102;250;168;20;17;0;19;2;8;8;0;0;0;95;25;35432;2577;12033
3994;2025;45.72166, 4.91722;33;563;605;235;602;185;37;35;3;37;1;24;22;1;1;8;100;4;35253;2577;11511
3995;2025;46.5701, 0.38174;40;524;674;71;674;124;40;35;37;39;5;40;40;0;0;92;98;12;28745;3390;12097
3996;2025;48.5784, 7.76301;18;191;219;93;218;101;17;12;1;15;1;7;7;0;0;6;88;14;43129;2450;4546
3997;2025;43.6308, 3.87033;45;187;157;70;153;188;45;39;20;38;4;21;18;2;1;44;84;19;28937;1100;5482
3998;2025;43.3491, 3.22498;40;131;74;22;72;145;26;24;8;13;5;12;6;5;1;31;50;42;44434;1131;9377
3999;2025;48.8554, 2.3314;25;142;119;78;119;139;29;25;2;29;0;4;4;0;0;7;100;0;47198;2938;2971
4000;2025;43.6308, 3.87033;160;657;764;301;751;741;173;114;18;148;22;84;60;15;9;10;86;26;4564;1100;6521
4001;2025;43.6308, 3.87033;30;1258;1831;481;400;107;29;21;7;25;2;25;25;0;0;24;86;8;19235;1100;5455
4002;2025;50.6283, 3.12449;35;290;317;133;317;162;34;32;9;31;2;16;15;1;0;26;91;12;28333;2121;8149
4003;2025;43.6308, 3.87033;90;410;293;122;287;479;106;86;29;83;11;33;24;7;2;27;78;33;4589;1100;3283
4004;2025;44.7966, -0.61747;180;632;454;193;444;641;157;137;54;124;8;72;62;7;3;34;79;11;4409;1013;7213
4005;2025;50.6278, 3.12442;160;533;436;168;436;561;134;115;56;104;11;63;54;7;2;42;78;17;15756;2121;1344
4006;2025;48.8554, 2.3314;55;260;284;144;284;197;59;54;8;59;0;27;26;1;0;14;100;0;47197;2938;6618
4007;2025;49.11984, 6.16496;30;149;161;47;161;118;28;25;4;25;1;19;10;7;2;14;89;5;43078;1929;98
4008;2025;48.6946, 6.16604;15;202;216;75;216;55;15;15;3;13;0;9;8;0;1;20;87;0;43077;1819;596
4009;2025;48.579, 7.7663;35;296;323;129;323;144;35;32;2;33;5;20;19;0;1;6;94;25;43169;2450;3442
4010;2025;46.57052, 0.38192;35;651;710;230;710;100;35;35;11;32;15;33;31;2;0;31;91;45;35951;3390;769
4011;2025;48.8452, 2.39666;62;549;696;511;696;219;61;53;33;56;2;13;11;0;2;54;92;15;24141;2838;4409
4012;2025;48.8452, 2.39666;52;235;256;117;256;222;51;42;19;46;7;24;20;2;2;37;90;29;9262;2838;2613
4013;2025;48.8452, 2.39666;111;324;310;162;310;379;111;87;29;96;8;32;27;4;1;26;86;25;24139;2838;8690
4014;2025;47.2405, 6.02271;50;197;212;76;212;271;45;27;28;31;4;16;11;4;1;62;69;25;44426;696;2158
4015;2025;47.2405, 6.02271;75;239;207;75;207;304;35;24;19;30;1;13;12;1;0;54;86;8;3554;696;10567
4016;2025;43.6927, 7.23681;35;208;241;81;236;224;32;22;11;23;5;17;15;1;1;34;72;29;32401;167;6750
4017;2025;43.5608, 1.46936;40;887;1000;382;998;134;40;37;22;40;8;36;36;0;0;55;100;22;39949;959;4109
4018;2025;43.3053, 5.37832;36;224;196;73;87;82;35;22;26;32;5;22;22;0;0;74;91;23;12621;389;6735
4019;2025;46.5625, 0.38544;30;387;957;99;957;71;30;17;9;30;1;30;30;0;0;30;100;3;28746;3390;1202
4020;2025;47.7281, 7.30814;90;195;561;113;561;369;88;30;55;88;6;68;52;10;6;62;100;9;22966;2479;656
4021;2025;44.35624, 2.56417;20;395;1065;260;1065;62;20;9;5;17;2;20;19;1;0;25;85;10;2519;269;5283
4022;2025;43.5608, 1.46936;72;1134;2843;643;2839;164;72;34;23;66;9;66;62;4;0;32;92;14;48327;959;7094
4023;2025;47.7461, -3.39083;50;228;667;119;665;267;47;8;3;43;6;44;32;6;6;6;91;14;47436;1865;3036
4024;2025;43.28333, 5.56667;30;182;286;51;284;141;26;24;15;22;7;23;16;6;1;58;85;30;33488;402;662
4025;2025;48.579, 7.7663;25;131;109;24;18;19;11;11;10;10;0;9;7;2;0;91;91;0;43164;2450;8313
4026;2025;42.3002, 9.15389;90;130;431;78;431;230;91;16;43;81;13;71;61;9;1;47;89;18;31800;3849;12494
4027;2025;42.3002, 9.15389;10;116;86;23;29;26;6;5;5;6;0;4;4;0;0;83;100;0;43461;3849;9150
4028;2025;4.93198, -52.30111;40;53;213;57;213;93;40;8;27;39;11;34;32;2;0;68;98;32;44913;3938;763
4029;2025;50.4123, 2.76605;240;496;1698;290;1698;836;235;64;128;230;33;225;206;13;6;54;98;15;7535;2262;2243
4030;2025;50.4123, 2.76605;30;139;269;52;77;105;30;5;14;24;1;21;21;0;0;47;80;5;16822;2262;8172
4031;2025;48.0157, 0.16326;255;486;1622;246;1621;630;253;78;70;238;30;220;204;12;4;28;94;14;8747;2689;8681
4032;2025;48.0158, 0.16325;30;483;1106;271;1071;50;30;15;16;30;2;30;30;0;0;53;100;7;17171;2689;4124
4033;2025;47.4428, -0.52425;20;328;745;213;745;115;22;11;22;22;0;20;18;1;1;100;100;0;44320;1635;4444
4034;2025;48.8341, 2.29206;60;1265;3585;1138;3585;191;60;35;10;55;5;54;52;2;0;17;92;9;47481;2938;2123
4035;2025;42.5149, 2.04065;15;396;1028;256;1027;37;15;6;5;12;2;15;13;2;0;33;80;13;43359;2396;5864
4036;2025;48.7687, 2.45761;65;977;2822;873;2815;219;65;31;13;56;5;56;53;3;0;20;86;9;14592;3732;6890
4037;2025;45.8354, 1.24297;50;487;1145;310;485;130;51;30;21;51;4;49;49;0;0;41;100;8;22697;3419;2051
4038;2025;46.1196, 3.42528;60;742;1819;410;1816;203;60;24;23;50;8;60;59;1;0;38;83;13;23471;84;1292
4039;2025;50.6119, 3.0842;105;193;840;171;840;455;105;23;55;92;19;88;59;22;7;52;88;22;24334;2121;2035
4040;2025;44.9173, 4.91557;30;143;259;62;259;156;27;19;8;20;3;16;10;3;3;30;74;19;41088;725;4333
4041;2025;49.40264, 3.33141;30;144;275;46;275;123;29;19;14;22;1;22;19;3;0;48;76;5;35933;60;6341
4042;2025;50.4123, 2.76605;30;115;224;28;91;99;30;11;17;27;6;23;18;5;0;57;90;26;16806;2262;4007
4043;2025;45.6257, 0.12156;190;375;1585;232;1585;439;190;46;127;177;22;175;161;8;6;67;93;13;20503;475;6264
4044;2025;46.5625, 0.38559;240;665;2326;408;2326;493;239;75;186;235;22;217;193;21;3;78;98;10;20749;3390;12520
4045;2025;47.4428, -0.52425;240;442;1522;216;1507;1040;273;87;189;267;11;233;212;15;6;69;98;5;5978;1635;10892
4046;2025;45.8354, 1.24303;165;406;1547;270;1547;366;164;43;107;155;18;151;133;12;6;65;95;12;10704;3419;5829
4047;2025;48.7015, 2.17988;65;778;2011;610;2011;202;65;32;19;63;2;60;60;0;0;29;97;3;10924;3538;7628
4048;2025;48.6269, 2.5607;95;303;1361;354;1354;402;94;31;6;81;7;82;79;3;0;6;86;9;9937;3091;6758
4049;2025;;25;44;60;8;42;44;0;0;0;0;0;0;0;0;0;0;0;0;36336;1635;8948
4050;2025;47.4428, -0.52425;25;55;99;25;91;92;16;3;15;16;2;12;10;2;0;94;100;17;39970;1635;8296
4051;2025;47.4428, -0.52425;25;30;153;19;143;100;29;6;29;29;2;29;21;3;5;100;100;7;22043;1635;7569
4052;2025;45.1547, 1.5092;125;227;941;153;939;319;125;32;71;108;11;116;99;12;5;57;86;9;3171;554;679
4053;2025;49.0315, 2.07513;160;77;454;57;300;279;160;33;78;154;9;147;135;12;0;49;96;6;11651;3812;1186
4054;2025;43.8423, 4.35646;160;450;1758;397;1758;738;156;26;16;127;25;119;90;21;8;10;81;21;20422;876;2608
4055;2025;43.6415, 3.85436;50;1234;3243;813;3233;119;50;23;16;47;6;47;46;1;0;32;94;13;31968;1136;7698
4056;2025;50.6116, 3.08441;10;225;853;175;87;23;10;3;3;10;0;10;10;0;0;30;100;0;15036;2121;11461
4057;2025;48.8463, 2.34762;30;313;382;166;382;103;30;29;16;28;5;28;28;0;0;53;93;18;45906;2777;11954
4058;2025;48.5807, 7.76658;25;374;422;173;422;114;25;21;2;21;1;18;16;2;0;8;84;6;36321;2450;7455
4059;2025;50.3267, 3.51626;48;123;331;126;105;100;47;11;38;47;3;41;39;2;0;81;100;7;7003;2116;1849
4060;2025;49.84947, 3.28741;50;31;123;28;123;156;33;5;10;31;4;22;16;6;0;30;94;18;2075;40;11048
4061;2025;43.61973, 3.8693;68;908;1025;399;1024;284;67;64;41;66;11;47;41;1;5;61;99;23;20700;1136;10919
4062;2025;43.2086, 2.36988;34;443;487;140;487;182;37;35;15;35;6;27;22;2;3;41;95;22;20853;249;3478
4063;2025;44.517, 3.50584;34;269;296;75;296;263;36;32;28;28;7;29;26;2;1;78;78;24;24267;1595;3281
4064;2025;43.84698, 4.37327;68;683;772;284;772;361;67;61;27;50;13;47;36;9;2;40;75;28;21156;869;8836
4065;2025;42.6865, 2.88391;68;466;525;180;525;293;66;56;30;54;13;44;37;5;2;45;82;30;24415;2398;4351
4066;2025;48.81323, 2.14945;32;169;218;100;216;141;32;22;4;25;6;15;9;2;4;12;78;40;35958;3128;12140
4067;2025;43.7169, 7.26667;35;360;445;200;443;152;35;29;3;33;6;20;19;1;0;9;94;30;35949;167;1532
4068;2025;45.8368, 1.23587;50;364;438;134;438;164;50;45;11;46;6;40;35;5;0;22;92;15;32725;3419;5230
4069;2025;-12.8582, 45.1958;30;554;719;283;719;98;29;23;13;24;7;19;19;0;0;45;83;37;33340;4018;4062
4070;2025;43.6158, 3.87189;33;507;593;219;593;184;32;29;13;30;5;19;13;5;1;41;94;26;35945;1136;11294
4071;2025;46.5685, 0.3794;40;96;240;70;240;195;38;9;20;32;7;31;27;3;1;53;84;23;28740;3390;7045
4072;2025;47.6409, 6.86425;24;45;117;31;116;154;19;7;3;10;3;7;3;3;1;16;53;43;10836;3485;5158
4073;2025;49.7394, 4.71837;32;40;77;25;64;66;10;3;2;10;1;5;5;0;0;20;100;20;44614;201;12250
4074;2025;49.2379, 4.06443;25;73;224;42;167;70;27;13;7;27;3;24;24;0;0;26;100;12;44617;1720;1775
4075;2025;49.2412, 4.06398;24;41;185;57;137;99;23;5;1;20;3;18;18;0;0;4;87;17;44616;1725;1404
4076;2025;50.3234, 3.51418;35;61;337;111;324;250;32;8;9;25;5;12;9;2;1;28;78;42;7011;2116;1032
4077;2025;48.8396, 2.58732;70;271;1042;316;1042;412;67;27;28;58;12;35;28;6;1;42;87;34;9923;3098;12773
4078;2025;50.3232, 3.51419;35;88;436;121;429;270;30;5;11;26;7;20;15;5;0;37;87;35;7013;2116;1680
4079;2025;44.8081, -0.59556;12;209;522;159;300;124;9;3;2;3;0;3;3;0;0;22;33;0;26342;1055;3800
4080;2025;43.1369, 6.01684;90;203;716;239;693;747;86;18;32;62;14;44;30;11;3;37;72;32;15128;3282;5263
4081;2025;49.7394, 4.71837;48;42;135;43;129;168;17;3;4;16;0;9;7;1;1;24;94;0;44611;201;5344
4082;2025;43.1369, 6.01684;15;60;211;61;120;86;15;3;1;11;1;8;8;0;0;7;73;12;12105;3282;11802
4083;2025;49.09429, 6.23043;12;28;60;18;52;42;11;3;1;11;1;11;11;0;0;9;100;9;43200;1914;7121
4084;2025;49.09429, 6.23043;15;28;71;14;51;50;6;1;1;6;0;4;4;0;0;17;100;0;43201;1914;8972
4085;2025;49.09429, 6.23043;12;18;34;13;29;31;6;1;0;5;1;3;3;0;0;0;83;33;43199;1914;10160
4086;2025;49.2412, 4.06398;24;34;133;52;125;163;22;4;7;18;3;6;5;0;1;32;82;50;44615;1725;8099
4087;2025;43.3053, 5.37845;25;382;1171;413;1166;910;52;17;52;52;15;41;41;0;0;100;100;37;39235;389;10910
4088;2025;43.3374, 5.41216;25;385;1171;417;1167;667;25;7;11;17;6;13;13;0;0;44;68;46;39236;399;10910
4089;2025;43.5194, 5.44036;35;343;1135;377;1131;915;48;7;46;47;5;32;32;0;0;96;98;16;39234;373;10910
4090;2025;43.3374, 5.41216;10;271;672;203;669;240;10;5;1;6;4;8;8;0;0;10;60;50;39239;399;5248
4091;2025;45.202, 5.74444;100;1156;1537;297;1537;922;99;78;95;97;18;89;79;10;0;96;98;20;30911;1318;6164
4092;2025;48.5768, 7.73907;150;1270;1864;390;1847;592;150;96;41;142;27;128;128;0;0;27;95;21;29220;2450;10965
4093;2025;48.5769, 7.73882;80;660;862;221;857;327;78;62;5;72;12;64;64;0;0;6;92;19;29215;2450;608
4094;2025;48.5829, 7.77387;120;864;1288;313;1281;423;120;74;35;113;23;101;101;0;0;29;94;23;29224;2450;1290
4095;2025;49.237, 4.00241;105;591;904;136;904;378;105;58;11;105;16;96;94;2;0;10;100;17;32182;1707;2226
4096;2025;48.2978, 4.0803;20;117;159;48;156;74;19;12;4;19;3;9;8;0;1;21;100;33;32162;225;2586
4097;2025;49.01659, 2.07478;30;711;937;266;918;124;29;22;19;29;5;21;21;0;0;66;100;24;32505;3830;7930
4098;2025;49.01667, 2.07469;20;284;407;110;402;127;20;13;4;19;3;19;19;0;0;20;95;16;32503;3830;4472
4099;2025;48.5769, 7.73886;120;636;1126;249;1121;489;118;69;37;113;27;96;96;0;0;31;96;28;29221;2450;7875
4100;2025;46.6728, -1.41974;25;47;25;12;25;71;7;4;2;5;0;2;0;1;1;29;71;0;48184;3360;2294
4101;2025;46.6728, -1.41974;40;101;86;35;86;114;11;10;5;9;2;6;6;0;0;45;82;33;48183;3360;3859
4102;2025;48.7803, 2.0443;30;790;1001;510;992;95;30;22;8;29;1;27;25;2;0;27;97;4;47931;3121;10145
4103;2025;46.6728, -1.41974;40;187;210;82;209;238;34;22;3;21;0;16;15;1;0;9;62;0;48185;3360;12442
4104;2025;49.2327, 4.00789;64;477;817;127;817;430;61;26;3;58;10;44;40;3;1;5;95;23;43441;1707;11995
4105;2025;48.579, 7.7663;120;632;1143;280;1143;655;118;72;13;93;20;77;73;4;0;11;79;26;29222;2450;4585
4106;2025;48.5769, 7.73901;80;638;979;237;976;435;79;36;9;77;11;61;61;0;0;11;97;18;29228;2450;4369
4107;2025;49.237, 4.00048;125;1352;1725;334;1720;385;125;107;20;124;29;120;119;1;0;16;99;24;32172;1707;12493
4108;2025;48.579, 7.7663;120;2476;3047;713;3031;451;119;105;22;115;23;114;114;0;0;18;97;20;29223;2450;3734
4109;2025;48.7838, 2.03938;56;1629;2151;367;2132;278;56;45;5;54;7;56;42;13;1;9;96;12;32603;3121;2498
4110;2025;49.2327, 4.00789;263;1234;1735;315;1735;944;257;168;29;257;43;218;213;5;0;11;100;20;43444;1707;8106
4111;2025;49.2327, 4.00789;64;911;1298;176;1293;322;64;37;8;62;10;63;63;0;0;12;97;16;43447;1707;4671
4112;2025;49.2327, 4.00789;64;586;885;117;883;395;64;43;0;64;9;58;58;0;0;0;100;16;43448;1707;649
4113;2025;48.5769, 7.73888;40;613;944;194;942;277;38;21;1;32;8;34;34;0;0;3;84;24;29227;2450;7863
4114;2025;48.5843, 7.76665;400;2473;3432;744;3331;1145;398;306;139;386;87;380;360;10;10;35;97;23;29229;2450;5859
4115;2025;48.5769, 7.73884;120;856;1579;298;1563;447;119;68;48;109;10;112;110;2;0;40;92;9;29226;2450;640
4116;2025;49.2431, 4.06885;120;719;1262;168;1262;240;120;79;47;118;15;118;116;2;0;39;98;13;32170;1707;4137
4117;2025;49.7394, 4.71837;16;70;82;21;82;86;16;10;4;10;1;11;9;1;1;25;62;9;32188;201;6426
4118;2025;49.2372, 4.00215;66;774;1041;153;1034;276;66;57;7;65;20;60;60;0;0;11;98;33;32171;1707;7313
4119;2025;48.577, 7.73897;80;1057;1334;306;1327;308;80;71;17;80;12;74;74;0;0;21;100;16;29225;2450;9846
4120;2025;47.7429, -3.38503;140;568;451;128;451;612;103;94;42;81;8;55;26;18;11;41;79;15;6496;1865;11383
4121;2025;43.30548, 5.37848;20;519;647;277;638;359;17;14;5;12;5;7;2;3;2;29;71;71;39258;389;6469
4122;2025;43.3051, 5.37858;5;552;678;190;665;77;3;2;1;3;1;1;1;0;0;33;100;100;39263;389;2037
4123;2025;45.72163, 4.91736;33;631;970;325;969;280;32;22;1;31;6;20;18;2;0;3;97;30;35443;2577;6029
4124;2025;45.72166, 4.91727;37;416;652;284;650;312;40;21;0;29;2;17;13;1;3;0;72;12;35299;2577;65
4125;2025;45.72171, 4.9172;32;644;960;353;958;208;36;28;4;30;7;27;27;0;0;11;83;26;35298;2577;10033
4126;2025;48.8481, 2.32917;220;2465;3669;816;2828;1220;244;195;111;162;11;170;169;1;0;45;66;6;9458;2876;4219
4127;2025;49.25, 4.03333;90;521;585;112;456;389;70;48;4;62;1;59;59;0;0;6;89;2;32867;1726;7570
4128;2025;49.43333, 1.08333;60;368;472;92;372;311;57;43;11;49;6;47;44;2;1;19;86;13;39967;3028;3787
4129;2025;43.5784, 1.40266;150;676;1005;583;988;988;213;138;211;213;13;46;33;12;1;99;100;28;15911;919;11434
4130;2025;50.1893, 3.24567;50;179;282;61;282;284;50;27;34;43;11;31;27;1;3;68;86;35;26437;2119;10455
4131;2025;50.3627, 3.52793;160;428;615;150;614;642;139;58;69;119;21;80;67;10;3;50;86;26;26434;2116;3412
4132;2025;49.90428, 2.29964;30;253;325;109;325;245;28;19;11;22;3;12;9;3;0;39;79;25;25338;3205;6087
4133;2025;45.1927, 5.77316;110;697;1046;286;1044;619;110;64;66;103;13;89;84;5;0;60;94;15;16994;1318;11122
4134;2025;49.90426, 2.29962;130;824;995;334;995;684;128;108;50;108;14;70;57;9;4;39;84;20;25339;3205;304
4135;2025;14.607, -61.0714;30;30;40;5;40;40;3;2;3;3;0;2;2;0;0;100;100;0;25358;3917;5437
4136;2025;48.5783, 7.76527;30;355;480;162;281;144;30;26;0;29;1;21;21;0;0;0;97;5;14174;2450;8744
4137;2025;50.6102, 3.14357;70;859;1293;354;1293;514;68;44;34;62;7;41;41;0;0;50;91;17;26353;2121;9001
4138;2025;43.5784, 1.40266;210;1504;2278;943;2265;2265;325;188;324;325;33;150;123;23;4;100;100;22;4172;919;6303
4139;2025;42.9551, 1.60685;50;360;466;144;465;590;51;28;30;37;5;28;24;3;1;59;73;18;18423;211;10707
4140;2025;48.90058, 2.07022;30;109;128;56;128;103;28;22;5;27;1;9;8;1;0;18;96;11;48012;3159;782
4141;2025;45.72168, 4.91724;8;104;117;66;117;88;7;6;0;4;0;1;0;0;1;0;57;0;35295;2577;10208
4142;2025;45.72172, 4.91724;33;695;959;373;951;306;36;29;3;28;6;20;17;3;0;8;78;30;35442;2577;6391
4143;2025;45.72168, 4.91729;31;1010;1274;554;1267;289;37;30;0;32;6;19;16;2;1;0;86;32;35296;2577;10975
4144;2025;45.72172, 4.9172;60;1810;2168;896;2160;452;63;53;1;52;10;39;27;6;6;2;83;26;35294;2577;673
4145;2025;48.69459, 6.16617;15;160;188;70;188;78;14;13;0;11;0;6;5;1;0;0;79;0;43073;1819;4350
4146;2025;49.4583, 1.06895;72;360;553;40;493;271;71;48;24;69;9;71;71;0;0;34;97;13;39616;2988;10670
4147;2025;45.1925, 5.77349;185;851;1000;335;999;1088;167;101;62;114;12;61;47;7;7;37;68;20;31720;1318;12281
4148;2025;50.629, 3.12595;180;924;1079;400;1079;1275;174;118;77;144;16;67;54;8;5;44;83;24;7097;2121;6852
4149;2025;50.6114, 3.14325;310;1479;1818;626;1818;1847;308;228;177;261;39;154;130;16;8;57;85;25;15374;2121;6980
4150;2025;47.4629, -0.54627;50;30;35;15;34;47;5;4;3;4;0;0;0;0;0;60;80;0;5891;1651;5444
4151;2025;48.8481, 2.32917;30;48;65;27;65;96;20;7;3;17;1;6;5;0;1;15;85;17;47497;2876;4731
4152;2025;48.8342, 2.3375;50;48;43;23;43;80;10;4;3;4;1;1;1;0;0;30;40;100;25320;2881;11943
4153;2025;47.4474, -0.5404;10;85;128;28;126;13;11;7;10;11;0;11;6;5;0;91;100;0;45509;1619;3476
4154;2025;47.4474, -0.5404;10;18;14;5;14;30;6;3;2;6;0;2;0;1;1;33;100;0;45510;1619;9746
4155;2025;43.5784, 1.40266;60;850;1095;400;1072;314;65;54;7;57;8;45;41;2;2;11;88;18;31754;919;8971
4156;2025;43.6035, 3.8995;30;1310;2212;597;2212;200;36;20;3;30;11;32;32;0;0;8;83;34;45377;1136;1716
4157;2025;50.3627, 3.52793;30;382;257;103;94;119;27;26;6;18;3;14;6;6;2;22;67;21;39151;2116;9065
4158;2025;45.8249, 1.2604;30;376;485;157;250;143;21;12;1;18;2;8;6;2;0;5;86;25;36277;3419;8260
4159;2025;49.0388, 2.07414;36;334;616;279;416;160;35;20;10;35;5;18;13;2;3;29;100;28;49419;3830;12589
4160;2025;43.2326, 5.44085;20;206;266;142;156;88;20;15;0;16;3;10;6;4;0;0;80;30;45900;306;5292
4161;2025;48.7015, 2.17988;20;173;272;126;80;54;21;16;7;20;0;15;8;7;0;33;95;0;35821;3538;6743
4162;2025;47.7461, -3.39083;18;119;180;84;161;100;18;12;7;18;1;9;5;4;0;39;100;11;36444;1865;3966
4163;2025;48.8411, 2.58732;14;41;127;55;34;30;12;1;2;11;0;10;8;2;0;17;92;0;48069;3090;3076
4164;2025;48.8411, 2.58732;4;13;44;25;10;6;4;2;2;4;0;1;1;0;0;50;100;0;48778;3090;3733
4165;2025;48.6777, 6.18037;20;24;24;8;24;48;7;2;2;5;0;7;3;2;2;29;71;0;41137;3812;4066
4166;2025;49.0318, 2.07582;55;40;114;20;79;100;54;13;34;52;2;47;31;13;3;63;96;4;39562;3812;4066
4167;2025;48.8265, 2.27577;40;21;58;17;40;69;28;5;10;18;1;21;15;2;4;36;64;5;41135;3812;4066
4168;2025;50.3627, 3.52793;30;266;270;147;170;132;36;31;3;26;5;15;4;5;6;8;72;33;39152;2116;2796
4169;2025;43.29818, 5.38262;30;415;525;190;123;125;30;12;12;26;3;20;16;3;1;40;87;15;36286;377;5222
4170;2025;49.0388, 2.0742;20;93;178;55;121;72;21;10;8;21;6;14;7;6;1;38;100;43;44618;3829;6085
4171;2025;49.0388, 2.0742;30;456;617;176;49;37;30;28;23;23;12;29;7;1;21;77;77;41;44620;3829;10356
4172;2025;45.74818, 4.86046;30;775;1275;439;510;188;33;29;3;33;0;22;22;0;0;9;100;0;43517;2580;10097
4173;2025;48.8747, 2.38092;25;469;774;265;774;41;25;18;16;25;2;18;16;1;1;64;100;11;48609;2764;5497
4174;2025;43.3491, 3.22498;30;346;299;151;150;118;21;19;0;18;3;11;3;5;3;0;86;27;44439;1131;8595
4175;2025;45.83673, 1.23811;40;407;528;364;144;159;40;17;7;27;1;11;9;1;1;18;68;9;36278;3419;1343
4176;2025;46.0369, 4.08019;15;489;585;226;584;19;16;15;14;16;2;11;8;0;3;88;100;18;44433;2577;5965
4177;2025;47.4629, -0.54627;40;55;84;38;49;54;6;4;4;6;0;2;2;0;0;67;100;0;44420;1651;11105
4178;2025;43.3467, 3.2225;26;90;340;123;139;118;24;5;10;19;3;18;10;8;0;42;79;17;39961;1121;7275
4179;2025;48.93555, 2.30301;34;102;170;54;144;111;32;16;21;31;4;22;8;1;13;66;97;18;33774;3623;3160
4180;2025;49.0388, 2.0742;24;173;935;347;706;79;24;8;16;22;5;13;8;1;4;67;92;38;49420;3829;2829
4181;2025;43.9499, 4.81762;10;200;162;74;53;71;4;3;2;2;0;1;0;1;0;50;50;0;47551;3328;2331
4182;2025;43.9499, 4.81762;10;51;50;19;42;43;6;5;6;6;1;2;1;0;1;100;100;50;47828;3328;12430
4183;2025;49.0388, 2.0742;20;69;73;32;24;47;23;13;8;16;1;12;7;2;3;35;70;8;49422;3829;2460
4184;2025;43.9499, 4.81762;30;42;158;71;38;38;36;19;36;36;2;25;19;4;2;100;100;8;47506;3328;1631
4185;2025;47.2666, -0.06663;40;238;275;73;191;122;40;39;16;36;5;33;13;8;12;40;90;15;35815;1644;10302
4186;2025;45.7606, 3.11368;80;257;376;112;306;252;83;57;39;76;18;59;16;31;12;47;92;31;7628;2311;1323
4187;2025;48.7015, 2.17988;120;347;439;164;226;242;119;74;57;115;15;77;52;20;5;48;97;19;10909;3538;8887
4188;2025;48.27, 4.08084;24;57;67;21;56;78;24;10;4;19;5;13;4;4;5;17;79;38;22581;218;11773
4189;2025;48.79885, 2.12313;25;249;371;112;79;43;25;17;15;24;2;18;17;1;0;60;96;11;26054;3127;4748
4190;2025;43.9463, 4.80034;25;268;440;44;440;76;25;17;14;24;5;25;25;0;0;56;96;20;10412;3312;7720
4191;2025;43.5847, 1.39421;35;410;631;61;550;132;35;22;31;32;12;35;35;0;0;89;91;34;19543;917;10107
4192;2025;43.8374, 4.35277;45;78;137;28;137;126;30;14;10;30;4;24;19;3;2;33;100;17;18515;850;9764
4193;2025;47.3265, 5.03022;65;1237;1968;8;89;73;64;43;56;63;7;63;63;0;0;88;98;11;31210;590;12427
4194;2025;43.78333, 7.5;64;1432;2095;7;83;75;64;43;57;62;14;64;63;1;0;89;97;22;31974;168;10933
4195;2025;43.78333, 7.5;7;215;296;3;8;7;7;5;7;7;4;7;7;0;0;100;100;57;31973;168;6840
4196;2025;48.68333, 6.2;101;617;1027;1;144;136;99;63;77;99;12;99;99;0;0;78;100;12;31214;1811;8737
4197;2025;48.8541, 2.3284;270;4400;6531;17;373;304;264;181;232;261;31;263;262;1;0;88;99;12;25777;2869;12429
4198;2025;46.58333, 0.33333;113;1057;1495;2;152;144;111;76;91;111;12;111;111;0;0;82;100;11;31975;3402;8186
4199;2025;49.25, 4.03333;9;163;225;0;11;10;9;8;8;9;3;9;9;0;0;89;100;33;47562;1724;6966
4200;2025;49.25, 4.03333;114;800;1154;2;146;130;111;76;96;111;10;111;111;0;0;86;100;9;32212;1724;3167
4201;2025;49.25, 4.03333;205;1777;2569;5;290;263;204;158;155;202;13;203;203;0;0;76;99;6;31216;1724;2951
4202;2025;49.5, 0.13333;56;774;1180;3;79;62;55;41;49;55;11;55;55;0;0;89;100;20;31212;3021;7926
4203;2025;49.5, 0.13333;6;50;94;1;11;8;7;5;6;7;0;7;7;0;0;86;100;0;32570;3021;10040
4204;2025;47.3265, 5.03022;3;32;47;0;3;3;2;1;2;2;0;2;2;0;0;100;100;0;44297;590;3774
4205;2025;43.78333, 7.5;3;59;93;0;4;4;3;3;2;3;0;3;3;0;0;67;100;0;44329;168;5068
4206;2025;43.78333, 7.5;1;18;31;1;1;1;1;1;1;1;0;0;0;0;0;100;100;0;44299;168;8720
4207;2025;48.68333, 6.2;1;15;29;1;1;1;1;0;1;1;0;1;1;0;0;100;100;0;44300;1811;4302
4208;2025;48.8541, 2.3284;1;97;143;0;2;1;1;0;1;1;1;1;1;0;0;100;100;100;44151;2869;10895
4209;2025;46.58333, 0.33333;3;25;45;0;5;4;3;2;2;3;0;3;3;0;0;67;100;0;44301;3402;718
4210;2025;49.25, 4.03333;0;4;11;0;0;0;0;0;0;0;0;0;0;0;0;0;0;0;48346;1724;811
4211;2025;49.25, 4.03333;0;17;31;0;0;0;0;0;0;0;0;0;0;0;0;0;0;0;44302;1724;9756
4212;2025;49.25, 4.03333;3;37;54;1;4;4;3;3;2;2;0;3;3;0;0;67;67;0;44331;1724;7751
4213;2025;49.5, 0.13333;1;14;24;1;1;1;1;1;1;1;0;1;1;0;0;100;100;0;44298;3021;11347
4214;2025;44.79836, -0.61451;5;33;53;5;16;10;5;4;1;5;0;4;4;0;0;20;100;0;25935;993;3960
4215;2025;44.79836, -0.61451;7;54;77;9;18;13;7;4;3;7;0;7;7;0;0;43;100;0;25931;993;1748
4216;2025;50.62811, 3.06622;195;6596;10668;2443;2864;416;199;121;97;199;17;87;87;0;0;49;100;20;25825;2088;4855
4217;2025;48.5772, 7.74654;185;6596;10668;2443;2864;969;185;111;9;174;12;109;109;0;0;5;94;11;25830;2416;4855
4218;2025;45.4295, 4.39125;38;6596;10668;2443;2864;363;38;11;0;36;2;22;22;0;0;0;95;9;31099;1412;4855
4219;2025;45.747, 4.8358;185;6596;10668;2443;2864;717;185;118;20;183;12;93;93;0;0;11;99;13;25826;2528;4855
4220;2025;48.1208, -1.6683;150;6596;10668;2443;2864;998;149;85;4;137;9;74;74;0;0;3;92;12;25827;1195;4855
4221;2025;48.9001, 2.06982;100;6596;10668;2443;2864;897;100;53;5;94;5;56;56;0;0;5;94;9;25828;3160;4855
4222;2025;43.6052, 1.43143;160;6596;10668;2443;2864;1141;160;103;1;144;5;82;82;0;0;1;90;6;25829;896;4855
4223;2025;43.5312, 5.4471;150;6596;10668;2443;2864;731;151;91;13;145;10;66;66;0;0;9;96;15;25824;308;4855
4224;2025;44.79836, -0.61451;275;2540;3777;12;865;522;275;195;112;269;23;274;274;0;0;41;98;8;25837;993;1589
4225;2025;43.5312, 5.4471;15;54;84;17;38;33;15;7;4;15;2;13;13;0;0;27;100;15;25831;308;792
4226;2025;50.62811, 3.06622;18;80;135;23;40;37;20;8;8;20;0;15;15;0;0;40;100;0;25832;2088;1699
4227;2025;50.62811, 3.06622;12;85;143;44;29;17;14;6;12;14;0;10;10;0;0;86;100;0;25835;2088;7909
4228;2025;43.60528, 1.43146;15;194;296;59;63;29;15;9;5;14;2;13;13;0;0;33;93;15;25836;896;8366
4229;2025;50.62811, 3.06622;8;35;58;13;10;8;8;4;8;8;0;4;4;0;0;100;100;0;25833;2088;9910
4230;2025;44.79836, -0.61451;12;79;129;15;48;24;12;7;3;12;0;11;11;0;0;25;100;0;25930;993;1695
4231;2025;44.79836, -0.61451;10;42;56;56;22;12;10;6;8;10;0;0;0;0;0;80;100;0;25934;993;3092
4232;2025;44.79836, -0.61451;12;211;298;52;34;23;12;11;6;12;2;10;10;0;0;50;100;20;25932;993;3729
4233;2025;44.79836, -0.61451;12;30;46;4;21;15;12;7;10;12;2;12;12;0;0;83;100;17;25933;993;2955
